fl_x,fl_y,camera_angle_x,camera_angle_y,k1,k2,p1,p2,cx,cy,w,h,num_frames_total,num_frames_used,sharpness_mean,sharpness_std,entropy_mean,entropy_std,edge_frac_mean,edge_frac_std,area_frac_mean,area_frac_std,num_components_mean,num_components_std,largest_comp_frac_mean,largest_comp_frac_std,bbox_aspect_ratio_mean,bbox_aspect_ratio_std,point_count,bbox_min_x,bbox_min_y,bbox_min_z,bbox_max_x,bbox_max_y,bbox_max_z,extent_x,extent_y,extent_z,volume,point_density,mean_error,std_error,median_error,mean_track_length,std_track_length,median_track_length,num_images,mean_visible_points,std_visible_points,mean_visible_ratio,std_visible_ratio,mean_camera_center_dist,std_camera_center_dist,mean_view_angle_var,std_view_angle_var,dish_id
2267.1575298265925,2263.9593410102775,,,0.004352190591173547,-0.0033996993413783648,0.0036921217851480148,0.011697140314955348,1920.0,1080.0,3840,2160,381,381,,,7.36254502757084,0.10835983162568114,0.24435235309128026,0.013374779864954616,,,,,,,,,57195,-36.04474496981086,-23.132737678506093,-50.2244870656494,63.28355959129773,32.58288397818127,54.3338257360637,99.32830456110858,55.71562165668736,104.5583128017131,578640.1568436163,0.0988438139378176,1.60010811083105,0.6222952379334075,1.6942201893380282,5.710411749278783,5.377587427377718,4.0,381,857.2362204724409,146.30449264237402,0.6428199664317421,0.07800329446360045,3.5359763786936584,0.6959221396471751,1.0708984090759557,0.35775510571390273,9641a1ed7963ce5ca734cff3e6ccea3dfa8bcb0b0a3ff78f65d32a080de2d71e
1730.282419153488,1733.7651455502669,,,-0.0022182558195533724,0.0021057189424138144,-0.00045389396970965836,0.0019848325972145926,1920.0,1080.0,3840,2160,348,348,,,7.660983700669449,0.06489776986243914,0.3855920737547893,0.014590383263934371,,,,,,,,,102552,-61.946903410397574,-38.37024458094292,-113.5597306050191,37.06045469555776,10.156559142967227,113.63663268550411,99.00735810595533,48.52680372391014,227.1963632905232,1091567.3434423932,0.09394931115893365,1.4158368316624148,0.7201241103007501,1.4811236552628102,3.7211560964193775,4.002671142474635,2.0,348,1096.5862068965516,249.13887562959775,0.5155885402257462,0.11708321624848277,3.714508902474663,0.5498306679714323,1.4426631106880337,0.7439469078270439,c37109a55effe0000f8e40652ca935376e75bcb2a0b56de8eabd20a26e2a0f68
1627.7678124300376,1631.1837142835527,,,0.004202967082012752,-0.0007995736787844979,0.00023428624909858383,2.5486834013852527e-05,1920.0,1080.0,3840,2160,355,355,,,7.592850671853864,0.10128845821965736,0.22052578899321854,0.014952213825376967,,,,,,,,,73952,-36.58178180369876,-23.048422868784794,-6.39003602705501,18.456756154587527,13.148042772605644,47.22093198544323,55.038537958286284,36.19646564139044,53.61096801249824,106803.79986185896,0.6924098215199291,1.525002941097158,0.6833676897477526,1.6260521352914323,6.282642795326699,12.966793771037532,3.0,361,1287.0193905817175,201.74126256204312,0.8003797248868026,0.06783754680442666,3.223418865282829,1.680497342999623,0.40691340241981433,0.21650855915227468,5c8dafad7d782c76ffad8c14e9e1244ce2b83aa12324c54a3cc10176964acf04
1673.2695864276682,1681.3906643078165,,,-0.0016163604018645463,2.0960640909142242e-07,-9.611931012806967e-05,0.0006757057911142167,1920.0,1080.0,3840,2160,363,363,,,7.719128070950156,0.07458075128868022,0.3245744269292249,0.019152586515481976,,,,,,,,,140187,-27.746660683182917,-23.355301102392716,-3.563011489338585,38.27338524518448,4.419816898391269,47.36294108495211,66.0200459283674,27.775118000783984,50.9259525742907,93383.661026853,1.5011940896136897,1.5629096790624142,0.6437256291740446,1.6764966563707595,7.5549444670333195,11.497374880378286,4.0,363,2917.6446280991736,549.6868759481165,0.8922351750711928,0.043814648659077075,3.2664465918473433,1.6339364578132167,0.34331026875691156,0.22199055603097148,2beaca318994c25409dcbb6d0bdd96c3620f2f18aec44ea3f20edd302f18ca78
1806.6257270959356,1806.683076372152,,,0.02405090284249398,-0.02387058812222586,-2.8833542655344495e-05,0.0030117228968527597,1920.0,1080.0,3840,2160,399,399,,,7.641102358035421,0.06957207290540103,0.37085157917943007,0.014284426908118337,,,,,,,,,128378,-200.15553540204573,-78.54648227521375,-152.29096197503662,137.241684060772,22.122576059544638,169.73199458307886,337.3972194628177,100.66905833475839,322.0229565581155,10937657.96858909,0.01173724762363914,1.5267275104422515,0.6696040015060922,1.6320674874767267,5.581945504681488,6.897419869599902,3.0,399,1795.9874686716792,263.1484469004591,0.706827219563052,0.10079969450809978,3.7297369717534643,0.48377614976968225,1.3045775405436217,0.27423390454030955,9c8c0e0fadd97abf60088f667eba058ef077a71a8c0f5a4eff2782aa97f1ceb8
1685.3628419359197,1688.6795522466214,,,-0.003912458364192046,0.0010105387841866228,-0.00032010385403282533,0.00046681998532772516,1920.0,1080.0,3840,2160,387,387,,,7.765096738650745,0.04420016464165285,0.3426307740772642,0.015473775152702882,,,,,,,,,147699,-7.537020070272082,-6.689028436648978,-22.316341217149766,39.72343538163928,5.453812792994049,52.71344399826165,47.26045545191136,12.142841229643027,75.02978521541142,43057.80855093305,3.4302488902863453,1.55032573838721,0.6428102090233079,1.6563378952582464,6.288410889714893,7.42799670556748,4.0,387,2399.9793281653747,426.323601887303,0.8626851845446248,0.0421975433073401,3.188301922711953,1.6423465262654224,0.4589941903239297,0.3047244422490333,b6d1134cb03c855d246f916beaa2d3d01290cf47937a5176011ff39b850ec615
1739.9175931929483,1726.5921585281344,,,0.026483422536882014,-0.024592585717226,-0.001345218429294032,0.0001303136002272014,1920.0,1080.0,3840,2160,347,347,,,7.6498417556772935,0.04827458403183103,0.3847589068114704,0.009625790725315015,,,,,,,,,106840,-77.95775768480942,-34.51856382316855,-72.39343497760407,78.0478628478996,15.254762901989414,53.47529987751177,156.00562053270903,49.773326725157965,125.86873485511585,977360.4957576556,0.10931483363994265,1.5022042661059627,0.6876346664381862,1.5999008298920034,4.677405466117559,4.843027789042331,3.0,347,1440.1556195965418,200.30863503497017,0.6731627047590681,0.06021665860985138,3.72984182310461,0.4291461539331249,1.3791749731042664,0.7923089487259266,1264931635e127fb905c8953cbc2deadd0c763e633af7fbd9405a61ca849710c
1632.027582887298,1636.8355966919355,,,0.003692235297098676,-0.00022483338118634946,-0.00022266148265796156,0.0004891782897623473,1920.0,1080.0,3840,2160,410,410,,,7.595801263930614,0.10547981763366587,0.3728342602002409,0.010213266270206385,,,,,,,,,175049,-29.488919443286154,-13.722140149171548,-23.557049713418433,23.104133285527702,12.92944343041549,24.75105498289409,52.59305272881386,26.65158357958704,48.308104696312526,67712.89744322129,2.5851648151193403,1.4219750240283386,0.710483812146547,1.491315942633181,3.7347142800015996,3.538076378482825,3.0,410,1594.5317073170731,326.46839793202736,0.5819018054510576,0.1310178476142462,3.731200768157058,0.41669090055213076,1.3706898507758918,0.45864463480306483,073f5a9b983ced6fb28b23051260558b165f328a16b2d33fe20585b7ee4ad561
1632.2628604734323,1632.1023574177855,,,0.0037632247995117323,-3.282339353669735e-05,-0.0001281861238782806,0.00033247673256183943,1920.0,1080.0,3840,2160,347,347,,,7.576958292602732,0.09405367414961366,0.3518176243907212,0.014239662343605148,,,,,,,,,230202,-23.221411470517904,-10.98225256075444,-21.990908231036347,22.889840212871835,3.160773099484067,22.89974169686009,46.11125168338974,14.143025660238507,44.89064992789643,29275.55477471687,7.863283950431177,1.4467977805972148,0.7026580897806399,1.5184610960202745,3.7340813720124064,3.0302704129263685,3.0,347,2477.21325648415,377.2965269109674,0.6055919094288387,0.09192267971561476,3.4516740611511154,0.823519905572999,1.3704769404967077,0.7102938010715435,dafa9c7cbda9d1ddaa8a2b51fc8c54f4eb44161f5e5c53685dc744580ca77751
1731.1675833507393,1730.223551992177,,,0.032086475499445245,-0.02967354246416647,5.893957425090334e-05,-1.0837603283060963e-05,1920.0,1080.0,3840,2160,326,326,,,7.633586734199277,0.0688440136008019,0.28798590992577444,0.010865506740224223,,,,,,,,,70170,-61.03252725099889,-15.970309151679798,-3.6783351986277535,31.025279184280603,7.654632174950039,56.88135253130785,92.05780643527949,23.624941326629838,60.559687729935604,131708.8591521325,0.532765984397063,1.6844217594667898,0.5757312627630463,1.7918565034406702,9.019352999857489,12.643745369685309,5.0,326,1941.3742331288342,280.30010398343336,0.7898727021258147,0.06818379457111061,3.2126888749148788,1.6290850262413386,0.35738232259479347,0.19057140165163464,cc08c0bdc34ddd2867705d0b17a86ec2a9d7c7926ce99070ed1fdc66a812de07
1626.7990342489966,1636.2890434901287,,,0.0036350269750738684,-0.0002951248469653391,0.00020754420097408047,0.0002593105939690009,1920.0,1080.0,3840,2160,307,307,,,7.668263402929707,0.05786654810689886,0.34715832604455704,0.011174566261626197,,,,,,,,,183509,-26.42430453366953,-8.815187781892382,-10.440349019580374,31.87807955980624,3.427984443146711,24.535222152089496,58.302384093475766,12.243172225039093,34.97557117166987,24965.777088137453,7.350422113926297,1.5220618654357982,0.6741876168623323,1.614489607590429,5.113678348200906,6.532112059215638,3.0,307,3056.697068403909,434.13657928148956,0.7822593544136062,0.08786133769908379,3.489069110210954,1.4681641857785415,0.4825855156061758,0.21041619782985044,0569e83fdc248a51fc0ab082ce5e2baff15755c53c207f545e6d02d91f01d166
2290.3685074418986,2304.193479260625,,,-0.002884517676874053,0.005125490811353872,0.0011319857014233077,0.012250151123994297,1920.0,1080.0,3840,2160,348,348,,,7.6899447644446735,0.030440547170933623,0.34096129115226337,0.010370737422230462,,,,,,,,,97531,-110.43021280789077,-36.205469684461136,-1.0084830060966654,93.47758113800177,23.70235068992859,126.4910698395833,203.90779394589254,59.90782037438973,127.49955284567997,1557492.653022417,0.06262052011014926,1.6928107065139935,0.5876929611687158,1.7916871086706636,7.363863797151675,7.345849269307837,5.0,348,2063.807471264368,318.28307405756993,0.6791664950846731,0.07744706827965019,3.500343820060518,1.2961578779231,0.5050919270055997,0.25617662513379386,56452d9cd9e2e034764132a57058517ab085e1352f9664d2d1e10e98741334fc
1631.3667169435175,1635.5957562989586,,,0.004077892897532992,-0.00024447471336275185,-0.00014315701200665921,-0.00010485084353697486,1920.0,1080.0,3840,2160,324,324,,,7.495146973567611,0.1324711069242579,0.33140811352118577,0.010735958360853396,,,,,,,,,181414,-9.77491284327474,-7.544594644159391,-7.992092531797423,13.30209966976836,4.066397665716548,15.801927592350989,23.0770125130431,11.61099230987594,23.79402012414841,6375.536662924281,28.454702653500302,1.5737029901588164,0.6317517253356241,1.67322180809829,5.671629532450638,6.598442104539598,4.0,324,3175.6574074074074,319.2254368685173,0.7753163278838735,0.07793567883600716,3.5497041420840767,1.2890348492864128,0.6180480793037708,0.2722466045220807,d4fbeba0168af8fddb2fc695881787aedcd62f477c7dcec9ebca7b8594bbd95b
1628.6438439679473,1638.9491374942602,,,0.0030678999141495558,1.4997987297837495e-05,-0.00010954889612181274,0.000255511044219091,1920.0,1080.0,3840,2160,331,331,,,7.710452897088393,0.06651961887445886,0.35248071570437506,0.011594133787606913,,,,,,,,,189511,-21.950203497167273,-13.007357811917801,-14.528976551250343,25.11991205603556,4.618063385721913,24.76453484115894,47.07011555320283,17.625421197639714,39.293511392409286,32599.09992166873,5.81338136498767,1.5474154023269657,0.6679414779773266,1.6420142079663793,5.499416920389845,7.367003624485568,3.0,331,3148.640483383686,305.60095922052255,0.8167341529801848,0.0543882595148429,3.537977492266691,1.534547854129143,0.4905007635383355,0.23375301400046813,f71ac346cd0fc4652a89afb37044887ec3907d37d01d1ceb0ad28e1a780d8e03
1631.642900866993,1628.765505379878,,,0.0035188146667760947,-0.00042083785315990364,-0.0003539125834690656,0.00021919744912535753,1920.0,1080.0,3840,2160,306,306,,,7.662345373993865,0.16413521046546503,0.2958770450052449,0.014355434565034478,,,,,,,,,103123,-125.26600824734965,-44.78064846044599,-5.334281319579499,80.71752073686383,13.448915480827333,135.97558020386015,205.98352898421348,58.22956394127332,141.30986152343965,1694917.2628273475,0.060842497897494484,1.5422696457780862,0.6633147476190011,1.646958181362062,5.917903862377937,7.839224377821669,3.0,306,1994.3529411764705,289.44445256180063,0.7131513646874816,0.08048556601300776,3.247121898017997,1.829060534266199,0.47670003739930294,0.28123694222924106,cd9c981eeb4a9091547af19181b382698e9d9eee0a838c7c9783a8a268af6aee
1633.210836156618,1633.544018232354,,,0.0035180222923059195,-0.0001936016232679521,-0.00021252579729574345,0.0001470560645291843,1920.0,1080.0,3840,2160,309,309,,,7.767034033888896,0.052091511476540564,0.34568275175796076,0.010782360077549558,,,,,,,,,158106,-23.672422042432263,-10.755221097522412,-17.08868911595167,12.382634642562039,3.8937488937314293,24.525266038152274,36.0550566849943,14.648969991253841,41.61395515410395,21979.21953189161,7.193431039286446,1.5807466199302511,0.6424336811034603,1.6869625073427874,6.468590692320342,9.193221187892085,4.0,309,3309.7831715210355,240.84367939496474,0.8598086460586146,0.04321307137147382,3.4788855032823913,1.5899704569798243,0.5875537702541624,0.20788234933867258,e78f8cebd2bd93d960bfaeac18fac0bb2524f15c44288903cd20b73e599e8a81
1631.549952077328,1632.635969931292,,,0.0034931160164017247,-0.0002941629703722428,-0.00022580190279121847,-2.7544813512717774e-05,1920.0,1080.0,3840,2160,354,354,,,7.764291181366645,0.046433664457292564,0.3344576369271814,0.012127356926964029,,,,,,,,,196178,-55.67679621805362,-75.3723998514982,-38.30539665407456,166.1875905699948,9.209205873741345,58.580040024832506,221.86438678804842,84.58160572523954,96.88543667890707,1818117.815776269,0.10790169828253911,1.5412457512590663,0.6541321131674738,1.6467968125062193,5.9609334380001835,7.9869369646084305,3.0,354,3303.401129943503,224.04144239030364,0.8066765020980958,0.05450347940707589,3.72118850297053,0.9698962048238194,1.3656880652296737,0.7670316607375192,493816813d2d6d248eb3c2b0b77b63e54235266e9a06e270fd0d282f13960493
1857.155222763291,1852.3990301971367,,,0.028365928029115337,-0.026957086355385466,-0.0001835197064071588,0.00299271196091548,1920.0,1080.0,3840,2160,348,348,,,7.632825227802436,0.12589208518530154,0.31570172258585216,0.017096945867804008,,,,,,,,,100357,-98.25797458859557,-64.83243478905871,-186.20788349387175,141.3283317590322,13.591958031476107,90.10191740085581,239.58630634762778,78.42439282053482,276.3098008947276,5191698.302762296,0.0193302834925142,1.603628623971346,0.6126576331680995,1.71823236777594,7.5035523182239405,9.482132573625627,4.0,353,2133.2407932011333,346.3191331974517,0.789812657483759,0.06614749624996293,3.4174007959542054,1.0188192612853906,1.3915041473876566,0.8657700487847727,15ff83e2531668d27c92091c97d31401ce323e24ee7c844cb32d5109ab9335f7
1745.0568572251473,1745.4565659408015,,,0.029434065181677876,-0.028134703066122122,0.00023397583677030537,0.001738053250982871,1920.0,1080.0,3840,2160,407,407,,,7.677353288918701,0.10146680887446102,0.3202739766281433,0.02055053617655641,,,,,,,,,123325,-110.4952715014173,-75.08346302195218,-59.802662990941144,51.77921501906753,5.590497868727164,117.2265169722319,162.27448652048483,80.67396089067935,177.02917996317305,2317546.6319005187,0.05321360023675837,1.4686049781734263,0.6976604343890161,1.5524350946887568,4.273415771335901,4.471716819801046,3.0,407,1294.8869778869778,374.1127646717971,0.5236345909128854,0.15836689410805685,3.060235117754341,1.726202820333288,0.6906185354045941,0.39806775880748735,d9b6376623741313bf6da6bf4cdb9828be614a2ce9390ceb3f31cd535d661a75
1632.1339772909673,1632.2519815367782,,,0.0038418997149381657,-0.0005316012293693028,-0.0004729638005516765,0.00037112599017830045,1920.0,1080.0,3840,2160,367,367,,,7.553900271719899,0.11991873781781216,0.2807495448161604,0.018155683718489437,,,,,,,,,83046,-20.151387345686025,-33.24796029780023,-8.839612170354192,60.22560962433116,18.275574800588565,50.40240617027865,80.37699697001719,51.5235350983888,59.242018340632846,245339.38669889615,0.3384943653662995,1.5788941312399112,0.6457508049002588,1.6932322687733898,8.163993449413578,15.245491540814031,4.0,367,1847.3760217983652,261.8804774952989,0.8120651014736275,0.07751299123922216,3.2286790311380993,1.7343916420312115,0.44547790999566633,0.18829761042104592,b3bf9079b442c681749f6bd95cfb0659c6d844f2228b2f4fa4b602a0e3627b9a
1901.5142130449287,1896.3360826973062,,,0.048379333218735596,-0.04405828571253811,7.532213648471109e-05,0.0021586498971851555,1920.0,1080.0,3840,2160,396,396,,,7.613221194223119,0.13284703693226235,0.323345146098329,0.020768346221003795,,,,,,,,,167507,-22.404301640452314,-20.612041009341016,-19.057180368168826,44.015616930022865,8.912063030533357,41.59198480405478,66.41991857047518,29.524104039874373,60.649165172223604,118932.32066496718,1.4084228665802956,1.5684347493747084,0.6460136177482667,1.6853406567233566,7.0891903024948215,10.029276366268075,4.0,406,2924.849753694581,595.7731819430944,0.8137960860465661,0.0727303959348188,3.201328669705558,1.4294097923047109,0.7994361698297586,0.5508842743789248,286239bd0d4436b747987c40f8cbfc0675bb69435d4ab19a3f73b9d816d0c09a
1745.1761884875248,1740.4900402139638,,,0.030969730825474637,-0.028096038686110776,0.000424163706880924,0.0018951033350345294,1920.0,1080.0,3840,2160,410,410,,,7.53297748423383,0.10467644601441194,0.3281957900481783,0.026131123849721695,,,,,,,,,72879,-121.30816594518394,-112.74018919731058,-144.48889519129335,106.52546009721199,7.837475304345358,127.78871832433971,227.83362604239593,120.57766450165595,272.27761351563305,7479914.354664443,0.009743293378025507,1.6335411998551652,0.6086005471749072,1.7452881939367342,8.156382497015601,12.520981010793582,4.0,410,1449.8268292682926,424.63638018633236,0.6960075755537147,0.10336706308911744,3.307793530007708,1.1515600073388106,1.2587874521262654,0.8277396526604962,0bfdd020cf475b9c68e4b469d1d1a2d0cad303eefe8b78fb2307855afdaac8be
1735.2451062766238,1728.8841541075906,,,0.04455476509283006,-0.03479440443595251,-0.0014276786350294114,0.0008562599062562598,1920.0,1080.0,3840,2160,327,327,,,7.455472542650165,0.10864492858020008,0.21402407902933515,0.02193627415414385,,,,,,,,,27759,-42.076882869916936,-18.329820874072755,-38.4891467593273,38.827008078559366,7.398897908401489,43.90978029957908,80.9038909484763,25.728718782474246,82.39892705890638,171517.77160615165,0.1618432873751515,1.633369447064825,0.5984930989122779,1.743890122019283,9.018048200583594,12.780615756711407,5.0,327,765.5412844036697,122.6217324710073,0.8402217320326578,0.09075410509722585,3.506696923107951,1.2102607742012823,0.5981085536374022,0.27412755290458224,b92b499c9bf92327d5f3a44c9db49bde3400dcb1cfec48d6488831e2b304d0bb
1683.6119367322106,1686.305084157891,,,-0.0026658426311535945,0.00048759143499156447,0.00010207250810249584,0.0008752283200711153,1920.0,1080.0,3840,2160,337,337,,,7.632549084533443,0.07472036978515229,0.2725070692292193,0.028475669008615825,,,,,,,,,96645,-98.49203708760459,-140.67905983549707,-6.607305360490368,81.37458730146241,33.11058486438604,309.878698321595,179.866624389067,173.78964469988313,316.48600368208537,9893022.299794754,0.009769006585783705,1.5329694734657786,0.6599975329305431,1.6444109579296233,6.405815096487144,9.588432644631663,3.0,337,1837.0623145400593,632.9131734587847,0.7614929862964822,0.07697728547294859,3.12470285634254,1.8294381813461638,0.4494621335722984,0.21146236636280594,341b4ff3dfd3d377d7167bd81f443bedafbff003bf04881b99760fc0aeb69510
1712.1684811135779,1712.3118769104021,,,-0.0020187827468777686,-0.0005513051577243372,-7.765402425676278e-05,0.0015819601500178982,1920.0,1080.0,3840,2160,309,309,,,7.682318253819102,0.034513493259235514,0.3077446349734308,0.008780707253464037,,,,,,,,,112146,-102.2043624326697,-22.99682053621551,-131.32178717007898,111.47384155223324,29.991821464614876,76.23001069515836,213.67820398490295,52.98864200083038,207.55179786523735,2350008.937028776,0.047721520643147566,1.5500688608275026,0.6499364481168064,1.657775795935914,5.8670661459169295,6.692439141233707,4.0,309,2129.346278317152,366.00748019758106,0.813928646901455,0.043837548700151864,3.790633769333918,0.5772969363128105,1.2705994380731227,0.03989441904367441,3b7529dcccf7097cba31a989536035595e214b0f3775867fd3a62eb186870090
1872.0180848284278,1870.9091412534128,,,0.036653684700541,-0.032552435376481385,8.36507138784534e-05,0.0017390916909579828,1920.0,1080.0,3840,2160,370,370,,,7.406458254622399,0.06519208491609314,0.23794707728561895,0.017932882506747662,,,,,,,,,91621,-8.805179301984461,-4.376630851589591,-2.834891944889361,6.035399177783628,4.5234664432306415,13.46300533862396,14.840578479768089,8.900097294820233,16.297897283513322,2152.668523571423,42.56159227338659,1.5719617727077384,0.6319646689126216,1.6813374732045678,6.052346077864245,7.381892907183101,4.0,370,1498.708108108108,381.4764293511131,0.7756263608992431,0.10434429631164448,3.4196001876281588,1.1902713716976705,0.42733394515396206,0.2735463218814821,90cb7ef95384138c2370f13a9ae1698fb1b5bdd68e8b3d01f8e53d38933a4b92
1947.3801514541738,1945.9863940716214,,,0.03280843214437759,-0.030815121452165743,-0.00036788930643354915,0.0018034848164592565,1920.0,1080.0,3840,2160,407,407,,,7.564945039471146,0.1054464742016687,0.25491634627051296,0.03892436293885416,,,,,,,,,79799,-180.3470740500521,-21.970600981114053,-41.021176452604585,31.179839092880673,14.247958931635653,57.37392242089622,211.52691314293278,36.218559912749704,98.39509887350081,753824.5488885071,0.1058588502028242,1.5425003893836868,0.6561709581661805,1.647466418533838,5.839810022681989,7.7390080378943535,3.0,407,1144.990171990172,388.31647583780904,0.7545001635976171,0.11360652625616319,3.294723298982479,1.4005301573511815,0.8188087072812218,0.3971936897264989,14eb48a50e37df548894ab6d8cd628a21dae14bbe6c462e894616fc5962e6c49
1712.5932872767607,1714.840407860924,,,0.0007241597217328966,-1.8570091180004523e-06,6.467550762044795e-05,-0.0005357784148717406,1920.0,1080.0,3840,2160,314,314,,,7.576868499311737,0.05416736018527294,0.3157350642840292,0.015919276416911963,,,,,,,,,70909,-20.739545625128642,-26.4931843581788,-13.669511209996873,56.02634901141475,4.954392418077403,34.76067300941877,76.7658946365434,31.447576776256206,48.43018421941564,116915.37384972976,0.6064985096924779,1.6163734682572715,0.6159493318273924,1.7273248174253906,9.243495183968184,17.77695043046618,4.0,314,2087.4108280254777,229.74139437723707,0.8862815580037086,0.047000895897024136,3.029566515817664,2.076440115673593,0.4737460340845927,0.2719498289909798,946f49be73928469000baa5ca04d2573137c5ee6a66362bcf8d130354dca8924
1746.540089919792,1740.6987736012993,,,0.020213615117252,-0.020328184247088422,-0.0004884849766747238,0.002412376173048026,1920.0,1080.0,3840,2160,319,319,,,7.4768143031921,0.05560223994838596,0.30103918132474167,0.028376456545189253,,,,,,,,,48676,-46.47127038424604,-57.066648865157205,-14.206075483360653,69.94274442401058,20.580166775591714,125.97818312894081,116.41401480825662,77.64681564074891,140.18425861230148,1267150.4027251948,0.03841375096067132,1.6587721356981022,0.6034737169829406,1.7736210594350754,10.377064672528556,16.129639915864242,5.0,319,1583.4294670846396,320.6260048619885,0.7813795446826499,0.10780555872075935,3.300751185707642,1.5694405282075314,0.44329720356300073,0.24364889868934184,032dee9fb0a8bc1b90871dc5fe950080d0bcd3caf166447f44e60ca50ac04ec7
1851.6718750177683,1851.7167861924027,,,0.02793428264077277,-0.02615649889015329,-0.00024105804784966975,0.0018930395737543856,1920.0,1080.0,3840,2160,319,319,,,7.536109602177212,0.12115588733240731,0.30543294535392235,0.011893984854070727,,,,,,,,,114977,-257.06699268512915,-53.35107061580483,-86.11238840571917,39.847391956670705,29.4457545074904,132.7066349661452,296.91438464179987,82.79682512329524,218.81902337186438,5379352.4242960885,0.02137376229166566,1.519368616137264,0.675324720962533,1.6180096422803831,5.11816276298738,5.930193549300712,3.0,319,1844.7366771159875,330.45915563813827,0.6665796079457282,0.0884837086504135,3.3571686851160183,1.4286507423231705,0.8040766611406294,0.42310812587294255,d1b3a0b37acc72207295b05e8c359f8b43bf879eb882c60747cfc6d3c7d8efa3
1726.526571698851,1726.2817104931864,,,-0.0003235375233784314,0.0009315210682164604,-0.00029615123851902124,0.0006484240581341153,1920.0,1080.0,3840,2160,325,325,,,7.5978724385943694,0.040427784398475455,0.27468160612535614,0.018523694707491094,,,,,,,,,83884,-22.003351943026455,-21.164051905651323,-2.5773673166690805,27.35313575877035,18.443772643618647,62.210272745953695,49.35648770179681,39.60782454926997,64.78764006262277,126653.55874095122,0.6623106435688141,1.6487074128549066,0.6059734333916453,1.7494283217800906,7.896666825616327,10.872995197196234,4.0,325,2038.1661538461537,289.7523984247575,0.8717568881734192,0.034862004795696636,3.5489651807000895,1.2436949698014907,0.429737084974646,0.2297098156987246,d9f4c746e6fa456323601b8ca05357c5585d34663c765107d901b4fd929d784b
1749.1154432293952,1743.6665666983567,,,0.02178467154310687,-0.02199802557435084,-2.5216498826294887e-05,0.0029177071540081286,1920.0,1080.0,3840,2160,338,338,,,7.4631952527137795,0.11083295362969708,0.2733850856527138,0.009418190544430606,,,,,,,,,91598,-61.876112697151,-28.757295844451654,-6.15854683786883,44.23938989032044,3.6639502468361944,77.32654816945279,106.11550258747144,32.42124609128785,83.48509500732162,287221.85567187535,0.3189102715938244,1.6136026468078204,0.6291233131321446,1.716294407132466,7.312670582327125,9.72756200210935,4.0,338,1981.7337278106509,225.27260301059363,0.8652079680491769,0.048711151224924656,3.3588531308182765,1.6592727885685903,0.45979891534401907,0.2346210104508726,374ffd0c5ff8e544f588f1da3ce0d5b69dc39ff3af95d7ccec480fe5e533c45e
1855.9818706642595,1852.7137978697817,,,0.031283339366155814,-0.029720545153779778,-0.0001382865268674149,0.0021383146548130433,1920.0,1080.0,3840,2160,414,414,,,7.683939219729279,0.1344065159654201,0.27871559462038525,0.02584146404068061,,,,,,,,,144143,-83.93408264091109,-24.472619254163668,-11.045300492826467,52.80722945914949,56.6609313079456,225.68950221225126,136.74131210006058,81.13355056210926,236.73480270507773,2626408.853217411,0.05488216346187744,1.4993043389262442,0.6755854280162811,1.5943428130106259,4.905912878183471,6.136152941744867,3.0,414,1708.0990338164252,533.1298093090892,0.596070557368414,0.1315090180812646,3.5182922525082727,1.5926671649842965,0.6682254505940515,0.3293910701603889,3b16a10ec9b4ab71580958b634485a979ffd6df0d368dbbf6fc1c5ffacf46b7a
1748.2617484692819,1747.477077323076,,,0.023658315143541244,-0.021432734814434938,-0.0008964738655527551,0.0025910238489662346,1920.0,1080.0,3840,2160,308,308,,,7.69128821070981,0.04013066611202822,0.2798260193702902,0.007522803601259883,,,,,,,,,75612,-27.670036534076814,-13.746937559447924,-1.5858599872436447,12.069826115974745,9.55947328199942,72.14221236242665,39.73986265005156,23.306410841447345,73.7280723496703,68286.46622208189,1.107276510020213,1.6123854310627217,0.6243158775915291,1.712820915845686,7.43412421308787,12.030783924835262,4.0,308,1825.0292207792209,249.7512576636755,0.8517365894180531,0.05406190478613864,3.4986283886375933,1.4594002770543635,0.2942326150508614,0.18562921774797478,5c3af581028068a3c402c7cbe16ecf9471ddf2897c34ab634b7b1b6cf81aba00
1748.4656458934253,1736.8357486382547,,,0.025637094907080334,-0.024027701068360635,-0.0008449496566181435,0.002803591832340977,1920.0,1080.0,3840,2160,352,352,,,7.342432420247656,0.13319451137364893,0.28509328309133,0.007351958602695451,,,,,,,,,46239,-136.55403187699315,-73.70939953710766,-2.214328384112844,73.70991007410655,70.15176757608884,341.344882995454,210.2639419510997,143.8611671131965,343.5592113795668,10392259.401357424,0.004449369305962505,1.7175993511938688,0.5802002003406319,1.83439929429561,13.148921905750557,20.669613203021505,6.0,352,1727.252840909091,158.4361831768757,0.6753488102010438,0.05707429258451793,3.1927592322104346,1.6960688524009404,0.2809749889627415,0.11790274306747109,513e4ea2e8477b06f2b32417d5c243aec71d491cb0596a60e9fe304c635f20a1
1739.788539476045,1735.487126885202,,,0.031730745825104406,-0.027866521557591582,-0.00043881960318230636,-0.00024488269455128994,1920.0,1080.0,3840,2160,335,335,,,7.577441306068895,0.06511043108308266,0.3393040641698913,0.02303821580914124,,,,,,,,,79513,-45.522429274628394,-19.705437152302054,-18.74002816634063,25.326204995022607,15.184752843468567,39.7922895728552,70.848634269651,34.89018999577062,58.53231773919583,144687.34211117247,0.5495504917002699,1.5459402195916265,0.6618160551776191,1.6527847675706415,5.588570422446644,7.237174815982531,3.0,335,1326.4597014925373,277.58666365428445,0.6924051042493662,0.05411309103556257,3.164985529066937,1.7387830132627426,0.6658964202559967,0.3551501269387499,165f5af8bfe32f70595a1c9393a6e442acf7af019998275144f605b89a306557
1729.3631533485998,1732.8840977765192,,,-0.0017223282548634816,0.001442748136107835,-0.00035224939197174397,0.0010733494998866756,1920.0,1080.0,3840,2160,327,327,,,7.8166236319348865,0.03390734045339738,0.3413959383376751,0.013919442211713368,,,,,,,,,110573,-44.045800358260784,-39.23700972040972,-0.4330521236057971,44.02236535017892,5.77028320428248,83.5760278544264,88.06816570843971,45.0072929246922,84.00907997803219,332987.6078332135,0.3320634083637842,1.5613697176982546,0.6681536668683694,1.6567758101164614,6.026742513995279,8.999907010366195,3.0,327,2037.9051987767584,139.4906205254064,0.8046575452090337,0.057804420925140064,3.2304821454360324,1.6286235148547654,0.2768109975707721,0.15527858654835613,2385549d398bdfb55ed17b547c9846f0d01d571b4e050f90df707b577084fb55
1744.4928877699322,1731.6055179468058,,,0.028028412309293673,-0.024783627750370827,-2.7616567656367368e-05,0.0022168189577049867,1920.0,1080.0,3840,2160,402,402,,,7.675523496745081,0.06038722876210603,0.28694035129138257,0.03277682676316144,,,,,,,,,95807,-41.78931998789163,-30.72986008440983,-33.69007395654433,40.49361799174507,2.6296398774499274,56.98030893642103,82.2829379796367,33.359499961859754,90.67038289296536,248882.73582155447,0.3849483560349976,1.4811077468594271,0.6734829711749247,1.5770730711068717,4.978268811255963,5.652812660731805,3.0,402,1186.4502487562188,260.1628245657088,0.6305171273797711,0.08776987666651248,3.5378441218111027,0.8111734355030514,1.4589303037489565,0.446383022297344,6d221625614d0515fa44d59a8797a49b64f86bc775e66be22f07a66aa0a0cb3a
1719.0562121829116,1719.1531535752526,,,0.0017854416598037217,0.001114947357089508,-0.0004342443383297499,-0.0011865966547325963,1920.0,1080.0,3840,2160,345,345,,,7.62019940561609,0.0834071329601373,0.20948303587403827,0.017885673402300593,,,,,,,,,51957,-33.77987339886741,-9.350855960602209,-11.027751981562451,11.0786493085005,5.672354601344242,29.013611835022935,44.85852270736791,15.02321056194645,40.04136381658539,26984.637148464226,1.9254288917854514,1.5389940785899756,0.6584364410061039,1.6401095326029809,5.219662413149335,5.715728609050603,3.0,345,786.0811594202899,136.35143986140716,0.7450035275112928,0.08769856074646243,3.6086209409303,1.318847437346937,0.6771305946293996,0.30515415145639224,63798f5c6fbfcb4eb686268248b8ecbc8d87d920b2bcce967eeaedfd3b3b6d82
1744.4928877699322,1731.6055179468058,,,0.028028412309293673,-0.024783627750370827,-2.7616567656367368e-05,0.0022168189577049867,1920.0,1080.0,3840,2160,402,402,,,7.675523496745081,0.06038722876210603,0.28694035129138257,0.03277682676316144,,,,,,,,,95807,-41.78931998789163,-30.72986008440983,-33.69007395654433,40.49361799174507,2.6296398774499274,56.98030893642103,82.2829379796367,33.359499961859754,90.67038289296536,248882.73582155447,0.3849483560349976,1.4811077468594271,0.6734829711749247,1.5770730711068717,4.978268811255963,5.652812660731805,3.0,402,1186.4502487562188,260.1628245657088,0.6305171273797711,0.08776987666651248,3.5378441218111027,0.8111734355030514,1.4589303037489565,0.446383022297344,6d221625614d0515fa44d59a8797a49b64f86bc775e66be22f07a66aa0a0cb3a
1713.434371247157,1716.0734159691601,,,-0.003913231075139116,0.0029383156484254066,-1.905286284045464e-05,-0.0006519528028218301,1920.0,1080.0,3840,2160,410,410,,,7.448511280623608,0.23338680712644452,0.19952528417645285,0.02088661744457737,,,,,,,,,43530,-22.15907460003329,-7.872959525666444,-15.443567746528124,37.989758960318284,25.98905375604875,72.67224856551005,60.14883356035158,33.86201328171519,88.11581631203816,179470.82298052745,0.24254638875046,1.596544583914842,0.6109407114371048,1.702690214024415,6.432644153457385,7.587257948439142,4.0,410,682.9585365853659,201.63765070845344,0.7554633885298871,0.08075542831307986,3.160028185960343,1.3811073528139959,1.3198178931871996,0.9046928191952767,9e9a89ae6fed06d6e2f4749b4b0059f35ca97f848cedc4a14345999e746f7884
1713.7347758084875,1723.5202284503157,,,-0.0004478110827355803,0.0002579216155985695,-0.0010881684728346326,4.4894705881219e-06,1920.0,1080.0,3840,2160,329,329,,,7.759388844553646,0.061800163961418776,0.3389051828867875,0.009744213422886025,,,,,,,,,135566,-11.216413696165104,-14.027910485027528,-13.702364433349352,18.611417593295055,5.770798550402992,25.185158656031334,29.827831289460157,19.79870903543052,38.887523089380686,22965.12603475554,5.903124580933443,1.4826093485042509,0.691420707022044,1.5704426239307354,4.229172506380656,4.404933029603524,3.0,329,1742.6504559270518,233.60664209151977,0.6060493928046006,0.05579395351722741,3.2442791864928218,1.664335896627158,0.7668136585453039,0.30502193452674137,af0d7039e64af3959210c235e59425896ac064f4e0f721c437bbd2cf1d8ea910
1706.8060476121286,1709.17266863852,,,-0.00391109804205612,0.0023946453378823657,0.0001330429485057314,0.000968121902643538,1920.0,1080.0,3840,2160,319,319,,,6.774580709415958,0.14230325730443663,0.16468223905723905,0.010407660937420201,,,,,,,,,42411,-85.06332688859338,-15.31845246870555,-59.8069252522188,96.2144833855907,30.31135747129841,49.721790775045186,181.27781027418408,45.62980994000396,109.52871602726398,905985.616751555,0.04681200144442272,1.4559461407013856,0.6961333483784297,1.5469174356393958,4.656975784584188,6.007928402570522,3.0,319,619.1442006269592,106.63598419236577,0.7409685297309893,0.05187066049428876,3.5929170794745704,0.7918629809413816,1.3945166784975354,0.3271415358147202,6e11e7f4fea305c7c4658d2c1f8df29e6f299330860cf48ffbf1c5ff8b96c0a8
1712.38250624499,1715.388414644791,,,-0.004063213830922327,0.0025921116019522253,-0.0001355598326766793,-0.0006510020788756317,1920.0,1080.0,3840,2160,411,411,,,7.554939231647095,0.14421672146502176,0.21326700534679038,0.020243884893569423,,,,,,,,,42568,-7.692663129355692,-7.8860526083546345,-15.416440586258794,79.25159960506097,11.75222008118476,37.90684187755965,86.94426273441667,19.638272689539395,53.323282463818444,91046.04627856876,0.4675436412664966,1.5736486901327114,0.6202334626240374,1.681225946718732,6.075549708701372,6.9836793795666,4.0,411,629.2554744525547,165.8199282396939,0.7565844044711804,0.07494805564188699,3.5797916877783296,1.2912274363902452,1.3213767951331268,0.5826432863546754,389a460ca1995e0658e85fe8e6b520b4e88b370cd6710dfe728b1564bba31aee
1738.7833770584764,1740.217446390393,,,0.023700462939613726,-0.023350270905999046,0.0007060198107343617,0.0014027610889405548,1920.0,1080.0,3840,2160,336,336,,,7.546590442609034,0.08996605534846815,0.23606241503159908,0.0192613895801933,,,,,,,,,68999,-62.06232944422132,-16.63016299196401,-5.3743893493477515,18.99468524231723,7.2339965120193,48.49081274215851,81.05701468653855,23.86415950398331,53.86520209150626,104194.55913042664,0.6622130807581783,1.5615731243880142,0.666837191595269,1.6627850289862651,5.760300873925709,7.7550607666550455,3.0,336,1182.9017857142858,171.97343509322482,0.8118237108517754,0.039636285564034736,3.2554434901060922,1.3977264092053694,0.4382681531981854,0.20870173220903654,adf35184a12d4cfa3f4248b87aa5adb4f39f179df460d6d76136e13d37299a2a
2511.3351993011947,2507.234363540707,,,0.0018593888796495238,-0.04017820512641931,-0.00034820518243420433,0.0007408320283922187,1920.0,1080.0,3840,2160,309,309,,,7.202892780824457,0.19342166520285722,0.21580232555235926,0.023192705884590447,,,,,,,,,45485,-20.98916904809887,-6.488071247998612,-4.113655828411997,5.732360115311848,7.717695101481478,21.988630316318794,26.721529163410718,14.20576634948009,26.10228614473079,9908.422594763739,4.590538964702339,1.578851617631294,0.6582753250011295,1.6873514495036666,6.902385401780807,11.22638872022382,3.0,309,1016.0355987055016,212.56504512526882,0.8099174774156652,0.07514671585466487,3.6235695279466467,1.2054882645009892,0.5462057761774352,0.26332710530140063,f477ffc4b398bed8e0d921f0fba9825ca63f317381c535c84be23be991ae1d7a
1727.509517679989,1730.258033721065,,,-0.0018991120307214379,0.0019918658549785114,-0.0001779424184520323,0.0011179134252149601,1920.0,1080.0,3840,2160,304,304,,,7.491627594490961,0.04325788165599633,0.24117370248538014,0.012514877361216063,,,,,,,,,60581,-16.715892065262057,-10.404183223892495,-9.080223278092037,9.067359863717758,4.682148583562254,18.279947333084376,25.783251928979816,15.08633180745475,27.360170611176414,10642.413982399623,5.692411524320383,1.639627058069072,0.5963409796048642,1.7533982295969066,9.55948234595005,14.625945205165046,5.0,304,1905.0098684210527,225.56572862234648,0.9018562289751251,0.02901244167602078,3.2469741989044056,1.669502892459315,0.7285620825428613,0.3466065073763617,2cbfe28643b6636f9c70813cae7625aa858a352109493ac70fb429ce94dd55b3
1739.4939510262855,1730.9186898368807,,,0.032219862364753556,-0.028595888049182557,0.0005944258432706843,0.0034125040843838196,1920.0,1080.0,3840,2160,318,318,,,7.51212446528146,0.07999923026531694,0.22123615721329296,0.008337482777339684,,,,,,,,,68203,-73.2971219713,-49.74452474778401,-45.31358198904168,79.42909308301313,9.639925069362672,121.38709322526101,152.72621505431312,59.38444981714669,166.7006752143027,1511902.1515825433,0.04511072355351193,1.497199684321632,0.6857119050931574,1.5861032747979074,4.924196882835066,5.947512330416964,3.0,318,1056.1163522012578,234.78987457789492,0.7273618278472632,0.08533885176522554,3.733436781684849,0.4016776519273753,1.5064151774608692,0.8555516145004862,484c0aca40c1087f196d2caf3c8cb463864c08e60b98326ca02eb6dae8ce4984
2535.1765011408543,2535.0525398476234,,,-0.061038863543239265,0.025382175020452893,-0.00045100192307334023,-0.000750308116607679,1920.0,1080.0,3840,2160,319,319,,,7.433174833918712,0.12358254227417904,0.23180706732071674,0.01889533068903445,,,,,,,,,69185,-51.41779363807238,-37.34185541378647,-65.02878254503635,58.28981668837566,49.793126362415,49.953267778307854,109.70761032644805,87.13498177620147,114.9820503233442,1099156.0344363723,0.06294374759583324,1.5712466537561522,0.6436182876182013,1.6793360551074117,6.252612560526126,6.449447730221274,4.0,319,1356.0721003134797,300.98339002532566,0.7418149671466077,0.08526283513546123,3.673642422330356,0.7467628270200666,1.0804143997747881,0.2368347500285314,e5684b3292bfd77db297839fc37ee4cce7fd59775af1a6a4827e3b4f59c036d3
1680.2430324802533,1684.031844215238,,,-0.0022908578423809145,0.000621391461678603,-1.1796530858083585e-05,0.0007391296852346771,1920.0,1080.0,3840,2160,359,359,,,7.642424543715359,0.11089395053658083,0.30436317338113417,0.01637796651425797,,,,,,,,,156468,-40.66665341292162,-24.95996476576698,-3.3679174499815367,40.230506328424475,3.190662868425656,64.0149161578279,80.89715974134609,28.150627634192634,67.38283360780943,153451.31917970668,1.019658878375366,1.5213680868738488,0.6582013716460591,1.627384777323294,6.221546897768234,8.582880793049787,3.0,359,2711.623955431755,419.87134332013846,0.8585354183073018,0.04289896664447925,3.0502453771447873,1.7160953511986645,0.5201160647784848,0.19533721823271408,75fbbe467353cfdeb93bc1872144855576797be83a0c71c51155ee6b355d6d5e
1728.0443039071617,1730.081128808712,,,-0.0007348035960401783,0.00157768899800557,0.00015759191815840646,0.0012543225078221576,1920.0,1080.0,3840,2160,310,310,,,7.550179087060493,0.05671117942262353,0.2781680231979291,0.008094392248298683,,,,,,,,,72222,-44.027177125084215,-26.132049217618547,-52.201672991417496,71.34885163625249,20.51894417224984,54.356186996227706,115.3760287613367,46.65099338986839,106.5578599876452,573537.7027827591,0.12592371809139072,1.6274487104761295,0.617514392997129,1.7361147322441075,7.904544321674836,11.010567079796745,4.0,310,1841.5548387096774,157.93179997811976,0.8692967240326092,0.055663977496581286,3.5493700182366643,1.2076760444607093,0.9081726533162862,0.4035893877268513,0a1b7c20a92c43c6b8954b1ac909fb2f0fa8b2997b80604bc8bbec80a1cb2da3
1682.36538340882,1686.7171317804255,,,-0.00274264127209928,0.0008957276503794434,-0.0002093856945265557,0.0007674224747700634,1920.0,1080.0,3840,2160,379,379,,,7.722951892621398,0.0689538249232148,0.3284784164386462,0.0080509083828283,,,,,,,,,194613,-12.105707475246115,-71.45642114886316,-5.856666427150862,138.72972492791345,4.777165930467644,218.34301976875676,150.83543240315956,76.2335870793308,224.19968619590762,2578010.7767159236,0.07548959909621232,1.519185713785546,0.6585875182001218,1.629447617262716,6.5547419750993,10.320556766077756,3.0,379,3365.7994722955145,373.3771101513131,0.8635569239171703,0.05744672256033794,3.22824549088713,1.6951969861549387,0.40084079429746394,0.21644253421105503,ddfdcfdf02d53dd89a055cd9e1ed30272ab3f57c7560ac2c3761bb01d76a7882
1737.079534769932,1731.291600080847,,,0.02801646221550137,-0.02637300131841466,0.0007693897528494105,0.0011882846982501256,1920.0,1080.0,3840,2160,327,327,,,7.584096071101238,0.08105987249651041,0.3262472274134481,0.0304843605040714,,,,,,,,,84841,-53.83147701215451,-9.944859231516913,-2.0718903801843176,46.48336943749969,7.147400927923159,54.33959341689189,100.3148464496542,17.092260159440073,56.4114837970762,96723.55057422785,0.8771493550052331,1.6350730464889118,0.6217262751849756,1.7589271830839466,10.426114732263882,16.9478704961738,4.0,327,2705.0825688073396,802.1332657713491,0.8941622634309907,0.04507286508405996,3.2440644419782063,1.5681961341028587,0.3417939985779825,0.1790967903133353,9fb0588ff045ec64119c5bc91b44a4b7400e5fae5a17e67762b29e6855b57118
1745.70432930407,1756.8647670678906,,,0.02364923596726638,-0.023418536581433707,0.0004331968504512458,0.0008262590609607245,1920.0,1080.0,3840,2160,322,322,,,7.317657282664351,0.13447523366092348,0.2455038196840733,0.026070023037899754,,,,,,,,,46264,-33.26297106577226,-15.712243031216675,-23.51098540333333,23.086454493366354,7.086086509766574,30.13801204856226,56.349425559138616,22.798329540983246,53.64899745189559,68921.40634356318,0.6712573415780387,1.5876988658387265,0.6371226497514478,1.69164754134392,6.357578246584818,7.544907893228358,4.0,322,913.4378881987577,191.3285624597948,0.8290686281723563,0.04311538773326367,3.2091362923631057,1.7023794123141345,0.6426010782498889,0.370332167736642,32c2b92fac40c698fa92de008a9aad0857168d255363a850a89de88b5b3ec42e
1875.3141481642126,1867.8029338851795,,,0.029772996316025816,-0.027704582823831262,0.00041018753861963827,0.0016853571414122946,1920.0,1080.0,3840,2160,361,361,,,7.591859072138743,0.0617064271261647,0.22722184817550697,0.012443290174291148,,,,,,,,,65294,-28.752180036062228,-6.845333198053047,-57.83610556220525,100.08684751603197,9.24796667561205,65.89812780628009,128.8390275520942,16.093299873665096,123.73423336848533,256556.14060117287,0.25450180162127645,1.5570675000700733,0.6624482903641925,1.6607904227235082,5.803611357858302,7.974490592248889,3.0,361,1049.6980609418283,190.64324769311105,0.7257096729919306,0.09398722278704075,3.7141619566847406,1.1875382947904136,0.8702950351820495,0.573874662664822,457e9a1ae777b0c72be723aaeec971b39cc6d5d413d922f981ec9785395f7ca9
2542.821510861342,2532.5079962152836,,,-0.05407717871797569,0.021821197589076795,0.0005327214354248015,-6.502141655364333e-05,1920.0,1080.0,3840,2160,328,328,,,7.476587135988527,0.15561643024346253,0.21179189367848542,0.015393834384850442,,,,,,,,,66063,-21.604179534745505,-11.024331709481828,-27.137176083005098,16.998543868993867,17.417502478138406,14.525690196410906,38.602723403739375,28.441834187620234,41.66286627941601,45743.0048588988,1.4442208202933169,1.5438095428851215,0.6667508004336468,1.641004979857492,5.863039825620998,8.842557872489344,3.0,328,1180.8841463414635,298.606854661946,0.7900532952950079,0.09119485820849296,3.5802050823971743,1.2529084150322316,0.9263934498848231,0.47045030458670156,dac9796dd69e1c25277e29d7e30af4f21e3b575d62a0a208c2b3d1211e2d5d77
1864.745970741698,1867.8788425230568,,,0.02196063465412918,-0.023251664298312137,0.0005457384837984303,0.001843394657777566,1920.0,1080.0,3840,2160,368,368,,,7.5740828568071406,0.07361038196466713,0.2670017906266774,0.025631871395677533,,,,,,,,,64244,-93.45964174157173,-29.38603151393378,-101.15450703318054,118.13317636975627,48.46030991810107,123.65415429449307,211.592818111328,77.84634143203485,224.8086613276736,3702986.8434038935,0.01734923798458464,1.5000303856359578,0.6853864038696126,1.5973009880082978,4.710463233920677,5.1055195958795485,3.0,368,822.3342391304348,162.7879880245261,0.7134027167792966,0.059481241446129034,3.5049631485508344,0.7271677686175676,1.1370054256298556,0.24585137209844263,7705a2edd022de9da3f8cead677287645986e982d9247a21e1992859a59f8335
2505.1927753085106,2496.157181471356,,,-0.024935733419393213,-0.021943401798273924,0.0004894604612222673,-0.0012256028606442999,1920.0,1080.0,3840,2160,318,318,,,7.440519756746068,0.11639780709092537,0.24392227657426818,0.015240285178661009,,,,,,,,,61837,-43.87713017808866,-41.652247968848414,-13.840204781412094,41.68482434551981,8.183934451108973,85.50741720028546,85.56195452360848,49.83618241995739,99.34762198169756,423626.3245585902,0.14597062650540632,1.5142050364715876,0.6565046900435212,1.610486399436024,4.800669502078044,4.504816188674815,3.0,318,933.5188679245283,267.11292094745846,0.6458892178774932,0.08205879958850329,3.758768182134051,0.6384767217084922,1.048560740998723,0.46047703805333856,06da796666297fe4c683c231edf56ec00148a6a52ab5bb159fe1be31f53a58df
2520.9686581157202,2546.968342026181,,,-0.06528057909493741,0.0319959031703479,0.0011415891254336196,-0.00015806359125360362,1920.0,1080.0,3840,2160,344,344,,,7.540300338630743,0.1277178075387853,0.21212694359209014,0.013673303883504519,,,,,,,,,71337,-13.85488046293642,-6.490299409246657,-45.94994331534937,41.65846928636578,8.216485471719935,15.15088850699842,55.5133497493022,14.706784880966591,61.10083182234779,49884.11786796169,1.4300543549516493,1.5567844920259066,0.6615232977126455,1.655353613983097,5.728976547934452,7.1879753433546725,3.0,344,1188.046511627907,284.4185687596243,0.7892288914440944,0.09303647387783844,3.336278063968824,1.4245647192034816,0.7471951031498807,0.3969660311827478,ec1e44d4dc0f8fa77610866495f9297a7f82158c43e1777668b84fd4b736c7bc
1806.0575695394189,1801.0170663441074,,,0.03802771340649899,-0.03249261188909152,0.000480180879514335,0.0018417138280025075,1920.0,1080.0,3840,2160,346,346,,,7.544344440522144,0.11056410254258149,0.23772735027296082,0.011685982087343063,,,,,,,,,64302,-53.43055354699369,-33.664217135766535,-91.80062557785631,94.08164357348264,14.675415310864047,112.97298055496596,147.51219712047634,48.33963244663058,204.77360613282227,1460176.1615496278,0.044037152292473264,1.5486352755546207,0.6464188509028003,1.6592871519115147,5.953376255792977,7.3046157111309835,3.0,346,1106.3988439306358,184.99344590434885,0.7117694055763754,0.09191708701978092,3.6611645944302045,0.6385391307666133,1.4128896498349652,0.9608973449611783,ec305787b70029b782c71c1bf296c3885c7c22619e5661bd40085533ddfee5e4
1806.571552458513,1807.5862699233508,,,0.033332637054505544,-0.02972397643746043,-0.00011420822714922322,0.0019322058024113665,1920.0,1080.0,3840,2160,334,334,,,7.366615474870198,0.14757710641203914,0.26960106407555257,0.02125104211826649,,,,,,,,,84203,-118.48892141596069,-25.598094070975478,-5.7992032004054455,54.99413980357692,8.566737552849537,109.98782872719418,173.4830612195376,34.164831623825016,115.78703192759963,686272.0048993304,0.1226962478417749,1.517350505377556,0.6681846729709008,1.6157833061284028,5.00957210550693,5.617997461497598,3.0,334,1262.937125748503,351.7272762882513,0.6531485886681591,0.12762122492426672,3.506587563431474,1.2633208529439701,0.6899662884582524,0.17314171706965517,c455899acfc8816353a55fade692d19d9c2bff68c8615f852931d5754848db74
1679.092547043365,1675.8721507833711,,,-0.0010480463612255104,2.8956886737296782e-05,-0.0004385313766764275,0.0008256983669622671,1920.0,1080.0,3840,2160,402,402,,,7.45528020751495,0.09752338390036978,0.19565924716694308,0.010468350075549145,,,,,,,,,77156,-58.705889903055386,-27.38947841596763,-56.80766769939598,73.84042939716406,61.164407121655145,170.19225220950722,132.54631930021944,88.55388553762278,226.9999199089032,2664409.650349502,0.028958009512493367,1.4636891364736218,0.6719745465302926,1.5507788708418357,4.889055938617865,6.653580403406457,3.0,402,938.3582089552239,138.10554059508553,0.7288820462339918,0.08115604752672183,3.262190396720211,1.2518813807854965,1.271367749022907,0.6386875766368318,66fd66cbed40a2d11ecd17ae6d6d60cd60d476616864ecdd351fe69e644f30a1
1811.8203669767497,1808.2845580621413,,,0.030039098606584717,-0.027945923011674412,0.00044293095216615095,0.0023106743084577437,1920.0,1080.0,3840,2160,397,397,,,7.427562236615157,0.0972451294570988,0.264939486348229,0.019868472357126812,,,,,,,,,104139,-48.62841494306706,-24.82684011009981,-32.577712170985315,27.968696039997756,10.565675439238827,79.59581621861139,76.59711098306481,35.39251554933864,112.1735283895967,304098.4467420722,0.342451601169564,1.4892873295500735,0.6702166565724126,1.5850094225175921,4.696338547518221,4.899487435972619,3.0,402,1216.597014925373,380.5400545611693,0.6506577048989408,0.1386271079625473,3.6929506331659434,1.3372997233881256,0.7181088975650256,0.4026623090205913,918c8dad730c3b804306c5da8486124be4aa0612e85fb825338fd350c912e1b0
1676.3581319328641,1677.9349284180469,,,-0.0024636204926653826,0.0007796742115305812,-0.0003626249336436961,0.001350842978814256,1920.0,1080.0,3840,2160,345,345,,,7.7219748976361045,0.055351355337260794,0.27436177648058685,0.026544880659577802,,,,,,,,,96020,-14.375524328173546,-8.649123763820375,-15.334400470914085,31.25106619169329,14.116751115494894,12.12319378878272,45.62659051986684,22.76587487931527,27.457594259696805,28521.006318127707,3.3666413775509216,1.5491933409374592,0.6396130110456368,1.6714845589872516,9.388794001249739,16.326893775154907,4.0,345,2613.0782608695654,581.0119080995648,0.9059373501868784,0.06182789031356561,3.369122226441245,1.727473914893649,0.39635104195225856,0.19608870732894648,35872363e17af5d173b6a0b09fcf5de94627ad5dc5f8a9ad4c579f3e70b4797a
2503.5238282843034,2479.8654754646145,,,-0.01971808618824734,-0.02204937721982637,-0.0006324726781579491,-0.00011363090041383263,1920.0,1080.0,3840,2160,307,307,,,7.292348908508422,0.05725370820662824,0.374128626794547,0.009769113032505706,,,,,,,,,122546,-30.987782244341687,-16.004461958037027,-2.4784381012013013,20.145874380741898,4.32954633319616,63.668001239788794,51.13365662508359,20.334008291233186,66.1464393409901,68775.90567981961,1.7818158668895252,1.6630820461044022,0.6442321678373066,1.7690549473588975,8.941630081765215,14.915204177371916,4.0,307,3569.254071661238,253.46305156665383,0.8918206185038532,0.03519215963756206,3.1904382450783197,1.7214048171565306,0.41475267329618315,0.2213171068398517,ef59aac437132bfc1dd45a7e1f8e4800978e7bb28bf98c4428d26fb3e1da3e90
1804.987490264029,1805.9621985523497,,,0.027828959311049704,-0.026965124920365964,-9.008495524112775e-05,0.0018994005932474623,1920.0,1080.0,3840,2160,359,359,,,7.55910045983596,0.1233283452494098,0.28787682369579426,0.011425081935619816,,,,,,,,,115589,-60.22401857099445,-74.93740953561752,-110.52482718177819,230.36240942125767,29.990142443239037,170.5387128304856,290.58642799225214,104.92755197885656,281.0635400122638,8569774.198404877,0.013487986652147147,1.5340958195048533,0.6564565175699043,1.6375286635931066,5.233421865402417,5.535352007878456,3.0,359,1685.0306406685236,329.89486238961933,0.7109248944148158,0.08819408214252226,3.3712891644184655,1.0228744974396886,1.4577965078482287,0.30398420937098963,a401469cb0fa576b93e836a4a6d712394f1a55a0a53a42250286980bd078e669
2286.3980152987815,2282.630719553431,,,0.009049901912958444,-0.011514657350611595,-0.0009728819977430377,-0.003301637405537577,1920.0,1080.0,3840,2160,439,439,,,7.457732844305805,0.22812718916555885,0.2743929103743075,0.026385024021722908,,,,,,,,,90804,-35.8296211652993,-20.440865425308267,-21.553334789255292,21.208571485128072,6.4763352562679115,52.605959232700656,57.038192650427376,26.91720068157618,74.15929402195594,113857.39284077821,0.7975239704195861,1.600622293283784,0.6134976660359498,1.702328676018058,6.027719043213955,5.764457323124576,4.0,439,1246.7904328018224,328.71059173734244,0.5935058528076685,0.10442779890180016,2.8677920984274676,2.2014953872282184,0.6539478607286956,0.3092937639715014,6d81c5ab0d480fd43d78b75ff372a8113ad38e2c03f1d69627c009883054d4c2
1803.3841479974774,1802.899681417047,,,0.028313112248583155,-0.026664032379809497,-3.409330931090101e-05,0.0015458939107852838,1920.0,1080.0,3840,2160,382,382,,,7.5702852559270015,0.05907269890114163,0.283361541351561,0.011001498523158073,,,,,,,,,135626,-116.66835027446082,-59.45993197853333,-45.25428909760792,130.94852897238354,15.450096970873508,138.78330305600477,247.61687924684435,74.91002894940684,184.0375921536127,3413711.0134556377,0.03972978364759361,1.5342066036059399,0.6657924392677778,1.6389078695424126,5.4383672747113385,6.261482638801658,3.0,382,1930.848167539267,332.1041642313198,0.7467188955271196,0.07631634086720836,3.5970466457018113,0.9545374299444739,1.348296739153456,0.540207838230925,a62c330f5403e2e41a82a74c4e865b705c5706843b992fae2fe2e538b122d984
1811.6804689651285,1809.6007382327834,,,0.027808686429995406,-0.025347216296918485,-0.0001977447653310225,0.001581490477766902,1920.0,1080.0,3840,2160,381,381,,,7.641414763930666,0.041737018261795454,0.3169793641246233,0.00936261184975965,,,,,,,,,156414,-84.91286627360196,-16.417440641927044,-57.310999443854065,54.91784972473259,15.028040846879017,59.38586219325695,139.83071599833454,31.44548148880606,116.69686163711101,513121.25762681925,0.3048285325839222,1.5347827160287137,0.6555551380897816,1.641697256655211,5.476472694260105,6.561845319978012,3.0,381,2248.2860892388453,439.576412117342,0.7541047049965923,0.11208881636391982,3.3774348179615066,1.3693097611238958,0.8072093421504227,0.5023905087203463,35317e621976e87f0c143e66fc61fb8cddb4ff134304da7a00e32ac1983105b4
2512.6553761554687,2515.1690439214185,,,-0.02648379596336986,-0.01235831416450247,0.0004889914893211466,1.6834161744688947e-05,1920.0,1080.0,3840,2160,324,324,,,7.421129982002226,0.09051599389268676,0.3027668943377534,0.011419649046555038,,,,,,,,,170148,-45.00973926222613,-23.83240928772701,-19.8174782029181,56.788218160443165,17.920716747376286,83.99951908975429,101.7979574226693,41.75312603510329,103.81699729267238,441261.99483765056,0.38559405067866986,1.4944644182686393,0.7039554543554108,1.5790251646868794,4.609851423466629,5.265336506369493,3.0,324,2420.854938271605,305.6099152761894,0.6946066164817797,0.040525627368091816,3.3680072859965233,1.4801594889514669,0.7379484312274749,0.38224953994892336,c37726ce770ac50a2cf5c0f43022f0268e26da0d777cd8e3a3418c4eed03fd94
1849.6566155367589,1848.7624460311436,,,0.027537275422285117,-0.025904327850046496,-0.0005958813477531957,0.001767163804049291,1920.0,1080.0,3840,2160,367,367,,,7.605328743793105,0.10186683284375778,0.30480871766407647,0.02113408284011219,,,,,,,,,97104,-89.55961012062255,-86.06893067088035,-67.48514736251548,148.75727339775406,14.222243992901852,168.1749610905015,238.3168835183766,100.2911746637822,235.660108453017,5632531.149783224,0.017239851395005102,1.547958423287883,0.659986271193909,1.6560928640440564,5.872693194925029,7.358526053584828,3.0,367,1553.8474114441417,329.01051164245274,0.6722545203333864,0.058798569319025794,3.675142522191954,0.7097974335702584,1.1563389711044532,0.46316606528463555,2991a75d1f0fb2b7a891d424fc2459bb954b61599b52e74a056a7acfb2998b77
1727.0885773059758,1728.4020277938228,,,-0.0017349394156607198,0.0018953373134498218,-7.016759383192353e-07,0.0011417988053913535,1920.0,1080.0,3840,2160,317,317,,,7.762182259468768,0.06986800186955615,0.2826768666997702,0.027377190636341656,,,,,,,,,98838,-39.6618741349524,-16.83846708312948,-43.517454244249485,86.2958606282437,21.004908568058855,30.092927537310132,125.9577347631961,37.84337565118834,73.61038178155962,350876.09472314443,0.2816891816981354,1.5580658211657963,0.6371571782511039,1.6636926491218826,6.045539165098444,6.996264196254814,4.0,317,1884.94952681388,463.16263365335277,0.7810013849064612,0.06317139911822954,3.572033442519037,1.141090119363969,1.0674475467937716,0.43463872916915314,a17a984ca90a9b5840fdf85b15104b0d18e25975981c1aa90fcdfd6eeeb285f3
1631.4271412529902,1636.0594705303122,,,0.0034970279408787055,-0.00041240976437990857,5.113974307855216e-05,0.0002132664026320354,1920.0,1080.0,3840,2160,334,334,,,7.5136644592167245,0.12557455813154947,0.2585886560212907,0.014902442546216662,,,,,,,,,87098,-108.62363225393783,-73.54673982190312,-1.5172567004382655,46.27566475543726,4.802206948994551,116.6997393267184,154.8992970093751,78.34894677089767,118.21699602715667,1434704.7260812006,0.06070796200546598,1.5568000341570818,0.6591210388075224,1.660213034395066,7.2554249236492225,14.232972067607061,4.0,334,1892.0149700598802,288.7462104121789,0.8008080287075078,0.07160536663404406,3.2911430128171872,1.624754259065553,0.37603958414906197,0.2251502130783091,0a485338bbdaf19ba9090b874bb36ef0599a9c9a475a382c22903cf5981c6ea6
1804.841359625869,1799.6662019246814,,,0.02463290661936914,-0.02403566512285602,0.0008986832326902963,0.002757123385224288,1920.0,1080.0,3840,2160,344,344,,,7.656785993336968,0.08341937478829682,0.3675465654608096,0.015255346071333328,,,,,,,,,113095,-177.60802079988068,-80.04157787243378,-190.4637634864425,104.71964728402257,9.535036210366798,139.2367748979224,282.32766808390323,89.57661408280057,329.7005383843649,8338112.296466659,0.01356362159429358,1.6157491667659603,0.631140070027744,1.7341252544604617,7.467633405544012,10.136142657174155,4.0,344,2455.093023255814,423.99440891187976,0.7632480698801376,0.08853720450912166,3.731147141413462,0.7079565120253791,1.2651181845977766,0.8960248097094339,5a69d1027b477be4d2933b765723d57b272e0ace96be7885306464d54aa2c038
1629.4287472991475,1628.7087882701774,,,0.004143279307922828,-0.0008648592816134264,0.0003524903465854592,-5.877946836367628e-05,1920.0,1080.0,3840,2160,333,333,,,7.736475186039562,0.0632063035298101,0.31121453629555484,0.013732020312287138,,,,,,,,,88103,-122.39545968175685,-46.22977516423715,-103.8879722582665,162.2269944518596,31.76333911465019,120.88682544100084,284.62245413361643,77.99311427888733,224.77479769926734,4989683.934206167,0.017657030217088636,1.5379361030032328,0.656334339595783,1.6449974114575863,5.890593963883182,7.830758406296142,3.0,333,1558.4954954954956,268.53086704564527,0.6928326054388019,0.088880764729374,3.603613039875295,0.6188573719271571,1.2945371365495668,0.4096884299871818,4ae797d07b6d1644c9db6919c8cc8c0d28d72be45108ac7a3abf8dc21b599d83
1725.4885246683243,1728.7788461384678,,,-0.0006924363392514736,0.001366861454552626,-0.00022690083186817272,0.001165155147463443,1920.0,1080.0,3840,2160,323,323,,,7.409284934107038,0.06019222601306258,0.28522100628750524,0.014645844456902294,,,,,,,,,76844,-32.866946795978016,-17.89179728526098,-0.20067576616743782,28.79827937798325,15.594493034536208,94.09560631935966,61.665226173961265,33.48629031979719,94.2962820855271,194716.13326275718,0.3946462920784476,1.597027096643775,0.6313088650688382,1.7033814199056887,8.557323928999011,17.52961402197043,4.0,323,2035.8482972136223,241.18534403051754,0.8864679393448964,0.033826365989022285,3.2563810105474933,1.6006461975769741,0.39354385263451347,0.21479100215990915,5f0041e53d59d67c3ca25db97b269db183a532c4566a6bc46ca0e69cfa4234ad
1681.04261619266,1685.9710798220017,,,-0.00011123520353186411,-0.0002240738622754326,0.0006913814778529909,-0.00022758591871069916,1920.0,1080.0,3840,2160,358,358,,,7.397038712078073,0.09947262835765792,0.27179364740671774,0.014943428387595884,,,,,,,,,81120,-46.52102877358615,-14.974423605567711,-12.678713972889502,11.423426054136606,10.45661297611785,32.720285271739805,57.94445482772276,25.43103658168556,45.39899924462931,66899.40008885055,1.2125669272409432,1.61322948362021,0.6178685493603072,1.7214819799336023,7.223890532544378,10.761138042249447,4.0,358,1636.877094972067,217.99243101115457,0.8087941328348516,0.04582932051483146,3.0122055677994743,1.7447790793533786,0.743518564460664,0.28327293797082514,0853979305f7ecb80bd8fc2c8df916410d471ef04ed5f1a64e9651baa41d7695
1692.525811645609,1696.6777680374103,,,-0.0017754034074415732,0.0001471103603821888,-4.481206237795507e-05,0.0006032054406516994,1920.0,1080.0,3840,2160,343,343,,,7.574309760358082,0.061579089069014145,0.32349277210884353,0.013740087052147389,,,,,,,,,159311,-134.38520675911852,-50.91098811411409,-7.99305141953734,23.18462832246044,35.15961783960801,140.76651173890843,157.56983508157896,86.0706059537221,148.7595631584458,2017496.7106524487,0.07896468884376996,1.4394864170312545,0.7030956889577142,1.5179607041292071,4.053932245733188,4.013437433866043,3.0,343,1882.9037900874634,423.18861051911455,0.5976603238852821,0.1159595276311166,3.24192187395423,1.652719933068624,0.46090389878607707,0.21155333828014247,800cf88687a79c232700454c2f5a402e771bc7157037a17b0ce93da365b25575
1726.9136172770422,1729.294465558726,,,-0.0018502356879129497,0.0017745832664938965,0.00040145881945436297,-0.0010476800751775435,1920.0,1080.0,3840,2160,305,305,,,7.7943309815934825,0.035891223365161457,0.3231222993827161,0.009062779420512741,,,,,,,,,121584,-27.619251336723057,-22.98744167509311,-55.52720154462998,60.120551936932955,21.92322100381276,45.75906093465263,87.73980327365601,44.910662678905865,101.28626247928261,399113.72730379365,0.3046349741497461,1.6035982475606805,0.6262332064745554,1.7122491607125925,7.098269509145941,8.769942718255939,4.0,305,2829.6262295081965,330.51916137090205,0.880290128924211,0.02477023902603935,3.819329410200822,1.0929072536826088,0.9405299289847536,0.4592486527172368,917e9c8985d353b0ee4c281f11fa84eb8550814562670cbb82cd0ec9c1194fe7
1681.9794016934518,1680.6122885956981,,,-0.002007863491890884,0.00040008103952520233,-0.00025085341170362024,0.0009298597165806805,1920.0,1080.0,3840,2160,374,374,,,7.481868765453805,0.0898889917718326,0.260627511842279,0.010058680466851874,,,,,,,,,113947,-142.81053439417505,-25.662786634085563,-94.93034243727178,50.09272671261055,16.306231335761343,53.78448345096184,192.9032611067856,41.9690179698469,148.7148258882336,1203989.3460180366,0.09464120291168507,1.5534646304115147,0.6491284032539008,1.668894439461877,6.716078527736579,8.686299717955338,4.0,374,2046.1951871657755,290.08726674877994,0.8276075257772484,0.0694014529701233,3.310724909100659,1.1772602199518512,1.2074747855046053,0.566731499437838,093ef327b4e4f9d4ee52c02a354a53558a8652157fb0d58f3b4a708734afb334
1681.5275446577189,1672.7669229701505,,,-0.0016864363063882142,0.00016447168041252249,-0.00031905606549591844,0.0006298069852187024,1920.0,1080.0,3840,2160,359,359,,,7.591352499284123,0.10325312985300591,0.30445009177585197,0.010470951968786904,,,,,,,,,148312,-101.34146128125059,-17.186755537707775,-30.913287457788133,24.500590920649422,42.93337603657714,121.0676958708795,125.8420522019,60.12013157428491,151.98098332866763,1149833.5185620568,0.1289856293156891,1.4523752496242874,0.6831475246676719,1.5339474636540649,4.406083122066994,4.7510377639755585,3.0,359,1820.2646239554317,575.0267133451395,0.6425194660070523,0.14408128445171278,2.898312332046281,1.903683744295458,0.516047190265785,0.2862481287301607,d8de66037bd03dd0d39d54f9978bac3318d912e30e22c21e1ada82a98ed48c53
1631.223810242827,1635.8311188038015,,,0.0037294144394163517,-0.00031862512639790815,-1.562671438233612e-05,-8.915066342548196e-05,1920.0,1080.0,3840,2160,359,359,,,7.580830225170362,0.08766514662650007,0.3634773859572199,0.012153270305417635,,,,,,,,,192659,-27.68315413251537,-33.7366719335668,-17.6749307617621,59.214862157299784,6.7870805331814505,97.86192044660477,86.89801628981516,40.52375246674825,115.53685120836687,406855.36166578333,0.4735319185943585,1.5008328598593683,0.6810658267455335,1.594370475492078,4.99329385079337,7.093270757204409,3.0,359,2679.674094707521,288.83567471675474,0.7895558870350955,0.07627796397773322,3.5237540117568047,1.5897115411831404,0.6788444787556664,0.4142275123515654,ed16328235c610f15405ff08711eaf15d88a0503884f3a9ccb5a0ee69cb4acb5
2511.3940767221734,2509.6467798533104,,,-0.029312336196528437,-0.01079599536646383,-0.0003729029027435329,0.00105702246031703,1920.0,1080.0,3840,2160,315,315,,,7.520947909073766,0.062636343716866,0.2250174652165393,0.009778105165564177,,,,,,,,,59994,-14.380252150139208,-10.749819178228298,-9.863531724592026,70.49348328459364,9.128794188232957,56.37689528030339,84.87373543473285,19.878613366461256,66.24042700489541,111759.00508248742,0.5368158025003842,1.5643001215533638,0.6479671848051701,1.6656731423179376,6.009700970097009,7.758586134071296,4.0,315,1144.5904761904762,163.11155177361127,0.7598839434765766,0.07098923454583851,3.3614593027319044,1.4373871908689557,0.6583120116322222,0.2900917102777174,7a9f97660be8f2421b37dd413c898360532f17c6447c11515e8aded2d80eb99d
1726.1359547551895,1730.3156868669719,,,-0.0006882935439948699,0.00130667213685332,1.105723393898808e-05,-0.0009862906847287521,1920.0,1080.0,3840,2160,313,313,,,7.7228721995727065,0.041951942888609595,0.30057878998540605,0.005661539909681581,,,,,,,,,99379,-68.37880029443006,-15.266792242708522,-34.04626084734776,37.295179737352306,7.919407069490758,48.17490817622946,105.67398003178238,23.186199312199278,82.22116902357722,201456.4964443783,0.4933025330728827,1.6291475492465963,0.6141875146371768,1.7369399326960837,8.000935811388723,11.477527390647536,4.0,313,2540.335463258786,276.7329237849637,0.887608544366302,0.036387090154778375,3.4724716218389227,1.8435409333227506,0.6476852028743633,0.365509123483942,cbd44beb04f9c98f2d2c5affff89a6e0a72c25f1aa0c6f660fbd9e4d26702f8b
1633.0602822558972,1636.958961111966,,,0.0036482852378459047,-0.0001362469884926162,-9.211125463626117e-05,0.00025728294244937186,1920.0,1080.0,3840,2160,375,375,,,7.578017616336187,0.09053482698825385,0.3553209722222222,0.021406145017891544,,,,,,,,,165352,-19.332799859736305,-13.210271822215033,-19.220802473551068,25.926354371878883,3.0812025561014695,49.899095855924536,45.259154231615184,16.2914743783165,69.1198983294756,50964.751893464694,3.244438437484151,1.4405914619143052,0.6973912285836841,1.520331841504035,4.140748221974938,5.053270680993701,3.0,375,1825.816,335.2466725820457,0.5997352782764057,0.1343894856652748,3.4553444604298456,1.2387629508758449,1.1146051497289085,0.7825820817595727,fb3b73f1d3fe9d192f21f55f5100fd258887aef345f778e0a64fc0587930a6f9
1636.056372636839,1633.598276411605,,,0.0033139975163586992,-0.000132013765351775,-0.0004940530902321673,0.00019476285495885452,1920.0,1080.0,3840,2160,364,364,,,7.693870314499309,0.07039166976267604,0.32335270824854156,0.026467514790836852,,,,,,,,,156490,-57.908364088595306,-24.525511581678746,-16.165242369485544,26.00183793667661,16.82897291971971,65.69728371746412,83.91020202527191,41.35448450139846,81.86252608694966,284068.1350717451,0.550888961764319,1.5377855996674303,0.6719308287001537,1.6388296401792275,5.936903316505847,8.56470300350008,3.0,364,2552.379120879121,339.0887987094474,0.786746586664613,0.06306635432141942,3.65776235901956,1.636131865841949,0.5186100984563667,0.3459323089859045,565553aa894be621e8b4773cac288e60ad0c2cf7edb621be62b348c9a0f78380
1756.359850298668,1755.7041461653193,,,0.021954305914433536,-0.02194852439207035,0.00034187128007422775,0.0012630978475539577,1920.0,1080.0,3840,2160,349,349,,,7.538049242560834,0.15544853538711473,0.3318890337029962,0.023740911333489993,,,,,,,,,164070,-49.6694925722592,-81.28305830322422,-81.88056699133145,28.93275251296362,10.754510891698306,71.2199185834602,78.60224508522282,92.03756919492253,153.10048557479166,1107583.9631285728,0.14813323906979872,1.4872622626851406,0.6854316467221472,1.584695632504836,5.086359480709453,6.835754479013991,3.0,349,2391.1719197707735,587.3580001160501,0.725749463450709,0.14839370768402044,3.3384513633597575,1.3716334185136645,1.0734650131834946,0.435701612163656,adb95f29c15b8a89e40c17d10596679be09d7719c6f08a453facd506d056ea8b
1687.6667694324726,1683.6775792628607,,,-0.0016589027942679213,0.0005782789216753803,-0.0001667996508133147,0.0007359930706571187,1920.0,1080.0,3840,2160,382,382,,,7.716200224967066,0.06324919592312361,0.3318471353661689,0.011271245869541865,,,,,,,,,219191,-50.45890004967788,-17.3768182839174,-23.33067126422834,18.796309936281812,6.839457291078751,49.50959517064918,69.2552099859597,24.216275574996153,72.84026643487752,122160.64757056358,1.79428485653196,1.5314378087950025,0.6626987689845857,1.629213957474903,5.557157912505532,7.31547183427421,3.0,382,3188.6884816753927,359.49899667562875,0.8144391816882353,0.07045435120963461,3.9585708031475937,0.768425618693744,0.8536345039110091,0.42007004276151594,9cbc5548643ca9cfe797f871bac58bccd02f0510c49b7cb3697b38dfd780a508
1741.5322404705794,1736.979929484283,,,0.03375262615852791,-0.02993111076653534,-0.00017862188936745241,0.0033477975597184387,1920.0,1080.0,3840,2160,318,318,,,7.758902509850305,0.07098265824152657,0.3789201109849367,0.015868997614520645,,,,,,,,,106829,-74.75839710070613,-31.527717961028262,-0.8775044972674739,61.6943272998915,3.493974783773659,159.07715783775964,136.45272440059762,35.021692744801925,159.9546623350271,764392.20222616,0.1397567893666092,1.5229204134010697,0.6792177696579897,1.6177585876167673,5.304187065309981,7.563077032948169,3.0,318,1781.8899371069183,300.2266813812583,0.744024811224156,0.08026351934158289,3.0839612454547134,1.6063447783325246,0.24057688217948806,0.12778747957639364,1d6a9ed47cce39fd1c4d18f776bcc97e507b81bde921ca596bd91b0b02b5e414
1738.824952901914,1723.7571036551622,,,0.0286644910746234,-0.026007784694916658,-0.0003579173632831772,0.002382025156635072,1920.0,1080.0,3840,2160,331,331,,,7.749878734552014,0.04600190769964197,0.3210842156670769,0.010713640707240901,,,,,,,,,142708,-42.14650759668831,-10.533207035172351,-4.647680762826434,15.18070799561156,4.2478971907145535,70.54931756167866,57.327215592299865,14.781104225886905,75.1969983245051,63718.89456006288,2.239649651572034,1.5750950045584495,0.6307522071933126,1.6789511714086378,6.021386327325728,6.347858489556316,4.0,331,2596.07250755287,386.0310956739715,0.8134036405989494,0.06454417082629471,3.782794291668099,1.4499880409352983,0.38595395271869065,0.26588768867618584,e9360e7a89bee835dc847cf8796093e634b759ff582558788dcfe8326f6e8901
1742.3231192047049,1737.6281014892188,,,0.02434763870461559,-0.023710278973813302,-8.394693553182754e-05,0.002590682495691415,1920.0,1080.0,3840,2160,342,342,,,7.677400129784037,0.053972973282025744,0.3055080916991553,0.014734354422512698,,,,,,,,,106573,-19.68130944152458,-19.800025019519,-0.24396072233062377,45.54804171435619,3.2088747692172537,54.75364374412156,65.22935115588076,23.008899788736255,54.99760446645219,82543.46287169727,1.2911137513779065,1.5861643646589891,0.6523424469751488,1.6873871773117262,6.966417385266437,11.89925179236071,4.0,342,2170.8538011695905,273.20859739442585,0.853497546557693,0.06426658945152784,3.1749657164059846,1.7208874202091964,0.2950122675560634,0.15804770395019355,3bb894d1933f3081134ad2d40e54de5f0636bd8b502b0a8561873bb63b0dce85
1935.6965415414866,1928.8233330172015,,,0.02985697210831327,-0.029325537210631726,0.00020382850639483088,0.0021400481403264344,1920.0,1080.0,3840,2160,409,409,,,7.674480690602971,0.08606933061778675,0.26549898219837603,0.019868560962630493,,,,,,,,,128115,-30.73178431652648,-60.77552598091298,-74.20752517061402,178.04436286492847,10.917522444697514,56.8538136846414,208.77614718145495,71.6930484256105,131.06133885525543,1961699.7019503985,0.06530816101599193,1.5186778315085796,0.6680185999384084,1.6197304690975072,5.320540139718222,6.516277445374084,3.0,409,1666.60391198044,361.9991011408042,0.7100706747927594,0.12119820418373925,3.128808323606867,1.825213793583938,0.7807226555692947,0.48509984527838745,8324b3ca22085040c2a0ecb7284e0cdf776b1f846b73a7c0df893587cb4a45f8
1742.6276245002614,1740.310315034621,,,0.02461718460790647,-0.022764635400705734,-0.0004462870595692593,0.001854536255738247,1920.0,1080.0,3840,2160,307,307,,,7.6649548700526955,0.09396918071902219,0.35645659282382275,0.016274633782942555,,,,,,,,,128554,-41.60720233623217,-22.045059177368522,-8.345527398296122,22.818316028920183,10.298728657749905,51.27561065846538,64.42551836515236,32.34378783511843,59.6211380567615,124236.45846046203,1.0347526128242943,1.556397958461164,0.6568880838292303,1.6545500608492327,5.5141185805186925,6.814101622135149,3.0,307,2308.99674267101,345.42725749049225,0.7573735382677667,0.07486680611911956,3.5389054177913386,1.5805035856132181,0.4090084631252476,0.19014046662034853,8b9fb9d9f10e8c64d5034be69809465753b8ba88ef12da82afd47d38ee789934
1725.4945408747685,1727.041731573609,,,-0.001750865242813066,0.0014058465733193404,-0.0003799323265175909,0.0007410538051866833,1920.0,1080.0,3840,2160,338,338,,,7.719152596815905,0.061328634592382456,0.35306144532106065,0.01452743417632508,,,,,,,,,107406,-31.13072640230482,-20.3790702901879,-1.0908838399377396,26.251460982646996,3.993917542020841,71.88900446056277,57.38218738495182,24.372987832208743,72.97988830050052,102067.87318181805,1.0522997751571928,1.5581493870912164,0.670079119148215,1.6639566718749332,6.33555853490494,9.429609665875402,3.0,338,2013.2455621301774,158.5966248171197,0.8424542371869403,0.036435442618572074,3.2451492992554276,1.706367780342772,0.2522113159405806,0.13406556154575958,b4f53094fd31dcc2de1c1d1fdfeffac5259e9bdf39d77b552ff948e4bdf1fd8e
1741.0126648825217,1743.3061856165243,,,0.01929743598352035,-0.020927172739010565,0.002258380904177392,0.0015061447546647541,1920.0,1080.0,3840,2160,363,363,,,7.095455423484686,0.11673660220444271,0.28393422865013773,0.019690038243508873,,,,,,,,,63833,-77.84689599090528,-42.74351212624233,-137.01610092095686,127.05026383031756,30.90748800503571,82.9388969766643,204.89715982122283,73.65100013127804,219.95499789762115,3319314.642515835,0.01923077709548455,1.5792603626555686,0.648307390387483,1.6863496587802427,6.022120219948929,6.826757715440192,4.0,363,1058.9807162534435,232.23328767344964,0.6624749218771601,0.09919370237005486,3.723420164572952,0.4615541890894549,1.3775119852342028,0.2915926228096966,b5faa2a8ce980030125717352086bf9ec16c5d994bae3b3a732da3eb67cf4fa8
1689.6164552968883,1686.918830479438,,,-0.0026254003216386558,0.0006267439482703735,-0.00019331745159883315,0.0009409535483385465,1920.0,1080.0,3840,2160,395,395,,,7.656416637702078,0.09270779263677968,0.24536332825441476,0.014769626901160994,,,,,,,,,112468,-21.185130830109,-54.5901848325972,-52.325588493874015,126.32765070399921,23.791174762352846,85.65794595908642,147.5127815341082,78.38135959495006,137.98353445296044,1595400.4488397695,0.07049515379150773,1.5157820545563025,0.6716956699104382,1.609537906988796,5.193370558736707,6.11851727659994,3.0,395,1478.7037974683544,293.5808703814567,0.7667688096704026,0.06938841778653619,3.4915197518949754,1.206879682402465,1.019867254268498,0.46707190220328765,669c36225b273e22ce08364f166dce910b708d7abd89e58463a15d2790b534d5
1683.518832511583,1687.4785499832574,,,-0.00025732368657145746,-5.323883347065996e-05,7.71376399055259e-05,-0.000302873727316678,1920.0,1080.0,3840,2160,333,333,,,7.400822492229722,0.1426986976591255,0.2585545730916101,0.01864912693478265,,,,,,,,,119967,-64.8719706824849,-9.410184480598087,-28.182315098524192,18.598623849085495,14.025444038401341,24.862359596313066,83.4705945315704,23.43562851899943,53.044674694837255,103765.24182790288,1.1561385863579263,1.566417147400653,0.6397143510764134,1.6723624123039669,6.153667258496086,7.896732431166058,4.0,337,2190.614243323442,607.290880229228,0.7976131976079422,0.06383222344151052,3.143000193570928,1.7601529153806457,0.9156873926695812,0.4006959947678089,280abf7bd93b81b077af1db638229dbb09869052fa0b7b57c81c94d2db893829
1723.11284368359,1726.6592813091881,,,-0.0021247906507930216,0.0017007360618721162,-0.00021914335653207913,0.0008682272273457422,1920.0,1080.0,3840,2160,315,315,,,7.6683653917066135,0.04812439898552714,0.3315196698020772,0.020504217898007004,,,,,,,,,81024,-87.88151905757077,-19.983756463314368,-11.51351315858482,22.267554806452335,9.000670136440043,141.01702878058094,110.14907386402311,28.98442659975441,152.53054193916577,486970.1897640845,0.1663839013210491,1.6260412109090439,0.6115860352633258,1.7400090504764005,9.48389366113744,16.61793440068308,5.0,315,2439.4380952380952,330.751810960295,0.8683959921694911,0.03597788633680258,3.5562044571055256,1.4749680996437264,0.3533461930831463,0.16663222425496743,5a27c00f525f5484b7aa0d0107051253bf7bb395bde0b3a4486ff8c52fb4965e
1682.2826079167412,1683.8048675580856,,,-0.00048282574487201713,2.364392551373475e-05,7.711296815214076e-05,-0.00011669298356585898,1920.0,1080.0,3840,2160,396,396,,,7.6727952841833025,0.04133191314084606,0.3057668895747599,0.011264321962697466,,,,,,,,,111821,-69.57136982316203,-59.61516241568435,-60.8720204263605,62.194357628690305,8.420276851322383,171.30013951979308,131.76572745185234,68.03543926700674,232.17215994615358,2081362.8512343618,0.05372489469276539,1.5685494594707485,0.6358460592064666,1.6795111896883945,7.002781230716949,8.890820653954343,4.0,396,1977.419191919192,202.51936192597134,0.8058495985306752,0.048228217293243676,3.814012932060374,0.2503386357576351,1.448023294514973,0.14527555333518188,ff592398657b3dfe94153332861985194a3e3c9d199c4a3a27a0ce4038e81ade
1724.094419466941,1724.6611125982508,,,-0.00424299588912093,0.003471601990405636,1.977446898919327e-05,0.0012539327177161523,1920.0,1080.0,3840,2160,311,311,,,7.738801341261673,0.05186290672620166,0.22075335065102614,0.0069857504192627805,,,,,,,,,41719,-25.050390258275907,-39.53174996335639,-15.680828249179005,71.75189593216376,12.266198473909766,167.92526308959125,96.80228619043967,51.79794843726616,183.60609133877026,920630.2874958293,0.04531569357062783,1.578954832478578,0.6491981000666405,1.692768652906868,6.785085932069321,10.018462642615992,4.0,311,910.1832797427653,210.05899150800246,0.7564344061377387,0.06340242482325974,3.6725062036492337,1.1987547678761976,0.9346478702681165,0.5572537771334237,df4f9d9a0adfc54c49607bc792be6ed6f751b67e37c588472ea58b0d898310dd
1738.6431847486638,1732.751490300963,,,0.020740289691645496,-0.020994546603614175,-0.0001127104795751727,0.0012651989610000796,1920.0,1080.0,3840,2160,402,402,,,7.730986096896471,0.046113208650823446,0.27236673499785025,0.019041094980124178,,,,,,,,,108640,-25.20335586841092,-22.500893418207554,-8.691638944278534,64.07377289285502,15.364195547770608,53.71647637873307,89.27712876126594,37.86508896597816,62.4081153230116,210969.7865452195,0.5149552539207503,1.5643673461468055,0.6596646503955956,1.66476197540818,6.5089377761413845,10.766347693126699,4.0,402,1759.0323383084576,224.175862577116,0.8176637059530569,0.03813062961604531,3.3547681856987,1.407213856143414,0.5359936349491452,0.2738601795415365,85cd0e92110bcd35e826cbff16bb0e85d8117717adaf36f0698920f0fb9b2cfd
1679.952248740894,1681.7226764662437,,,-0.0014219996709588546,8.234751854285479e-05,0.00045521437518897343,-0.0002220127776320157,1920.0,1080.0,3840,2160,371,371,,,7.688357164405381,0.05980905759514271,0.2608710348657282,0.011025100725154268,,,,,,,,,80685,-35.57588296172398,-32.714643064692105,-135.71042975490744,55.333348211693,9.74421480325633,58.39596794769998,90.90923117341697,42.45885786794844,194.1063977026074,749231.6970220752,0.10769031838975002,1.5725944699079417,0.6359946097919569,1.68727189008839,7.463208774865216,11.662656222631913,4.0,371,1623.0970350404314,258.80215729768713,0.8502960246207857,0.04544572589514779,3.55645320305311,1.2234526415166471,1.2127087025600924,0.7986198373243878,ceb252f5d4419510655cf9ed7afbf3e8e688825f798d80414c7715dc8ace153a
1689.6913002966528,1689.9912994369479,,,-0.0030386354941609787,0.0009959911381539183,4.2296497350067335e-05,0.00101300299466556,1920.0,1080.0,3840,2160,345,345,,,7.759768064837655,0.06522028243917334,0.3642825248255502,0.01729816645011336,,,,,,,,,189601,-39.96964804650433,-43.81225465553336,-13.554920572130355,86.86397679386748,8.169217884082702,93.4099257356082,126.83362484037181,51.981472539616064,106.96484630773855,705219.0805377553,0.26885404157729587,1.5340415340039297,0.6607344020225285,1.6295771514746065,5.613994651926942,7.549849603931937,3.0,345,3085.272463768116,365.22533202777623,0.8087308080217886,0.06184887546891468,3.3280044880742916,1.5608606407278403,0.4313631823001879,0.1525869861726359,f7aaea9ac683bb1945cfeb1daa9abca3375249e0d19281a89a3f575040835464
1725.6721561987345,1729.2448346810656,,,-0.0014507274898566261,0.0014784146309537332,-0.00037434059723571723,0.001268072787240964,1920.0,1080.0,3840,2160,314,314,,,7.659899053827859,0.09575339295884337,0.3296503020071558,0.017367288489763325,,,,,,,,,55726,-73.6149647629682,-41.62474382177352,-4.989617821790192,25.126997408729057,10.680231967532418,87.71718233934469,98.74196217169725,52.30497578930594,92.70680016113488,478802.4344748407,0.11638620856454354,1.63131898534669,0.6339054071460009,1.7451329734242007,9.222912105659836,15.859964492630127,4.0,314,1636.8025477707006,116.21660205080417,0.8510392110161339,0.03212560051217767,3.2980667352839963,1.6064955384596855,0.30040690883629917,0.14447309108571277,d3af8212ae1600f078c4ac1ef3c9369a7f41ee9d005dbd0c545cf43fc35a9a23
1723.7373984230708,1728.1085316773726,,,-0.0020163770981272704,0.0017390608560568985,3.146712770060484e-05,0.0012253739972139805,1920.0,1080.0,3840,2160,350,350,,,7.410105720845508,0.14750235116109417,0.255085582010582,0.012472597935305894,,,,,,,,,101023,-54.22413211951768,-17.31968305712459,-75.50634474201473,47.20082307758356,33.166945616686654,108.8139967293504,101.42495519710124,50.48662867381124,184.3203414713651,943831.4872741641,0.10703499656677044,1.4903409527961802,0.6853273464005789,1.5851186319560062,5.084000673114043,6.645472989840754,3.0,350,1467.4314285714286,342.25079298368206,0.7269982221688209,0.0771662517223136,3.5718843865354106,0.8623158902674355,1.2048699883959548,0.2212478796529849,eb4cf52988f805e6fce11d1b239fa9de32eb157364cff06ebac0aa50e0a46567
1930.9479009682136,1924.713385600206,,,0.04053201964530656,-0.03751493888830835,0.0007362578993753548,0.002196915667972901,1920.0,1080.0,3840,2160,345,345,,,7.649922946765994,0.07762804201387982,0.2799366333422795,0.021371725560404065,,,,,,,,,85998,-70.82064843523905,-33.95044382368189,-87.5030550955426,134.68789356976072,26.21346633332129,120.51902406158908,205.50854200499975,60.16391015700317,208.02207915713169,2572026.062257063,0.03343589758360888,1.5795850453595544,0.652295816308904,1.6942118854239014,6.496278983232168,8.149914503394799,4.0,345,1619.3246376811594,490.28597877890365,0.7018634535982969,0.12931376885925863,3.652781471454501,1.1548445542419097,0.9668319441994825,0.48307551440359425,2f3e1c0f688c84cec67f9a1ea219c54c14ffabf31a046e620dacc690cac2f1bd
1678.6435744918995,1681.2989839920515,,,-0.0002605619573402441,-0.00026120727744953823,5.7222150118758904e-05,-7.060448797331573e-05,1920.0,1080.0,3840,2160,354,354,,,7.509151193483431,0.1018924603193279,0.264929176911139,0.01311317041529654,,,,,,,,,76091,-57.34167930289226,-27.94798617742589,-31.710741524769396,11.805871141868279,6.44407273417564,51.62729256574376,69.14755044476054,34.39205891160153,83.33803409051316,198188.39803658533,0.3839326658564226,1.6031899018079196,0.6266944242830551,1.7091301206425475,7.484275407078367,10.660554456416353,4.0,354,1608.7175141242938,121.99529665163267,0.8745099077515659,0.03193107677842368,3.6029637308446656,1.162018213426856,0.7584992791543526,0.38491711381565935,ba55c875d20c34ee85ffc72264c4d77710852e5fb7d9ce4b9c26a8442850e98f
1628.3400889326872,1637.1547826641292,,,0.0048012212659449315,-0.0007073293782519114,0.0001823362439647854,0.0004008908280935862,1920.0,1080.0,3840,2160,314,314,,,7.083234177502514,0.1063479702666142,0.21697460215656209,0.011699047688833236,,,,,,,,,56511,-62.62147861766237,-21.567419938827545,-12.605675489598553,31.896449175685404,5.369784358223804,42.251509983070655,94.51792779334778,26.93720429705135,54.85718547266921,139669.06744264805,0.4046064102433058,1.553365970556385,0.6709292160652638,1.6608283846621674,6.2662844401974835,10.029344984633559,3.0,314,1127.751592356688,179.74359501716242,0.8310731642074555,0.05403978550216271,3.5773298890102585,1.3424576534739932,0.6061656334490085,0.3082955011633315,ded5e4b46aedbef4cdb7bd1db7fc4cc5b00a9979ad6464bdadfab052cd64c101
1683.9478972608395,1680.9045619788442,,,-0.0029909178870033415,0.0008627045731501238,5.6889342506619175e-06,0.00040573664186450406,1920.0,1080.0,3840,2160,401,401,,,7.625448760879285,0.1438245981682169,0.317694498322096,0.014901040194201813,,,,,,,,,187651,-30.962980567764678,-23.5010446369977,-2.9033105086806112,17.971354705556564,16.058924738081036,51.10991109736619,48.93433527332124,39.55996937507874,54.0132216060468,104560.99838382128,1.7946557789279414,1.5272241367332164,0.6487779704449615,1.6286810433562007,6.466014036695781,8.51042387664146,4.0,401,3025.8204488778056,538.7973656003279,0.8804255594053453,0.060068725326038686,3.1457654911846693,1.5461339496786315,0.4258261194984906,0.20575549494305784,a62f9a1c6362e7c8a3440261ea0921a0a4b60cf5822bd19579836694f26b3abd
1723.2824156237905,1726.4740227908767,,,-0.0024079610904570482,0.0016505709692140294,-2.436659398723029e-05,0.0010834160376355945,1920.0,1080.0,3840,2160,331,331,,,7.613490419883779,0.11091519353793218,0.267031541391593,0.0261379192815266,,,,,,,,,85967,-20.41644141033021,-7.841581291395826,-10.580678624597407,19.28336513058208,4.388553784634996,27.020364829341002,39.69980654091229,12.230135076030823,37.60104345393841,18256.584900296482,4.708821527656244,1.5634412891343983,0.6544818640719781,1.6715615473192504,6.691346679539824,9.077720976150767,4.0,331,1737.870090634441,547.4760859567783,0.8574462601647787,0.046420517395167574,3.543281016006563,1.3867016845944282,0.8091029577437909,0.5000909395167542,1da888bdedfc9629c0fa9f82cf3f5d96f8103baee0ff64d9311aea1224a9f2ae
1738.1276811287487,1746.5670768633415,,,0.025189870925872673,-0.024655691640416116,0.0013984006576404744,0.0018137027899295043,1920.0,1080.0,3840,2160,342,342,,,7.639142433411289,0.05113902108389505,0.2484013789618078,0.008523655632962349,,,,,,,,,45688,-267.9226312465866,-105.88838781087443,-14.629943122120194,21.615018207998567,44.91170447651729,339.78137949982556,289.53764945458516,150.80009228739172,354.41132262194577,15474415.000950545,0.002952486410451932,1.6216208413627662,0.6450666730521181,1.7392910740645275,8.012366485729295,14.2181994964621,4.0,342,1070.377192982456,213.87744716032253,0.6328649399995152,0.06121132755282033,3.2832738626074858,1.6682661957267069,0.5144097491600543,0.21296211694434658,8fdc5130f0731360cc053f59049bfe6db509567457c5471c970292966cb34f17
1673.9963758246251,1674.2654727042225,,,-0.0008168679343825102,-0.00022560029436758465,5.470624215176813e-05,-0.0005993810311228841,1920.0,1080.0,3840,2160,318,318,,,7.703606098114117,0.07908894773033985,0.31568319187242794,0.016352416801950247,,,,,,,,,161099,-72.31137462313966,-35.409975790981825,-33.892605204367264,22.922889991847804,21.518986998010476,52.5636873923271,95.23426461498747,56.9289627889923,86.45629259669437,468730.39038338076,0.3436922446360583,1.5008112792837465,0.6652573219917322,1.5945515228456528,4.894238946238027,5.290133484355427,3.0,318,2479.4245283018868,401.7161913491577,0.7734182876908601,0.06145820843126561,3.20962040662781,1.4662090903396314,0.8331812733434083,0.466281704774595,b2076bc7231bac445b1a3d0015a410675a3222f25cc219e8178a62a0dd4ac63d
1680.590382277234,1679.9815109195997,,,-0.00014917638292214776,-0.00031975968871241395,0.0002505072153219224,-0.00011589142854103854,1920.0,1080.0,3840,2160,340,340,,,7.629665495942492,0.030300283470618562,0.3473710625453886,0.004082750086517044,,,,,,,,,104755,-25.987891405978747,-15.692609038888795,-0.07847503357011164,63.90713332065436,25.683103041079697,58.219487091526695,89.89502472663311,41.375712079968494,58.29796212509681,216837.5596918686,0.4831035737021731,1.699126983354194,0.5865786684257734,1.802017219668494,9.839988544699537,14.287946807364765,5.0,340,3031.7294117647057,195.4580375146178,0.862850521659448,0.045796395774868166,3.6195777137549894,1.7095885872658905,0.2889460235291986,0.13304228085470812,df04f58064684c1a31aa0ffbbcf34199d01d0a0ff289588eb2d6c6cf50a3922c
1679.5949737368276,1681.478481866172,,,-0.0006827695364320386,-0.00017969030218759562,0.00022292569856289458,-0.000510787309626428,1920.0,1080.0,3840,2160,317,317,,,7.711594464599171,0.06502121605610246,0.31945616456361725,0.005925119699465883,,,,,,,,,86917,-12.649829120964919,-22.517485308546657,-15.659005236336705,45.96506798410359,2.720709441257885,39.31867722781794,58.61489710506851,25.238194749804542,54.97768246415465,81330.36526698468,1.0686906386646116,1.5571440227452489,0.6588895272392289,1.6756378660111768,7.378867195140192,12.21837360619607,4.0,317,2023.1829652996846,158.1832522333071,0.8364745593862339,0.052005625552167214,3.093858110502718,1.7254122294899854,0.46266204712996456,0.18005880092966114,26fd23358fa11fff0fb3180ef0b65591b486e20dcf753ce4a7aae49a37e370c7
1683.7331168009025,1684.378749444897,,,-0.0005145767398531022,-6.241509827894758e-07,0.0006621500544165064,-0.00013584867320010432,1920.0,1080.0,3840,2160,379,379,,,7.398325537109137,0.1291995493063883,0.2529527987475162,0.012507870123250575,,,,,,,,,92452,-21.559591201813507,-27.549755520817254,-22.2736689548236,56.70375118732443,12.798818509072696,105.2497102762943,78.26334238913793,40.348574029889946,127.5233792311179,402695.1459568919,0.22958310009005398,1.5097738939619827,0.6656381834424027,1.6096329546296584,5.736371306191321,8.58047535796492,3.0,379,1399.311345646438,339.8749081585967,0.7711014188105801,0.0889673840701506,3.6129442206485005,0.5294050897761292,1.3666177618090278,0.3061689685994207,41036716da7efda334c1d434c4141d15642e0e02f881a01b6c8c36f8bea64c45
878.1264707721899,877.3771134386876,,,-0.0033284512901209456,0.0006686551132664175,0.00013548458640237398,0.00012736395140623422,960.0,540.0,1920,1080,309,309,,,7.683787241097278,0.03928411629815828,0.2387082234607855,0.006755521649599376,,,,,,,,,18819,-25.32516135059662,-7.340842207494335,-6.452808635901546,27.211006496291645,7.834688918721142,27.058650091384777,52.53616784688826,15.175531126215477,33.511458727286325,26717.488022440488,0.7043701108500018,1.5231692787532847,0.52706850332019,1.5794546365324993,18.664222328497793,35.412652623416385,8.0,309,1136.705501618123,72.17437085226237,0.9514611146394316,0.02437766664807345,3.218641198444177,1.5706545063382427,0.38734643946472985,0.20053196353688857,07d9f9724ca854fae07cb4c57d7ea22bf667d5decd4058f547728922f909956b
1629.7375484541265,1635.5346321069028,,,0.004329594196412731,-0.0008309300534059896,-6.85104346199057e-05,0.0003820427749461899,1920.0,1080.0,3840,2160,369,369,,,7.148190492438834,0.1641549210672102,0.22334140486466594,0.020110485277954438,,,,,,,,,58887,-60.461328312551,-25.11416244831815,-91.42258855723979,133.42025658079635,21.384503398305004,38.25374273134401,193.88158489334734,46.498665846623155,129.6763312885838,1169062.6043648298,0.05037112621696957,1.5368064614394967,0.6597666230978438,1.6362056579093904,6.135225092125596,9.893168378018952,3.0,369,979.0921409214092,195.02686123942402,0.7728287152404334,0.04981254646213076,3.732348624521824,0.4967975985384011,1.3483357275297105,0.2625735771450759,50c46cf8b8b22c8d2ffdef8964b05ddbceaef312c9a9ff331d1ecebfd223f72a
1683.4921537534447,1686.84867129359,,,-0.00068226467957641,3.188596186732869e-05,0.00028733587593039907,-0.00020689530928258795,1920.0,1080.0,3840,2160,317,317,,,7.688983135652261,0.042442291290981066,0.30666113520855237,0.013362077495524155,,,,,,,,,73411,-22.072516343616385,-7.077103096907235,-3.9430843445286405,23.75354550689692,13.224000212653385,16.089826359060254,45.826061850513305,20.30110330956062,20.032910703588893,18637.009791073444,3.9389902577162146,1.6043340834720161,0.639957058283983,1.7176897229144366,9.224312432741687,16.670824163703553,4.0,317,2136.1703470031543,258.3438200180526,0.9041639035705488,0.06638112424826094,3.3149309774868247,1.6358296630071667,0.42033356344925776,0.18179248417810148,df29c225863d0173e060b1f3fde4e6eb5a57a4e4edabd397026ba1a028aeb39e
1685.1666674930027,1684.4812234894293,,,-0.0016252102208575276,0.0003312793062197542,0.0011841303835036327,-0.0002855870247254914,1920.0,1080.0,3840,2160,342,342,,,7.353511253239517,0.1440056224590377,0.24911044892968015,0.012515249208220284,,,,,,,,,84955,-33.53182210547661,-13.443971006026754,-29.44890997433988,28.99011884934463,13.486505802528267,34.252107323511915,62.52194095482123,26.93047680855502,63.70101729785179,107256.31274480946,0.7920745905383672,1.5059473293424661,0.6723532898498082,1.600314955533012,5.491683832617268,7.723258278394674,3.0,342,1364.169590643275,266.5941248027882,0.7566856082364501,0.05541568369915971,3.634792978874396,0.3886565882256778,1.2582898254480563,0.2625599169506409,4ff8650b5c1140e98d957fbd1abbe2cfbbb416b37cb9f06f7f376956703801bb
1901.096070470362,1894.6534165749933,,,0.03944374173596967,-0.03580035424741738,4.406470300606523e-05,0.002355355755243924,1920.0,1080.0,3840,2160,401,401,,,7.5994134564402325,0.056139268560293144,0.30368344666882174,0.030088518088594116,,,,,,,,,111437,-190.72150738190697,-40.528740848115454,-97.57536332331681,204.1797970178572,13.21248062610998,73.5671281175077,394.9013043997642,53.74122147422543,171.14249144082453,3632067.8382292716,0.03068142032675482,1.5113461232706198,0.6564042133109232,1.6100922479342745,4.823918447194379,4.712919233823153,3.0,401,1340.5561097256857,346.90652505540004,0.6541295305422665,0.08234842548951331,3.1874016845260553,1.3046936546335157,1.4091815523313398,0.6558035623294146,d904ae2998f775e4cb1dafe542b8df9706195c1983c4b2d5b2b5c71dcc75570a
1634.82795280021,1636.9888944305376,,,0.004783472283750799,-0.0007008956989508259,-0.00029981318156198545,0.00024649876524800325,1920.0,1080.0,3840,2160,354,354,,,7.506751529323903,0.09362171770325642,0.2402011731010672,0.01670447574848916,,,,,,,,,79891,-47.01444895122298,-92.56804959028179,-125.85588319166641,39.5336363126874,28.32267211655809,133.30338059593765,86.54808526391038,120.89072170683988,259.15926378760406,2711547.2216746975,0.029463252331138813,1.446403007963776,0.6855333812170362,1.5330142251973888,4.715937965477964,5.835157285571035,3.0,354,1064.2966101694915,392.47636891665286,0.574423889644973,0.1842807347831874,3.550260312591932,1.025918777793459,1.3844314793234713,0.6495672065077409,599ca3e04cae3ec83affc426af7d0d7ab36eb91cd8e539edbc13070a4d455792
1759.451713720195,1754.5337401936495,,,0.029563453732517307,-0.026755707040323113,-5.4536920952524454e-05,0.0014696252346601093,1920.0,1080.0,3840,2160,370,370,,,7.5343403561243925,0.07195050056859005,0.2642900765348682,0.022977185927508366,,,,,,,,,96427,-67.80132984494888,-44.77492518196971,-152.22125829241634,97.4036841421024,26.84075857277522,67.5824838782163,165.2050139870513,71.61568375474492,219.80374217063263,2600557.4286308708,0.03707935804008237,1.6089045379680742,0.6204512548655648,1.7160565989591778,7.157767015462475,9.665708298687797,4.0,370,1865.4108108108107,542.8345762572827,0.8045627011370409,0.0647975965085928,3.4509536616648826,1.2047337823415987,1.2586075983292533,0.43510289409072783,54bf355ca7e08ed1bc86f5772e564ac0f92981ca25dab24d86b694e915fc4c43
1630.222555446536,1643.1277746218293,,,0.004356837659690238,-0.0005502063624245968,0.00025472329637198446,0.00044617585911039094,1920.0,1080.0,3840,2160,346,346,,,7.049413972403437,0.1441050918953865,0.1859801111021908,0.013351528689689581,,,,,,,,,48106,-31.355297106841732,-23.009637164084264,-23.40621579289001,63.1830740470782,5.773180544344284,54.3302090283467,94.53837115391994,28.78281770842855,77.73642482123671,211527.0855304315,0.2274224120252401,1.549888672291186,0.6577423593484965,1.6593388838739997,6.329189706065772,10.24981172178659,3.0,346,879.9768786127167,157.95976855751115,0.7834024548332089,0.06936002599515133,3.4366343458859463,1.4176891896529813,0.6793892328007681,0.47309604175698877,1ba74c22670ad047981441581d00f26f4a148d1010bcac7468c615adf5fa4d5d
1683.887656758971,1684.817324180672,,,-0.0031938816739999175,0.0006511754470925085,-0.0008164312440722344,0.00023394756672612642,1920.0,1080.0,3840,2160,369,369,,,7.7056102787590355,0.04063348844246885,0.29052555915219647,0.027383327499936265,,,,,,,,,63171,-20.761252645555974,-25.78779805577576,-1.2190612823575881,11.17121948640656,4.305492057951808,38.71267749415372,31.932472131962534,30.09329011372757,39.93173877651131,38372.53007903474,1.6462557947023198,1.5475605699498538,0.6538247892127945,1.6459931163878894,5.711972265754856,8.007334197435101,3.0,369,977.8617886178862,306.7551743576216,0.751030435266529,0.16216155082577896,3.3557912863809953,1.209964637392548,0.48628873495276265,0.20674646929951254,8cb2e97d26a639f05a571476240a8fa86988e6853f0f13cc05830d1578002aad
1682.3158184426056,1683.5685223348123,,,-0.0029112280124418844,0.00097903718765776,-0.00017913976654130198,0.0012697588276248247,1920.0,1080.0,3840,2160,346,346,,,7.748392549066879,0.06381966540040095,0.33086690149325626,0.00886304997751432,,,,,,,,,173553,-23.468740666463784,-34.4684583954777,-3.978896943970035,14.737800371378444,6.717949776033498,69.062565865559,38.20654103784223,41.1864081715112,73.04146280952902,114937.32963294072,1.5099793996802602,1.531572118286043,0.6574750380054093,1.644371071463253,6.6207498573922665,9.672079205242929,3.0,346,3320.956647398844,487.21432521898066,0.8589803208688574,0.10159204228223884,3.2195886173698245,1.6514156527742305,0.40030885429194024,0.16637794689412727,70eac6ff18a1daae4eeccc5eb18723eaf7e029a77e79c79d9573f7bac59ba92b
2294.736964938577,2276.2991023061873,,,0.007164983720242264,-0.015494709042319246,0.0005223320227151396,0.013952081767938858,1920.0,1080.0,3840,2160,404,404,,,7.441050321119406,0.17191212833021788,0.23546468188485514,0.027082109736458134,,,,,,,,,48942,-66.99492235132523,-42.24413277481275,-70.85852324115379,155.55215717611006,14.427325690550845,154.25232947764997,222.5470795274353,56.67145846536359,225.11085271880376,2839113.2861363967,0.01723848084505379,1.4916486829174156,0.6794124571010427,1.5819656615756612,4.267786359364146,3.2767054331525522,3.0,404,517.0148514851485,213.05651594671818,0.3435291046295104,0.1010311183534443,3.2966138768026534,1.4856603285272243,1.3945700089091895,0.9237232684454204,d3812aad538261e7f73c75762ff55f23b468bcc76f376d52ac86ca6cf3c44b4b
1683.0693069770796,1685.40195283045,,,-0.0011429021655139967,0.0001882706830654085,0.00015052781771445083,-0.00027462975769737715,1920.0,1080.0,3840,2160,410,410,,,7.446411505849268,0.06892435548654408,0.26825085629328516,0.018532542052349894,,,,,,,,,110058,-53.896763219110774,-16.075846126949166,-66.45793588316715,65.23868486610331,18.481638704072104,44.91891849144444,119.13544808521408,34.55748483102127,111.37685437461158,458540.8973846789,0.2400178492861242,1.503390126484188,0.6653843218066913,1.6039526134293554,5.64535063330244,7.656503621195858,3.0,410,1515.4048780487806,241.17637908771906,0.7896426205761422,0.06333061049759121,3.533833710406388,0.8955554661921269,1.1981259535571964,0.22481129406233508,91afb9910b042f7185c2b8e4b6b24b5785dae4542617b3f8005b5492f6d123f7
1680.5406445932647,1682.107235365272,,,-0.0007458214893256184,-0.00018339762037956114,0.00019354181832481176,-3.0140876772355892e-05,1920.0,1080.0,3840,2160,327,327,,,7.79287602058615,0.08500755451847478,0.31763487748706914,0.017009704201766156,,,,,,,,,176167,-30.96336342047942,-38.087509419439044,-41.20721022719191,40.069413014300565,28.29016076514652,84.94722309429646,71.03277643477999,66.37767018458557,126.15443332148837,594816.9176152591,0.2961701235840585,1.4694348927223149,0.6747208127009644,1.5576345318058376,4.409293454506235,4.602660110654237,3.0,327,2375.4495412844035,515.0906541672961,0.6873959587151842,0.0979787320796356,3.33153429843364,1.587263008553739,0.8665923557683233,0.5239441149807657,2b65ba886efac7af6253fce68ae9284bf4d4db019e17c47f3e853361acbdb066
1722.987248061952,1729.3698176945165,,,-0.0008036060054791722,0.0011471687831536676,-0.00028489108734291915,0.0009633026213837682,1920.0,1080.0,3840,2160,304,304,,,7.557140401470877,0.07895871355426899,0.2204531465744802,0.01764321290930241,,,,,,,,,49582,-13.86169035166032,-27.675124478403966,-20.012005228799172,46.540922102430855,14.08137711940443,64.16376463287507,60.40261245409118,41.756501597808395,84.17576986167424,212308.2768684807,0.23353776278215815,1.6181963105737873,0.6219369801310953,1.7198935802450772,8.129381630430398,15.007537815912734,4.0,304,1325.891447368421,218.88895149081242,0.8454295216198973,0.06305075711409133,3.5018374833645667,1.3809434871134318,0.49555274941606425,0.2834698551856692,f004c810d94bac93f527606a2ff859d646f99fcac0868c6c6905b29c718fa37b
1683.223549101737,1683.7428960004877,,,-0.0034122242125671086,0.0008890353546010826,-0.0003004890031196268,0.0004106877318653142,1920.0,1080.0,3840,2160,396,396,,,7.741761929538033,0.06339690816522316,0.25255594622926797,0.01752817558096862,,,,,,,,,100030,-22.76284229749807,-26.001623311601534,-1.1803196612923217,18.398074798466627,16.081212542070087,38.68014681859869,41.1609170959647,42.082835853671625,39.860466479891016,69045.02919455447,1.4487646854074947,1.5045965080491508,0.670410432684362,1.6058078011817734,5.903229031290612,9.59439194859007,3.0,396,1491.1616161616162,440.6031152787593,0.8003738337472324,0.12968382174552087,3.171502652709664,1.4593363572500644,0.49810841032420755,0.18700432103496697,444da1b4a3f1ca019d4c9c1b405a579427746ccc96cab6dab7dcba5cb4fc998c
1679.6677762633008,1685.5968099845409,,,-0.0033518787322865413,0.0008902658421576722,-0.0004012356372816355,0.0006430444496526142,1920.0,1080.0,3840,2160,375,375,,,7.805631722429825,0.07219514100270467,0.3096434259259259,0.014758114221884297,,,,,,,,,151404,-143.95283832435143,-49.54709078551455,-4.391805553382093,17.894673722792348,17.0310631039262,224.465945252963,161.84751204714377,66.57815388944076,228.85775080634508,2466058.653682401,0.06139513339389495,1.5695089676294545,0.6332043425010008,1.6808714352665597,7.301048849435946,9.297221371577217,4.0,375,2947.7546666666667,303.0318946000386,0.8975763795068445,0.03441463468824062,3.1095412750583993,1.6225900956790074,0.4417295655173137,0.18869006071871652,387eeb925ba47af5db9ce6102aaf6b07e6d3573b7e7568dda4cef22d5ab1342f
1630.1239509327293,1633.3215070432068,,,0.0028809424491504114,-1.6153946532905946e-06,7.505829607767996e-05,0.0003765724707618268,1920.0,1080.0,3840,2160,384,384,,,7.180978164587191,0.15761675697481728,0.24634018635063015,0.012316555628335023,,,,,,,,,87995,-87.02375705617538,-63.292712580053625,-99.95025651775654,105.11753987718491,29.37078717381914,82.4912407161145,192.1412969333603,92.66349975387277,182.44149723387105,3248276.9047262785,0.027089747143159596,1.4830893957790605,0.691611395819619,1.575901155574723,5.0884254787203815,7.45739186739131,3.0,384,1166.03125,135.82272093960384,0.7361195145023007,0.06302380799349612,3.7959088318771315,0.5110533216267862,1.4943708217381124,0.4791925841506251,183dd248f6a86e07c5adf9de8ee2d0abe45b1216331c03678e89634c2e9b1c7f
1741.0355175663756,1753.9920687014826,,,0.022608505729874443,-0.02346531451714069,0.0015691713309052987,0.0008616479141919465,1920.0,1080.0,3840,2160,328,328,,,7.477888018771647,0.07897699145137115,0.29280684234793736,0.017415645889099808,,,,,,,,,59476,-13.39010372681865,-13.415937462829893,-20.43916684537265,47.89827969400567,21.334046628573947,49.63169477811741,61.288383420824324,34.74998409140384,70.07086162349006,149234.84340488657,0.39853963486688326,1.56999921464238,0.6328924801866184,1.6906749214850265,7.7517486044791175,11.906977118969396,4.0,328,1405.6189024390244,178.8831319230526,0.7462471687630453,0.04689053868814878,3.1218269493662354,1.6879738220454763,0.5413000428551129,0.23521257716656935,fb2c0499c225d6124938cadcf0dc48cbb490551b8a69c98386491c1366163632
1682.323030116633,1684.4800587595032,,,-0.0006156089995044858,8.420823507983444e-05,0.0004810360861111835,-0.00029497560528798206,1920.0,1080.0,3840,2160,319,319,,,7.664017145511518,0.037573494515250806,0.2840434215236658,0.005701432025202312,,,,,,,,,58043,-12.529549634766132,-10.93811510490305,-1.7490792853933308,9.244018554761512,5.443810982199489,19.82410420737724,21.773568189527644,16.38192608710254,21.57318349277057,7695.0032102361165,7.542946820709512,1.6973631204179527,0.5944492191459092,1.806718412705214,13.745395654945472,28.35296194695224,5.0,319,2501.0156739811914,169.2162360725606,0.9402110153943596,0.030779565352065344,3.0949781805068053,1.677268872335483,0.25110751434168943,0.14558009984671855,1de58be515696102c364b767f296600ffff853d4145a60dd30ece9d935317654
1680.5714983345558,1682.7934896309669,,,-0.00011349113054720662,-0.0001246722489111528,-0.00020951911014192263,-0.00025325945171779423,1920.0,1080.0,3840,2160,383,383,,,7.2462097923936835,0.07520824779146669,0.26788589312767946,0.009659046508501249,,,,,,,,,72694,-22.258236427249756,-8.276884552234211,-0.5532105933469349,48.59775237577641,17.074740599665656,39.8890131461967,70.85598880302616,25.351625151899867,40.442223739543635,72646.9516174531,1.0006476305130414,1.5128502948217837,0.6750594768326516,1.6209312297051814,8.425344595152282,21.626795957079782,3.0,383,1599.1436031331593,91.8854875625925,0.878598537306092,0.02100629039481157,3.1637396974224377,1.7624947990380733,0.19991925949814118,0.09594519640298846,c076929db6501cf7ebe386c70e6d77ea3af844a745e794f2ec17c981c465a69b
1683.9443295131807,1680.510066427541,,,-0.00271676334164946,0.0006827810896496149,4.6870905531184294e-05,0.0009172914964403349,1920.0,1080.0,3840,2160,376,376,,,7.688721720578367,0.03670482012544229,0.2539038643863278,0.018238010058941434,,,,,,,,,106743,-73.5362966443192,-55.414012482254165,-0.8168792389630565,47.736525686527706,2.688941659843229,73.1230706879083,121.2728223308469,58.102954142097396,73.93994992687135,521003.75197349914,0.20487952264387815,1.5612936459155846,0.6534269234759676,1.668138198142195,6.8641128692279585,10.484694525218607,4.0,376,1948.659574468085,561.4852843450033,0.8230968113134254,0.10723566500267753,3.3158663560645203,1.4276467834478146,0.3737571943614562,0.17137447151400192,e8ce51b6abfe05bf8dca47e29c8be6c1e6de27a8c9fece7a121400b931b2ca0f
1927.894463561426,1928.8472827121884,,,0.04515417880282505,-0.039191975128484526,2.538009138169768e-05,0.001094509630259793,1920.0,1080.0,3840,2160,316,316,,,7.212086774202826,0.1282647797855579,0.20404609729059228,0.01706618070061998,,,,,,,,,42542,-53.334370409160684,-6.944650887936439,-38.929591870739216,90.89679503117577,15.887763097804083,20.684860954705343,144.23116544033644,22.832413985740523,59.61445282544456,196319.07772684554,0.2166982470200481,1.5563168256570443,0.6442389019131014,1.6648308794422824,6.390954821117954,8.814661999773968,4.0,316,860.3924050632911,161.0465116966484,0.7712702570200634,0.1088991386595848,3.218249689972986,1.6332107101270779,0.6594320358890565,0.4677839207164868,3bb3bb4d3e871d79eb71946cbab1e3afc7a8e33a661153033f32deb3e23d2e52
1734.0075849132083,1741.2236467223215,,,0.03086673776448272,-0.028377209120496787,0.0002676134481532719,-0.0005866736994145493,1920.0,1080.0,3840,2160,307,307,,,7.5240040522376965,0.11565361828749024,0.2728080953170869,0.018297609391743814,,,,,,,,,74124,-75.16211515161571,-15.961714319474552,-72.01325201591608,50.844983588088915,44.852533335388344,24.020778649968918,126.00709873970462,60.814247654862896,96.034030665885,735911.361175016,0.10072408704446087,1.4663731743834683,0.6849996349301197,1.5504917116137364,3.9888160379903943,3.245744420187488,3.0,307,963.0846905537459,248.01373686635918,0.5921155119663015,0.08157224321205,3.789261976689895,0.8848728918486041,1.187115001933185,0.2868274971548075,119fd56d3797e2d349ca64ddcc5851463cd13b5974b5b2e4566ed5cf7e02e6c1
1725.9599572113186,1723.0331585958197,,,-0.0015534481940580021,0.0016980471939957123,-0.0002283758442455355,0.001159336106615684,1920.0,1080.0,3840,2160,321,321,,,7.450897151023401,0.1459781225645749,0.2807095099707704,0.015776372818126876,,,,,,,,,88504,-87.16769310687155,-34.781690244520696,-124.78358278900673,205.27887734676656,21.69555804246867,154.17311571372326,292.4465704536381,56.477248286989365,278.95669850273,4607409.9495440675,0.01920905692552017,1.5522725092961955,0.6457304265456716,1.6618949101350151,5.8445268010485405,6.738521571737708,4.0,321,1611.4143302180685,272.50883488539415,0.7192396898518465,0.05101298291161621,3.609125070784254,0.9468197853180971,1.5351783291110177,0.1991512720691109,7da3db99059a436adf537bc23309a6a4db9e011696d086f3a64037f7497d9df7
1898.0386969060894,1883.0807476050095,,,0.042983979228551086,-0.03913394169568108,-3.103986722688313e-05,0.002446740816159808,1920.0,1080.0,3840,2160,401,401,,,7.427490369974155,0.1680671317044114,0.20662706178227272,0.02389678091399409,,,,,,,,,60384,-49.077254823258436,-5.658978439894675,-65.78931958084598,11.840484600494413,13.642818775861194,31.567746500332955,60.91773942375285,19.30179721575587,97.35706608117894,114474.56586164134,0.5274883511939462,1.4889669155182212,0.6707487069404701,1.5871823174964048,4.880796237413884,5.924038300404542,3.0,401,734.9675810473816,210.54630625752455,0.6580803416289344,0.12522357032188464,3.617148339660621,0.856200548629349,1.4349065738002598,0.8603996456639663,a726c1112ad026efc92f59f196c0698e67abd12a04135a7ff6349b1d31b089eb
1726.1908112079125,1728.1793538875065,,,-0.0023847151684009884,0.0019889085333173765,0.00021196219705170156,0.0013015784197430668,1920.0,1080.0,3840,2160,313,313,,,7.4867086687380855,0.06705189045580355,0.2287527918293693,0.010001571331137778,,,,,,,,,47317,-24.5155158992871,-6.0928665190293,-3.2484161271923084,4.55797655834665,11.637508218760393,77.89903889029229,29.073492457633748,17.730374737789695,81.1474550174846,41830.20790289984,1.1311681765922992,1.6101248369766803,0.6263218473784025,1.7149013056697124,8.068537734852168,14.469262908717278,4.0,313,1219.741214057508,165.63625066581378,0.8697015086796811,0.03651577462537901,3.4341227559717167,1.3182561006963622,0.5817274870175603,0.29126265801776136,71b2dc8a2aa553da09b8b94b9f0d5e8abcca307def74d26301616ee238464d46
