trial,mode,b,budget_scenes,subset_size,evaluated_subset_size,psnr_gap,ssim_gap,lpips_gap,abs_psnr_gap,abs_ssim_gap,abs_lpips_gap,ks_psnr,ks_ssim,ks_lpips,max_ks,mean_constraints_pass,ks_pass,joint_pass,mean_objective,joint_objective
0,balanced,4,24,24,24,-0.1995592654953562,0.007508741181213696,0.008088541455511966,0.1995592654953562,0.007508741181213696,0.008088541455511966,0.11007762946132728,0.09032708510839724,0.16461942629934678,0.16461942629934678,True,False,False,0.8088541455511966,1.175853044995334
1,balanced,4,24,24,24,-2.0213948628513805,-0.06362434217222546,0.08368964703375559,2.0213948628513805,0.06362434217222546,0.08368964703375559,0.23529063712960332,0.21744532803180913,0.29862491716368456,0.29862491716368456,False,False,False,8.368964703375559,8.368964703375559
2,balanced,4,24,24,24,-0.8084889393259544,-0.02388909448075438,0.041238582310521354,0.8084889393259544,0.02388909448075438,0.041238582310521354,0.12290542459528543,0.1418157720344599,0.142099782258828,0.142099782258828,False,False,False,4.123858231052135,4.123858231052135
3,balanced,4,24,24,24,-1.406475240112421,-0.011274066953740336,0.019652773398849965,1.406475240112421,0.011274066953740336,0.019652773398849965,0.18063050269809713,0.16777904004544164,0.16444191990911672,0.18063050269809713,False,False,False,2.812950480224842,2.812950480224842
4,balanced,4,24,24,24,0.8186059255192575,0.02876166513673284,-0.05187657777598126,0.8186059255192575,0.02876166513673284,0.05187657777598126,0.164252579759538,0.15897472309003124,0.19094954085013727,0.19094954085013727,False,False,False,5.187657777598126,5.187657777598126
5,balanced,4,24,24,24,-1.5969237229436501,-0.04342626520880266,0.06545739349841573,1.5969237229436501,0.04342626520880266,0.06545739349841573,0.2528282684843321,0.2639875035501278,0.2571239231278993,0.2639875035501278,False,False,False,6.545739349841573,6.545739349841573
6,balanced,4,24,24,24,-0.06913099102278863,0.00265667101852074,-0.005722811828112073,0.06913099102278863,0.00265667101852074,0.005722811828112073,0.09908406702641295,0.08451670926820032,0.09075310044494936,0.09908406702641295,True,True,True,0.5722811828112073,0.7077433359029496
7,balanced,4,24,24,24,-1.177073015889487,-0.019019057242950943,0.036283072477771405,1.177073015889487,0.019019057242950943,0.036283072477771405,0.17083214995739845,0.11581700274543216,0.11070481870680678,0.17083214995739845,False,False,False,3.6283072477771405,3.6283072477771405
8,balanced,4,24,24,24,-0.6757513027598065,-0.043373177338522195,0.05076426896819991,0.6757513027598065,0.043373177338522195,0.05076426896819991,0.15219397898324338,0.15769667708037488,0.17295039288081038,0.17295039288081038,False,False,False,5.076426896819991,5.076426896819991
9,balanced,4,24,24,24,0.14473691173283498,-0.004678959537428806,-0.0042144360431090044,0.14473691173283498,0.004678959537428806,0.0042144360431090044,0.11225504118148254,0.06977184511975765,0.1146691280886112,0.1146691280886112,True,True,True,0.4678959537428806,0.8190652006329371
10,balanced,4,24,24,24,0.06654352533713848,0.004090363891044002,-0.01521028476834807,0.06654352533713848,0.004090363891044002,0.01521028476834807,0.12631354728770236,0.10870491337688157,0.1584895389567358,0.1584895389567358,False,False,False,1.521028476834807,1.521028476834807
11,balanced,4,24,24,24,-2.2152050476481904,-0.051481045672179704,0.05027478320766948,2.2152050476481904,0.051481045672179704,0.05027478320766948,0.24183470604941779,0.27205812742592067,0.18389662027833,0.27205812742592067,False,False,False,5.14810456721797,5.14810456721797
12,balanced,4,24,24,24,-0.4714515349477466,-0.003272678592683431,0.004328843599750831,0.4714515349477466,0.003272678592683431,0.004328843599750831,0.1891271419104421,0.08074174003597463,0.11632585439742497,0.1891271419104421,True,False,False,0.9429030698954932,1.3509081565031578
13,balanced,4,24,24,24,-0.20412327261854557,0.0016867680958103648,0.0015370455470619104,0.20412327261854557,0.0016867680958103648,0.0015370455470619104,0.1476734829120515,0.10933210262236107,0.09444523336173435,0.1476734829120515,True,False,False,0.40824654523709114,1.0548105922289392
14,balanced,4,24,24,24,-0.18527540973916246,0.002299147457995754,-0.009683980212911891,0.18527540973916246,0.002299147457995754,0.009683980212911891,0.08850468616870208,0.09774685222001325,0.09798352740698665,0.09798352740698665,True,True,True,0.9683980212911891,0.9683980212911891
15,balanced,4,24,24,24,-1.2815793892949259,-0.02508797237166016,0.038890012933506135,1.2815793892949259,0.02508797237166016,0.038890012933506135,0.25915932973587047,0.13185174666287985,0.17371958723847392,0.25915932973587047,False,False,False,3.8890012933506135,3.8890012933506135
16,balanced,4,24,24,24,-0.4548659862289668,-0.011538921434562033,0.025032552663182217,0.4548659862289668,0.011538921434562033,0.025032552663182217,0.11582883650478083,0.11540282116822873,0.13613556754709835,0.13613556754709835,False,True,False,2.5032552663182215,2.5032552663182215
17,balanced,4,24,24,24,-0.9590340198288914,-0.01041387010502881,0.020786378305349018,0.9590340198288914,0.01041387010502881,0.020786378305349018,0.17212202972640347,0.1594244059452807,0.18092634668181387,0.18092634668181387,False,False,False,2.078637830534902,2.078637830534902
18,balanced,4,24,24,24,0.16913452335100487,0.009179694067556143,-0.009851182883039766,0.16913452335100487,0.009179694067556143,0.009851182883039766,0.11367509230332291,0.11498863959102527,0.19147022626147875,0.19147022626147875,True,False,False,0.9851182883039766,1.3676444732962767
19,balanced,4,24,24,24,-1.3232642155100756,-0.028170907138666434,0.04805942105372152,1.3232642155100756,0.028170907138666434,0.04805942105372152,0.15748366941209885,0.15546009656347629,0.15955457729811606,0.15955457729811606,False,False,False,4.805942105372152,4.805942105372152
20,balanced,4,24,24,24,-0.8358431400070856,-0.023552480974674772,0.06299991603562666,0.8358431400070856,0.023552480974674772,0.06299991603562666,0.18396762283442203,0.1708203161980498,0.18782542838208843,0.18782542838208843,False,False,False,6.299991603562666,6.299991603562666
21,balanced,4,24,24,24,-1.9124834280421794,-0.03576208888379839,0.08229236375162474,1.9124834280421794,0.03576208888379839,0.08229236375162474,0.2342019312695257,0.21208463504686167,0.22742118716273785,0.2342019312695257,False,False,False,8.229236375162474,8.229236375162474
22,balanced,4,24,24,24,-0.4320384006908107,-0.01597808787115429,0.03346806431431987,0.4320384006908107,0.01597808787115429,0.03346806431431987,0.15170879484994793,0.18323392975480451,0.16022910158099024,0.18323392975480451,False,False,False,3.3468064314319865,3.3468064314319865
23,balanced,4,24,24,24,-0.902106855433157,-0.03213479358840177,0.05012256505210566,0.902106855433157,0.03213479358840177,0.05012256505210566,0.15264366183849284,0.10870491337688157,0.13000568020448736,0.15264366183849284,False,False,False,5.012256505210566,5.012256505210566
24,balanced,4,24,24,24,-1.2873029253094934,-0.021104504554350978,0.04994822084525702,1.2873029253094934,0.021104504554350978,0.04994822084525702,0.18117485562813596,0.1583712013632491,0.167909211398277,0.18117485562813596,False,False,False,4.994822084525702,4.994822084525702
25,balanced,4,24,24,24,-0.32038705957025826,-0.00527481723714085,0.012832713396543072,0.32038705957025826,0.00527481723714085,0.012832713396543072,0.14273880526365615,0.10566363722427341,0.13044352930038813,0.14273880526365615,False,False,False,1.2832713396543072,1.2832713396543072
26,balanced,4,24,24,24,-1.330128326138876,-0.03373037267613599,0.04442801629746418,1.330128326138876,0.03373037267613599,0.04442801629746418,0.2019431032850516,0.16428808103758402,0.17621651046104325,0.2019431032850516,False,False,False,4.442801629746418,4.442801629746418
27,balanced,4,24,24,24,-0.9519793332824094,-0.027925271430492282,0.030359594700181514,0.9519793332824094,0.027925271430492282,0.030359594700181514,0.11989964972072328,0.14773265170879485,0.15106977184511977,0.15106977184511977,False,False,False,3.035959470018151,3.035959470018151
28,balanced,4,24,24,24,0.5167204796065903,0.018952587108928998,-0.027005889835511887,0.5167204796065903,0.018952587108928998,0.027005889835511887,0.1306565369686642,0.10514295181293193,0.12213623023762189,0.1306565369686642,False,True,False,2.7005889835511887,2.7005889835511887
29,balanced,4,24,24,24,0.37080099769332264,0.013592624526340802,-0.027085242865040993,0.37080099769332264,0.013592624526340802,0.027085242865040993,0.12805310991195684,0.09559310801855533,0.12756792577866136,0.12805310991195684,False,True,False,2.7085242865040993,2.7085242865040993
30,balanced,4,24,24,24,1.1043705601284692,0.02692616245261703,-0.05025291651865338,1.1043705601284692,0.02692616245261703,0.05025291651865338,0.25497017892644136,0.24506532235160466,0.26133674145602576,0.26133674145602576,False,False,False,5.025291651865338,5.025291651865338
31,balanced,4,24,24,24,-1.601585720102996,-0.051560091365259186,0.05902366441606843,1.601585720102996,0.051560091365259186,0.05902366441606843,0.20132774779892076,0.20797832055287324,0.16298636750923035,0.20797832055287324,False,False,False,5.902366441606843,5.902366441606843
32,balanced,4,24,24,24,-0.08623533856955135,-0.01148172829437466,0.011268436991864306,0.08623533856955135,0.01148172829437466,0.011268436991864306,0.09862255041181482,0.09719066553062577,0.1476734829120515,0.1476734829120515,False,False,False,1.148172829437466,1.148172829437466
33,balanced,4,24,24,24,-0.6850466471126069,-0.02999341228493224,0.01862087450543415,0.6850466471126069,0.02999341228493224,0.01862087450543415,0.14994556470699613,0.17067831108586576,0.11984048092397993,0.17067831108586576,False,False,False,2.999341228493224,2.999341228493224
34,balanced,4,24,24,24,-0.14110411616270113,-0.02321058624871719,0.0248371947146393,0.14110411616270113,0.02321058624871719,0.0248371947146393,0.1402892170784815,0.14324765691564897,0.2015880905045915,0.2015880905045915,False,False,False,2.48371947146393,2.48371947146393
35,balanced,4,24,24,24,0.26918409852093816,0.009544892967859542,-0.0012495985664987552,0.26918409852093816,0.009544892967859542,0.0012495985664987552,0.13045536305973682,0.10679967812174572,0.11171068825144372,0.13045536305973682,True,True,True,0.9544892967859542,0.9544892967859542
36,balanced,4,24,24,24,0.21868199694058887,0.020473911226907004,-0.010836736371176325,0.21868199694058887,0.020473911226907004,0.010836736371176325,0.11901211776957304,0.14188677459055193,0.13178074410678783,0.14188677459055193,False,False,False,2.0473911226907004,2.0473911226907004
37,balanced,4,24,24,24,0.18976861822504176,-0.009311513243994263,0.009655656997059558,0.18976861822504176,0.009311513243994263,0.009655656997059558,0.1429518129319322,0.12211256271892455,0.08914370917353025,0.1429518129319322,True,False,False,0.9655656997059558,1.02108437808523
38,balanced,4,24,24,24,0.7305152275951201,0.018104694894074402,-0.020330727017229266,0.7305152275951201,0.018104694894074402,0.020330727017229266,0.11346208463504687,0.12554435293003882,0.11316624065133012,0.12554435293003882,False,True,False,2.0330727017229266,2.0330727017229266
39,balanced,4,24,24,24,0.650939569750463,0.004041227312006956,-0.00963222537567765,0.650939569750463,0.004041227312006956,0.00963222537567765,0.15830019880715707,0.10096563476285146,0.11310707185458677,0.15830019880715707,False,False,False,1.301879139500926,1.301879139500926
40,balanced,4,24,24,24,-0.4918282569657464,-0.0068929492323414054,0.02668309157957094,0.4918282569657464,0.0068929492323414054,0.02668309157957094,0.14493988450250875,0.1529750071002556,0.1317570765880905,0.1529750071002556,False,False,False,2.668309157957094,2.668309157957094
41,balanced,4,24,24,24,-0.33003881983058037,-0.01699159283328089,0.02118834799398378,0.33003881983058037,0.01699159283328089,0.02118834799398378,0.08300198807157058,0.1025631922749219,0.11205386727255515,0.11205386727255515,False,True,False,2.118834799398378,2.118834799398378
42,balanced,4,24,24,24,-0.7245305122147769,-0.029867318658909348,0.06957919795309053,0.7245305122147769,0.029867318658909348,0.06957919795309053,0.16035927293382563,0.15253715800435483,0.20767064280980782,0.20767064280980782,False,False,False,6.957919795309053,6.957919795309053
43,balanced,4,24,24,24,-0.08076983106236924,0.02089931951077606,0.0228010028811238,0.08076983106236924,0.02089931951077606,0.0228010028811238,0.1117935245668844,0.16286802991574365,0.13063286944996685,0.16286802991574365,False,False,False,2.2801002881123797,2.2801002881123797
44,balanced,4,24,24,24,0.18335193979642028,-0.011517934390784745,0.009863492805454732,0.18335193979642028,0.011517934390784745,0.009863492805454732,0.13126005869544638,0.10578197481776011,0.14395768247656915,0.14395768247656915,False,False,False,1.1517934390784745,1.1517934390784745
45,balanced,4,24,24,24,-0.6653516432851205,-0.009094445545356766,0.00499299394209618,0.6653516432851205,0.009094445545356766,0.00499299394209618,0.14379200984568777,0.13052636561582884,0.15949540850137273,0.15949540850137273,False,False,False,1.330703286570241,1.330703286570241
46,balanced,4,24,24,24,0.5670107860157145,0.035162991644063335,-0.01642838081102138,0.5670107860157145,0.035162991644063335,0.01642838081102138,0.164252579759538,0.2158122692416927,0.11928429423459244,0.2158122692416927,False,False,False,3.5162991644063335,3.5162991644063335
47,balanced,4,24,24,24,0.053401456156422,0.0066004942964699165,0.007193197579378752,0.053401456156422,0.0066004942964699165,0.007193197579378752,0.12148537347344504,0.08623260437375746,0.138478651898135,0.138478651898135,True,True,True,0.7193197579378752,0.9891332278438213
48,balanced,4,24,24,24,0.5583509463855805,0.033679266881068814,-0.02606602641200606,0.5583509463855805,0.033679266881068814,0.02606602641200606,0.1308577108775916,0.19751727728864907,0.13772129129982014,0.19751727728864907,False,False,False,3.3679266881068814,3.3679266881068814
49,balanced,4,24,24,24,-0.00043564450837507707,0.0017400136700452817,-0.018708490062560035,0.00043564450837507707,0.0017400136700452817,0.018708490062560035,0.12322493609769952,0.10590031241124681,0.14437186405377261,0.14437186405377261,False,False,False,1.8708490062560035,1.8708490062560035
50,balanced,4,24,24,24,-0.6180970014343785,-0.00798313432820763,-0.00044116307428093693,0.6180970014343785,0.00798313432820763,0.00044116307428093693,0.1880621035690618,0.16676133674145602,0.13268010981728676,0.1880621035690618,False,False,False,1.236194002868757,1.3433007397790129
51,balanced,4,24,24,24,-0.3920840165227446,-0.010826296993971862,0.01981337237104136,0.3920840165227446,0.010826296993971862,0.01981337237104136,0.13827747798920761,0.1295559973492379,0.14764981539335417,0.14764981539335417,False,False,False,1.981337237104136,1.981337237104136
52,balanced,4,24,24,24,-0.4253453553924942,-0.011048799891153926,0.04389464413369115,0.4253453553924942,0.011048799891153926,0.04389464413369115,0.09210214901069771,0.1508567641768437,0.2117296222664016,0.2117296222664016,False,False,False,4.389464413369115,4.389464413369115
53,balanced,4,24,24,24,-0.7831841052780817,-0.005739771961055018,0.033717171527389844,0.7831841052780817,0.005739771961055018,0.033717171527389844,0.14473871059358137,0.1532590173246237,0.15551926536021962,0.15551926536021962,False,False,False,3.3717171527389844,3.3717171527389844
54,balanced,4,24,24,24,-1.7377816181589942,-0.043021676330647574,0.07644545357296273,1.7377816181589942,0.043021676330647574,0.07644545357296273,0.15439505822209598,0.2194689008804317,0.17999147969326895,0.2194689008804317,False,False,False,7.6445453572962725,7.6445453572962725
55,balanced,4,24,24,24,-1.188685669621826,-0.04297510771838964,0.056584222170158904,1.188685669621826,0.04297510771838964,0.056584222170158904,0.1455079049512449,0.1942748272271135,0.2304269620373,0.2304269620373,False,False,False,5.65842221701589,5.65842221701589
56,balanced,4,24,24,24,-0.6595007321446218,-0.015261067588012489,0.015512543503140797,0.6595007321446218,0.015261067588012489,0.015512543503140797,0.12457398466344788,0.10843273691186216,0.14697529111047997,0.14697529111047997,False,False,False,1.5512543503140797,1.5512543503140797
57,balanced,4,24,24,24,-0.8116428396313964,-0.01253155111161841,0.03874941395838566,0.8116428396313964,0.01253155111161841,0.03874941395838566,0.156868313925968,0.09680015147211966,0.14207611474013065,0.156868313925968,False,False,False,3.8749413958385657,3.8749413958385657
58,balanced,4,24,24,24,-0.6241549791107204,-0.015584390500069767,0.0398631599631849,0.6241549791107204,0.015584390500069767,0.0398631599631849,0.21745716179115782,0.16905708605509798,0.19152939505822208,0.21745716179115782,False,False,False,3.98631599631849,3.98631599631849
59,balanced,4,24,24,24,-0.16275156947076042,-4.963441578642591e-05,0.01416423490513713,0.16275156947076042,4.963441578642591e-05,0.01416423490513713,0.08306115686831393,0.12277525324245006,0.12785193600302944,0.12785193600302944,False,True,False,1.416423490513713,1.416423490513713
60,balanced,4,24,24,24,-1.4898934107234467,-0.031307751823346774,0.03929583922892321,1.4898934107234467,0.031307751823346774,0.03929583922892321,0.161779324055666,0.14368550601154975,0.14935387673956263,0.161779324055666,False,False,False,3.9295839228923213,3.9295839228923213
61,balanced,4,24,24,24,-0.35405831945042365,-0.004615728943428765,0.006754368005885691,0.35405831945042365,0.004615728943428765,0.006754368005885691,0.12316576730095617,0.136040897472309,0.12098835558080091,0.136040897472309,True,True,True,0.7081166389008473,0.9717206962307784
62,balanced,4,24,24,24,0.9188387253672303,0.011767755062499385,-0.0011357567993861561,0.9188387253672303,0.011767755062499385,0.0011357567993861561,0.13650241408690714,0.11585250402347817,0.12311843226356149,0.13650241408690714,False,True,False,1.8376774507344606,1.8376774507344606
63,balanced,4,24,24,24,-0.8811594785461168,-0.03895174328375017,0.040526341419611256,0.8811594785461168,0.03895174328375017,0.040526341419611256,0.17379058979456594,0.17188535453943007,0.2220249928997444,0.2220249928997444,False,False,False,4.052634141961126,4.052634141961126
64,balanced,4,24,24,24,0.8428569891840851,0.017571448148409052,-0.02778194898496561,0.8428569891840851,0.017571448148409052,0.02778194898496561,0.15763750828363154,0.14801666193316293,0.15621745716179117,0.15763750828363154,False,False,False,2.7781948984965608,2.7781948984965608
65,balanced,4,24,24,24,0.15223672576646408,0.020894266775368986,-0.01865394079194127,0.15223672576646408,0.020894266775368986,0.01865394079194127,0.10116680867177885,0.11047997727918205,0.15711682287229006,0.15711682287229006,False,False,False,2.0894266775368986,2.0894266775368986
66,balanced,4,24,24,24,-0.3759093027521807,-0.02051949986704349,0.040081845834796126,0.3759093027521807,0.02051949986704349,0.040081845834796126,0.16478509893022816,0.15893922181198522,0.18137602953706333,0.18137602953706333,False,False,False,4.008184583479612,4.008184583479612
67,balanced,4,24,24,24,-0.8898342988103849,-0.043687342245261385,0.012525854715400964,0.8898342988103849,0.043687342245261385,0.012525854715400964,0.1465019407365332,0.15400454416358988,0.15393354160749786,0.15400454416358988,False,False,False,4.368734224526138,4.368734224526138
68,balanced,4,24,24,24,-1.7064689140727367,-0.05318796996164421,0.062316328680708355,1.7064689140727367,0.05318796996164421,0.062316328680708355,0.290435955694405,0.2506745242828742,0.2194333996023857,0.290435955694405,False,False,False,6.231632868070835,6.231632868070835
69,balanced,4,24,24,24,-0.1982356450170215,0.01024730266245022,-0.01953458482777687,0.1982356450170215,0.01024730266245022,0.01953458482777687,0.09689482154690902,0.09443339960238568,0.1511762756792578,0.1511762756792578,False,False,False,1.9534584827776869,1.9534584827776869
70,balanced,4,24,24,24,-0.6038626572697439,-0.012162635613362949,0.02517158142844289,0.6038626572697439,0.012162635613362949,0.02517158142844289,0.1559216131780744,0.09527359651614124,0.1378514626526555,0.1559216131780744,False,False,False,2.517158142844289,2.517158142844289
71,balanced,4,24,24,24,-0.9253330370992359,-0.03151819098878095,0.06335906878977493,0.9253330370992359,0.03151819098878095,0.06335906878977493,0.1729030578434157,0.1464901069771845,0.21717315156678973,0.21717315156678973,False,False,False,6.335906878977493,6.335906878977493
72,balanced,4,24,24,24,-1.2916735550969989,-0.029284218836705067,0.06708561482150754,1.2916735550969989,0.029284218836705067,0.06708561482150754,0.13179257786613652,0.14899886395910253,0.1879911010129698,0.1879911010129698,False,False,False,6.708561482150754,6.708561482150754
73,balanced,4,24,24,24,-0.2070428273288698,-0.005517714856944633,0.017473612374259817,0.2070428273288698,0.005517714856944633,0.017473612374259817,0.0932500236675187,0.16510461043264224,0.11567499763324814,0.16510461043264224,False,False,False,1.7473612374259817,1.7473612374259817
74,balanced,4,24,24,24,-0.794876192133664,-0.00010151901730015567,0.012382846874441078,0.794876192133664,0.00010151901730015567,0.012382846874441078,0.16420524472214332,0.15625295843983716,0.16477326517087948,0.16477326517087948,False,False,False,1.589752384267328,1.589752384267328
75,balanced,4,24,24,24,-0.47138942690791197,-0.03148219102509886,0.0359990057435568,0.47138942690791197,0.03148219102509886,0.0359990057435568,0.12994651140774402,0.15963741361355677,0.14344883082457635,0.15963741361355677,False,False,False,3.59990057435568,3.59990057435568
76,balanced,4,24,24,24,-3.257472568870579,-0.07773208482949046,0.09430356844260712,3.257472568870579,0.07773208482949046,0.09430356844260712,0.36337924831960616,0.3161152134810187,0.24908880053015242,0.36337924831960616,False,False,False,9.430356844260713,9.430356844260713
77,balanced,4,24,24,24,0.39639288771054737,0.02180286756269023,-0.03297129047791736,0.39639288771054737,0.02180286756269023,0.03297129047791736,0.09491858373568116,0.15269099687588752,0.16420524472214332,0.16420524472214332,False,False,False,3.297129047791736,3.297129047791736
78,balanced,4,24,24,24,0.5863615928879611,0.02376300107550544,-0.03048256450400305,0.5863615928879611,0.02376300107550544,0.03048256450400305,0.11939079806873047,0.13320079522862824,0.1258638644324529,0.13320079522862824,False,True,False,3.048256450400305,3.048256450400305
79,balanced,4,24,24,24,-1.1608983418554324,-0.020075560747465415,0.016391388844643806,1.1608983418554324,0.020075560747465415,0.016391388844643806,0.1481823345640443,0.1767845309097794,0.16087995834516708,0.1767845309097794,False,False,False,2.321796683710865,2.321796683710865
80,balanced,4,24,24,24,-0.7176123203048306,0.006802552800495798,0.00023708966493019012,0.7176123203048306,0.006802552800495798,0.00023708966493019012,0.18648821357568873,0.13649058032755845,0.12501183375934866,0.18648821357568873,False,False,False,1.4352246406096612,1.4352246406096612
81,balanced,4,24,24,24,-0.14799194944003702,0.00142467405509894,-0.014461744803990317,0.14799194944003702,0.00142467405509894,0.014461744803990317,0.1385614882135757,0.12780460096563476,0.15807535737953232,0.15807535737953232,False,False,False,1.4461744803990317,1.4461744803990317
82,balanced,4,24,24,24,0.3975746491342278,0.017116294663269027,-0.021695759064262465,0.3975746491342278,0.017116294663269027,0.021695759064262465,0.1534956925115971,0.14996923222569347,0.1411175802328884,0.1534956925115971,False,False,False,2.1695759064262465,2.1695759064262465
83,balanced,4,24,24,24,0.34709177998594143,0.0065136503290328385,0.00549348188186094,0.34709177998594143,0.0065136503290328385,0.00549348188186094,0.10961611284672915,0.10898892360124965,0.12891697434440974,0.12891697434440974,True,True,True,0.6941835599718829,0.9208355310314981
84,balanced,4,24,24,24,-1.041771545132967,-0.034779742249727574,0.056405742425415795,1.041771545132967,0.034779742249727574,0.056405742425415795,0.1514839534223232,0.15622929092113982,0.16847723184701316,0.16847723184701316,False,False,False,5.64057424254158,5.64057424254158
85,balanced,4,24,24,24,-0.17642970295845117,-0.02660262449471218,0.009039724018369,0.17642970295845117,0.02660262449471218,0.009039724018369,0.08129792672536211,0.1425612988734261,0.09432689576824765,0.1425612988734261,False,False,False,2.660262449471218,2.660262449471218
86,balanced,4,24,24,24,-0.9035915673981876,-0.013739764580012137,0.029115382354651387,0.9035915673981876,0.013739764580012137,0.029115382354651387,0.1378159613746095,0.09088327179778471,0.12361545015620562,0.1378159613746095,False,True,False,2.9115382354651387,2.9115382354651387
87,balanced,4,24,24,24,0.6972612399648384,0.03625642270954321,-0.02752251231800107,0.6972612399648384,0.03625642270954321,0.02752251231800107,0.16883224462747326,0.2509111994698476,0.15845403767868976,0.2509111994698476,False,False,False,3.6256422709543212,3.6256422709543212
88,balanced,4,24,24,24,-0.2667430779546187,-0.0029659841347547955,0.0025610670037010674,0.2667430779546187,0.0029659841347547955,0.0025610670037010674,0.10322588279844741,0.16562529584398372,0.13296412004165484,0.16562529584398372,True,False,False,0.5334861559092374,1.1830378274570266
89,balanced,4,24,24,24,-0.6894841731796859,-0.014126991121850563,0.021243258462542935,0.6894841731796859,0.014126991121850563,0.021243258462542935,0.12920098456877782,0.12701173908927388,0.1507857616207517,0.1507857616207517,False,False,False,2.1243258462542935,2.1243258462542935
90,balanced,4,24,24,24,0.20259748486586204,0.010949973127363233,-0.012623110082055522,0.20259748486586204,0.010949973127363233,0.012623110082055522,0.09985326138407649,0.13507052920571808,0.1343131686074032,0.13507052920571808,False,True,False,1.2623110082055522,1.2623110082055522
91,balanced,4,24,24,24,-0.09702004404953612,0.010843252252656477,-0.0013637138320065079,0.09702004404953612,0.010843252252656477,0.0013637138320065079,0.15167329357190193,0.16198049796459338,0.10479977279182051,0.16198049796459338,False,False,False,1.0843252252656477,1.1570035568899526
92,balanced,4,24,24,24,-1.7913996916224093,-0.033659336357196756,0.054601050686037045,1.7913996916224093,0.033659336357196756,0.054601050686037045,0.1907365331818612,0.20546956357095522,0.2305452996307867,0.2305452996307867,False,False,False,5.4601050686037045,5.4601050686037045
93,balanced,4,24,24,24,-0.6757204672901622,-0.011236288163941843,0.027872316467210445,0.6757204672901622,0.011236288163941843,0.027872316467210445,0.15125911199469846,0.14947221433304933,0.1310115497491243,0.15125911199469846,False,False,False,2.7872316467210445,2.7872316467210445
94,balanced,4,24,24,24,-1.9445882381210993,-0.05811877661832299,0.08523997610677786,1.9445882381210993,0.05811877661832299,0.08523997610677786,0.21948073463978038,0.17566032377165577,0.27543074884029156,0.27543074884029156,False,False,False,8.523997610677785,8.523997610677785
95,balanced,4,24,24,24,-0.1956817051976607,-0.009092200437070153,0.022636843462729483,0.1956817051976607,0.009092200437070153,0.022636843462729483,0.15131828079144183,0.13947268768342327,0.1028353687399413,0.15131828079144183,False,False,False,2.263684346272948,2.263684346272948
96,balanced,4,24,24,24,0.03955946950016909,0.025909243882813682,-0.030898992820387827,0.03955946950016909,0.025909243882813682,0.030898992820387827,0.17758922654548898,0.13272744485468144,0.1571049891129414,0.17758922654548898,False,False,False,3.0898992820387825,3.0898992820387825
97,balanced,4,24,24,24,-1.339519792915329,-0.05391636231430508,0.08088903261591429,1.339519792915329,0.05391636231430508,0.08088903261591429,0.16908075357379532,0.24649720723279372,0.27486272839155546,0.27486272839155546,False,False,False,8.08890326159143,8.08890326159143
98,balanced,4,24,24,24,-1.0960247259547238,-0.013771196096023397,0.06392213027546223,1.0960247259547238,0.013771196096023397,0.06392213027546223,0.17792057180725174,0.1735302470888952,0.21236864527122976,0.21236864527122976,False,False,False,6.392213027546223,6.392213027546223
99,balanced,4,24,24,24,-0.2643208644002861,0.0007666226338531867,0.019388474917604537,0.2643208644002861,0.0007666226338531867,0.019388474917604537,0.13452617627567925,0.13197008425636655,0.13509419672441542,0.13509419672441542,False,True,False,1.9388474917604537,1.9388474917604537
100,balanced,4,24,24,24,0.583575949946006,0.038938228151319865,-0.04661592336128778,0.583575949946006,0.038938228151319865,0.04661592336128778,0.1184795985988829,0.17122266401590458,0.19289027738331913,0.19289027738331913,False,False,False,4.661592336128778,4.661592336128778
101,balanced,4,24,24,24,-0.8364977579524506,-0.03503410693395259,0.046788832255893975,0.8364977579524506,0.03503410693395259,0.046788832255893975,0.16607497869923318,0.15893922181198522,0.14473871059358137,0.16607497869923318,False,False,False,4.678883225589398,4.678883225589398
102,balanced,4,24,24,24,-1.0386788587978373,-0.027474061786016746,0.033944925686910155,1.0386788587978373,0.027474061786016746,0.033944925686910155,0.16693884313168608,0.14827700463883367,0.12702357284862256,0.16693884313168608,False,False,False,3.3944925686910152,3.3944925686910152
103,balanced,4,24,24,24,-0.2769711952617939,-0.005690496304511794,0.012135105911587174,0.2769711952617939,0.005690496304511794,0.012135105911587174,0.11444428666098647,0.17312789927104041,0.18156536968664205,0.18156536968664205,False,False,False,1.2135105911587174,1.2968954977617289
104,balanced,4,24,24,24,0.36102452464790247,0.018302541336534528,-0.035527555809722555,0.36102452464790247,0.018302541336534528,0.035527555809722555,0.1381946416737669,0.12935482344031052,0.207090788601723,0.207090788601723,False,False,False,3.5527555809722555,3.5527555809722555
105,balanced,4,24,24,24,-1.3522507092563671,-0.0135575308291922,0.021717898630792543,1.3522507092563671,0.0135575308291922,0.021717898630792543,0.13447884123828457,0.1042909211398277,0.10870491337688157,0.13447884123828457,False,True,False,2.7045014185127343,2.7045014185127343
106,balanced,4,24,24,24,-0.06575959336849735,-0.0037385112433443446,-0.00988651384667072,0.06575959336849735,0.0037385112433443446,0.00988651384667072,0.1308932121556376,0.134893022815488,0.1334138028969043,0.134893022815488,True,True,True,0.9886513846670719,0.9886513846670719
107,balanced,4,24,24,24,-0.966508680702205,-0.004135479419311694,0.05438326850776337,0.966508680702205,0.004135479419311694,0.05438326850776337,0.21258165293950582,0.15830019880715707,0.21197813121272366,0.21258165293950582,False,False,False,5.438326850776337,5.438326850776337
108,balanced,4,24,24,24,-0.34624462735745354,-0.008648437647900131,0.003682868638330894,0.34624462735745354,0.008648437647900131,0.003682868638330894,0.11844409732083688,0.19151756129887343,0.20079522862823063,0.20079522862823063,True,False,False,0.8648437647900131,1.43425163305879
109,balanced,4,24,24,24,-0.4089061559448197,-0.009482618310930224,0.02109437288959215,0.4089061559448197,0.009482618310930224,0.02109437288959215,0.1189884502508757,0.1425612988734261,0.12029016377922938,0.1425612988734261,False,False,False,2.109437288959215,2.109437288959215
110,balanced,4,24,24,24,0.5800485868046295,0.03261445597918744,-0.026832663060531392,0.5800485868046295,0.03261445597918744,0.026832663060531392,0.22785903625863865,0.16595664110574648,0.15008756981918014,0.22785903625863865,False,False,False,3.261445597918744,3.261445597918744
111,balanced,4,24,24,24,-0.4990230144272445,-0.015448196370283829,0.03084453514088592,0.4990230144272445,0.015448196370283829,0.03084453514088592,0.13825381047051027,0.11376976237811227,0.14353166714001703,0.14353166714001703,False,False,False,3.084453514088592,3.084453514088592
112,balanced,4,24,24,24,1.066565380373671,0.04453848561755647,-0.055917664658334365,1.066565380373671,0.04453848561755647,0.055917664658334365,0.1996236864527123,0.21800151472119664,0.17354208084824388,0.21800151472119664,False,False,False,5.5917664658334365,5.5917664658334365
113,balanced,4,24,24,24,0.06043349293775435,0.02187201640121117,-0.029558171745445894,0.06043349293775435,0.02187201640121117,0.029558171745445894,0.13406465966108114,0.13090504591498628,0.15827653128845973,0.15827653128845973,False,False,False,2.955817174544589,2.955817174544589
114,balanced,4,24,24,24,0.6165255167872132,0.011987819136300315,-0.025902430133327714,0.6165255167872132,0.011987819136300315,0.025902430133327714,0.21536258638644323,0.1449280507431601,0.16517561298873426,0.21536258638644323,False,False,False,2.5902430133327714,2.5902430133327714
115,balanced,4,24,24,24,1.1538655220261056,0.016820871692020734,-0.04470518347253971,1.1538655220261056,0.016820871692020734,0.04470518347253971,0.17379058979456594,0.16149531383129792,0.18989633626810565,0.18989633626810565,False,False,False,4.470518347253971,4.470518347253971
116,balanced,4,24,24,24,0.6571827787945885,0.012647707125663654,-0.005693897521800273,0.6571827787945885,0.012647707125663654,0.005693897521800273,0.1480639969705576,0.1543122219066553,0.14077440121177695,0.1543122219066553,False,False,False,1.314365557589177,1.314365557589177
117,balanced,4,24,24,24,-1.6054171464056495,-0.04585396239050343,0.07291701941062473,1.6054171464056495,0.04585396239050343,0.07291701941062473,0.14875035501278047,0.16471409637413614,0.23120799015431223,0.23120799015431223,False,False,False,7.291701941062473,7.291701941062473
118,balanced,4,24,24,24,-1.4379415652363754,-0.03070533388741925,0.027651892902895436,1.4379415652363754,0.03070533388741925,0.027651892902895436,0.17460711918962415,0.1594244059452807,0.1392596800151472,0.17460711918962415,False,False,False,3.070533388741925,3.070533388741925
119,balanced,4,24,24,24,-1.230131997784916,-0.038430176564932195,0.048294963708713445,1.230131997784916,0.038430176564932195,0.048294963708713445,0.20102007005585534,0.20235728486225504,0.19201457919151757,0.20235728486225504,False,False,False,4.829496370871344,4.829496370871344
120,balanced,4,24,24,24,-0.110580537836654,-0.0024447477250114646,0.00940535753587235,0.110580537836654,0.0024447477250114646,0.00940535753587235,0.12044400265076209,0.08783016188582789,0.12879863675092304,0.12879863675092304,True,True,True,0.940535753587235,0.940535753587235
121,balanced,4,24,24,24,-2.486842288693744,-0.06992256754525683,0.07993425483747707,2.486842288693744,0.06992256754525683,0.07993425483747707,0.2521655779608066,0.28093344693742306,0.25244958818517466,0.28093344693742306,False,False,False,7.993425483747707,7.993425483747707
122,balanced,4,24,24,24,-2.1990447979380647,-0.05621070403742978,0.10660337044168888,2.1990447979380647,0.05621070403742978,0.10660337044168888,0.23749171636845592,0.25339628893306826,0.2839037205339392,0.2839037205339392,False,False,False,10.660337044168887,10.660337044168887
123,balanced,4,24,24,24,-0.9681827764919149,-0.0030105746178633597,0.034986338661307737,0.9681827764919149,0.0030105746178633597,0.034986338661307737,0.1731752343084351,0.1811985231468333,0.2068541134147496,0.2068541134147496,False,False,False,3.4986338661307737,3.4986338661307737
124,balanced,4,24,24,24,-0.29784911286932925,-0.008948548276108026,0.01890469195564004,0.29784911286932925,0.008948548276108026,0.01890469195564004,0.12144987219539903,0.09107261194736344,0.0913211208936855,0.12144987219539903,False,True,False,1.890469195564004,1.890469195564004
125,balanced,4,24,24,24,-0.3376684527805125,-0.011186792094390552,0.022372603499586585,0.3376684527805125,0.011186792094390552,0.022372603499586585,0.10277619994319795,0.08969989586291773,0.13051453185648015,0.13051453185648015,False,True,False,2.2372603499586585,2.2372603499586585
126,balanced,4,24,24,24,-0.705120001356704,-0.031222637632370542,0.03358027409384057,0.705120001356704,0.031222637632370542,0.03358027409384057,0.1668915080942914,0.17968380195020353,0.18190854870775347,0.18190854870775347,False,False,False,3.3580274093840567,3.3580274093840567
127,balanced,4,24,24,24,-1.4534837346482945,-0.05312844106443715,0.059481744116736956,1.4534837346482945,0.05312844106443715,0.059481744116736956,0.15671447505443528,0.2116112846729149,0.12917731705008048,0.2116112846729149,False,False,False,5.948174411673696,5.948174411673696
128,balanced,4,24,24,24,-1.391216570259104,-0.029791762321075055,0.055319516226595034,1.391216570259104,0.029791762321075055,0.055319516226595034,0.22778803370254663,0.2152915838303512,0.2615852504023478,0.2615852504023478,False,False,False,5.531951622659503,5.531951622659503
129,balanced,4,24,24,24,-1.8970197579473513,-0.06220651531108301,0.06781445110459561,1.8970197579473513,0.06220651531108301,0.06781445110459561,0.20012070434535642,0.20742213386348576,0.24430796175328978,0.24430796175328978,False,False,False,6.78144511045956,6.78144511045956
130,balanced,4,24,24,24,-1.0303779186020776,-0.02403092994181466,0.03768781425674239,1.0303779186020776,0.02403092994181466,0.03768781425674239,0.1390230048281738,0.16282069487834896,0.14356716841806305,0.16282069487834896,False,False,False,3.768781425674239,3.768781425674239
131,balanced,4,24,24,24,-0.05955554457600343,-0.003392985601108345,-0.001801820233519602,0.05955554457600343,0.003392985601108345,0.001801820233519602,0.11288223042696204,0.12387579286187636,0.13296412004165484,0.13296412004165484,True,True,True,0.3392985601108345,0.9497437145832488
132,balanced,4,24,24,24,-0.5045817435988873,-0.002450914322218445,0.02845720768838661,0.5045817435988873,0.002450914322218445,0.02845720768838661,0.15748366941209885,0.10532045820316198,0.151921802518224,0.15748366941209885,False,False,False,2.8457207688386608,2.8457207688386608
133,balanced,4,24,24,24,0.182484453796377,0.0028340084961236967,0.007015176511004639,0.182484453796377,0.0028340084961236967,0.007015176511004639,0.10516661933162927,0.09280034081226925,0.128656631638739,0.128656631638739,True,True,True,0.7015176511004639,0.918975940276707
134,balanced,4,24,24,24,-0.07190991850787043,0.007060617318867091,-0.002334030261940012,0.07190991850787043,0.007060617318867091,0.002334030261940012,0.1411175802328884,0.17113982770046388,0.1510579380857711,0.17113982770046388,True,False,False,0.7060617318867091,1.222427340717599
135,balanced,4,24,24,24,-0.5116267344563887,-0.013821639010192954,0.01557065492738674,0.5116267344563887,0.013821639010192954,0.01557065492738674,0.1270827416453659,0.12253857805547666,0.11231420997822589,0.1270827416453659,False,True,False,1.557065492738674,1.557065492738674
136,balanced,4,24,24,24,0.9204985955150065,0.03642750666650074,-0.04486853993565343,0.9204985955150065,0.03642750666650074,0.04486853993565343,0.23131449398845025,0.19999053299252106,0.16574363343747042,0.23131449398845025,False,False,False,4.486853993565343,4.486853993565343
137,balanced,4,24,24,24,0.4592424490840017,0.011427254836876566,-0.0060241111343658504,0.4592424490840017,0.011427254836876566,0.0060241111343658504,0.15590977941872575,0.17096232131023384,0.14832433967622835,0.17096232131023384,False,False,False,1.1427254836876566,1.2211594379302415
138,balanced,4,24,24,24,-0.46818404805762626,-0.0213121522355888,0.026976221479420026,0.46818404805762626,0.0213121522355888,0.026976221479420026,0.1403247183565275,0.1252366751869734,0.1583712013632491,0.1583712013632491,False,False,False,2.6976221479420026,2.6976221479420026
139,balanced,4,24,24,24,-1.544819448511788,-0.021934547661623505,0.017363178006007007,1.544819448511788,0.021934547661623505,0.017363178006007007,0.21505490864337784,0.1326919435766354,0.1369757644608539,0.21505490864337784,False,False,False,3.089638897023576,3.089638897023576
140,balanced,4,24,24,24,0.9673155008544612,0.040747368197757705,-0.02454641670366653,0.9673155008544612,0.040747368197757705,0.02454641670366653,0.14348433210262235,0.17812174571617911,0.12664489254946512,0.17812174571617911,False,False,False,4.0747368197757705,4.0747368197757705
141,balanced,4,24,24,24,-0.2784655631790862,-0.03132344522961139,0.030252040757432375,0.2784655631790862,0.03132344522961139,0.030252040757432375,0.12236107166524661,0.1436618384928524,0.16564896336268106,0.16564896336268106,False,False,False,3.132344522961139,3.132344522961139
142,balanced,4,24,24,24,-2.198975775759454,-0.06669641275096183,0.0655096025106256,2.198975775759454,0.06669641275096183,0.0655096025106256,0.198523146833286,0.20157625674524282,0.18993183754615167,0.20157625674524282,False,False,False,6.669641275096183,6.669641275096183
143,balanced,4,24,24,24,1.5098389246851305,0.025207072606801217,-0.01290014610693413,1.5098389246851305,0.025207072606801217,0.01290014610693413,0.1778850705292057,0.16687967433494272,0.11864527122976427,0.1778850705292057,False,False,False,3.019677849370261,3.019677849370261
144,balanced,4,24,24,24,-0.135307147225749,-0.0096585538376176,0.009308434795533449,0.135307147225749,0.0096585538376176,0.009308434795533449,0.1196156394963552,0.10341522294802613,0.09219681908548708,0.1196156394963552,True,True,True,0.9658553837617601,0.9658553837617601
145,balanced,4,24,24,24,0.2744487979799928,0.008782496165353648,-0.021329218749012446,0.2744487979799928,0.008782496165353648,0.021329218749012446,0.13630124017797973,0.14632443434630313,0.17135283536873994,0.17135283536873994,False,False,False,2.1329218749012444,2.1329218749012444
146,balanced,4,24,24,24,-0.6794994017690428,0.001215987017868958,0.005172316223326923,0.6794994017690428,0.001215987017868958,0.005172316223326923,0.1302660229101581,0.09436239704629366,0.14878585629082647,0.14878585629082647,False,False,False,1.3589988035380856,1.3589988035380856
147,balanced,4,24,24,24,1.0492213824182954,0.031168410044033257,-0.02220252396296024,1.0492213824182954,0.031168410044033257,0.02220252396296024,0.16473776389283348,0.2318825144371864,0.17118716273785856,0.2318825144371864,False,False,False,3.1168410044033257,3.1168410044033257
148,balanced,4,24,24,24,0.6559883215815887,0.014705625783520748,-0.02030200580513064,0.6559883215815887,0.014705625783520748,0.02030200580513064,0.13260910726119474,0.13508236296506673,0.18615686831392597,0.18615686831392597,False,False,False,2.030200580513064,2.030200580513064
149,balanced,4,24,24,24,-0.453077807149203,-0.0073864831416613486,0.005401633452569721,0.453077807149203,0.0073864831416613486,0.005401633452569721,0.12705907412666856,0.14205244722143331,0.13137839628893308,0.14205244722143331,True,False,False,0.906155614298406,1.0146603372959522
150,balanced,4,24,24,24,-0.6467654447963014,-0.02430788292376307,0.006842688895705773,0.6467654447963014,0.02430788292376307,0.006842688895705773,0.15017040613462085,0.1569866515194547,0.1383248130266023,0.1569866515194547,False,False,False,2.430788292376307,2.430788292376307
151,balanced,4,24,24,24,-0.13758442215224065,0.0008000732572068792,0.001708583368554062,0.13758442215224065,0.0008000732572068792,0.001708583368554062,0.11475196440405187,0.1306565369686642,0.149519549370444,0.149519549370444,True,False,False,0.2751688443044813,1.0679967812174571
152,balanced,4,24,24,24,0.11815478988395611,0.010149397066354426,0.00990591873968033,0.11815478988395611,0.010149397066354426,0.00990591873968033,0.10842090315251349,0.11156868313925968,0.13491669033418535,0.13491669033418535,False,True,False,1.0149397066354426,1.0149397066354426
153,balanced,4,24,24,24,-0.4059846144130361,-0.013007058341187094,0.03461038376137093,0.4059846144130361,0.013007058341187094,0.03461038376137093,0.16876124207138124,0.13091687967433494,0.20247562245574174,0.20247562245574174,False,False,False,3.4610383761370933,3.4610383761370933
154,balanced,4,24,24,24,-1.8712035359153347,-0.06567635376143643,0.08674205723771794,1.8712035359153347,0.06567635376143643,0.08674205723771794,0.2376573889993373,0.24983432736911862,0.27210546246331535,0.27210546246331535,False,False,False,8.674205723771793,8.674205723771793
155,balanced,4,24,24,24,-0.8220058422497019,-0.010435928790649696,0.007042539699568473,0.8220058422497019,0.010435928790649696,0.007042539699568473,0.1867722238000568,0.13004118148253338,0.14789832433967623,0.1867722238000568,False,False,False,1.6440116844994037,1.6440116844994037
156,balanced,4,24,24,24,-1.6375072341372174,-0.044854142903170136,0.06586756286143686,1.6375072341372174,0.044854142903170136,0.06586756286143686,0.15892738805263656,0.15982675376313546,0.19111521348101865,0.19111521348101865,False,False,False,6.586756286143686,6.586756286143686
157,balanced,4,24,24,24,-0.2529929619242708,-0.005875818320990822,0.0019956294036851396,0.2529929619242708,0.005875818320990822,0.0019956294036851396,0.10999479314588659,0.11303606929849475,0.13214759064659662,0.13214759064659662,True,True,True,0.5875818320990822,0.9439113617614043
158,balanced,4,24,24,24,0.6048803189188803,0.006600006283441928,-0.022474340390469305,0.6048803189188803,0.006600006283441928,0.022474340390469305,0.11956830445896052,0.08952238947268769,0.11047997727918205,0.11956830445896052,False,True,False,2.2474340390469303,2.2474340390469303
159,balanced,4,24,24,24,-1.0711538931936317,-0.03061433497953514,0.06232495986788977,1.0711538931936317,0.03061433497953514,0.06232495986788977,0.15980308624443812,0.16990911672820222,0.16928192748272272,0.16990911672820222,False,False,False,6.232495986788977,6.232495986788977
160,balanced,4,24,24,24,-0.06730462523399439,-0.0036631535876595622,0.02046684789403702,0.06730462523399439,0.0036631535876595622,0.02046684789403702,0.08048139733030389,0.0975693458297832,0.10858657578339487,0.10858657578339487,False,True,False,2.046684789403702,2.046684789403702
161,balanced,4,24,24,24,-0.6663938304991497,-0.04520242401846464,0.019335035317832205,0.6663938304991497,0.04520242401846464,0.019335035317832205,0.11373426110006626,0.17026412950866232,0.11589983906087285,0.17026412950866232,False,False,False,4.520242401846463,4.520242401846463
162,balanced,4,24,24,24,-0.07707364769867553,-0.026166800299168402,0.02349274458606504,0.07707364769867553,0.026166800299168402,0.02349274458606504,0.17956546435671683,0.17964830067215753,0.16658383035122598,0.17964830067215753,False,False,False,2.6166800299168402,2.6166800299168402
163,balanced,4,24,24,24,0.32011098253621384,0.0016607755036347482,-0.02309427448615986,0.32011098253621384,0.0016607755036347482,0.02309427448615986,0.08536873994130455,0.10421991858373568,0.17775489917637036,0.17775489917637036,False,False,False,2.309427448615986,2.309427448615986
164,balanced,4,24,24,24,0.9295353749185047,0.01513906206798532,-0.03868884243449111,0.9295353749185047,0.01513906206798532,0.03868884243449111,0.21597794187257408,0.19106787844362397,0.1584895389567358,0.21597794187257408,False,False,False,3.868884243449111,3.868884243449111
165,balanced,4,24,24,24,-1.9159266095568377,-0.05139875525125004,0.08516369209557206,1.9159266095568377,0.05139875525125004,0.08516369209557206,0.21465256082552306,0.1818612136703588,0.20860550979835274,0.21465256082552306,False,False,False,8.516369209557206,8.516369209557206
166,balanced,4,24,24,24,-0.8828007123082955,-0.03665811681636344,0.03296496587737774,0.8828007123082955,0.03665811681636344,0.03296496587737774,0.18937565085676417,0.20735113130739374,0.18479598598882893,0.20735113130739374,False,False,False,3.665811681636344,3.665811681636344
167,balanced,4,24,24,24,-1.0238445740153352,-0.03125674266505296,0.03717086969186367,1.0238445740153352,0.03125674266505296,0.03717086969186367,0.16147164631260058,0.1391886774590552,0.1382419767111616,0.16147164631260058,False,False,False,3.7170869691863673,3.7170869691863673
168,balanced,4,24,24,24,-0.6965480388412857,-0.009853314497948018,0.010138094508344464,0.6965480388412857,0.009853314497948018,0.010138094508344464,0.12530767774306542,0.11928429423459244,0.09468190854870775,0.12530767774306542,False,True,False,1.3930960776825714,1.3930960776825714
169,balanced,4,24,24,24,-1.3867990316162526,-0.01225587838776998,0.03839347799241022,1.3867990316162526,0.01225587838776998,0.03839347799241022,0.1756129887342611,0.17880810375840198,0.14906986651519455,0.17880810375840198,False,False,False,3.839347799241022,3.839347799241022
170,balanced,4,24,24,24,-0.8593571326344502,-0.0338524852085913,0.01979566746323691,0.8593571326344502,0.0338524852085913,0.01979566746323691,0.1795062955599735,0.16766070245195494,0.1844173056896715,0.1844173056896715,False,False,False,3.38524852085913,3.38524852085913
171,balanced,4,24,24,24,-0.6964122594604696,-0.01263176762946605,0.029238170872076474,0.6964122594604696,0.01263176762946605,0.029238170872076474,0.143318659471741,0.09102527690996876,0.1153318186121367,0.143318659471741,False,False,False,2.9238170872076474,2.9238170872076474
172,balanced,4,24,24,24,-1.772222652158156,-0.03258077665058878,0.05253814262270362,1.772222652158156,0.03258077665058878,0.05253814262270362,0.19594338729527597,0.1440996875887532,0.13828931174855627,0.19594338729527597,False,False,False,5.253814262270362,5.253814262270362
173,balanced,4,24,24,24,0.7729616422245087,0.02558647479724785,-0.03110824532564105,0.7729616422245087,0.02558647479724785,0.03110824532564105,0.2007597273501846,0.17548281738142574,0.202215279750071,0.202215279750071,False,False,False,3.110824532564105,3.110824532564105
174,balanced,4,24,24,24,-0.38880337687422184,-0.004986452449242895,0.03748473781714318,0.38880337687422184,0.004986452449242895,0.03748473781714318,0.10648016661933163,0.09427956073085297,0.16718735207800814,0.16718735207800814,False,False,False,3.7484737817143174,3.7484737817143174
175,balanced,4,24,24,24,0.006528880078569443,-0.005012279886882132,0.023353946788801705,0.006528880078569443,0.005012279886882132,0.023353946788801705,0.08603143046483007,0.145862917731705,0.12773359840954274,0.145862917731705,False,False,False,2.3353946788801703,2.3353946788801703
176,balanced,4,24,24,24,-1.4419406991411208,-0.04459887856133915,0.06828617343921922,1.4419406991411208,0.04459887856133915,0.06828617343921922,0.21602527690996876,0.20117390892738804,0.21046341001609392,0.21602527690996876,False,False,False,6.828617343921922,6.828617343921922
177,balanced,4,24,24,24,-0.12153018923708103,-0.007654312887670933,0.01586310418565562,0.12153018923708103,0.007654312887670933,0.01586310418565562,0.13755561866893876,0.15430038814730665,0.15194547003692133,0.15430038814730665,False,False,False,1.5863104185655619,1.5863104185655619
178,balanced,4,24,24,24,-1.088161244115188,0.0037168836704090102,0.013419724152678725,1.088161244115188,0.0037168836704090102,0.013419724152678725,0.16664299914796932,0.12250307677743065,0.09088327179778471,0.16664299914796932,False,False,False,2.176322488230376,2.176322488230376
179,balanced,4,24,24,24,-0.050451372187286125,0.003554097176708626,0.012143247999195306,0.050451372187286125,0.003554097176708626,0.012143247999195306,0.12001798731420998,0.11984048092397993,0.13699943197955125,0.13699943197955125,False,True,False,1.2143247999195306,1.2143247999195306
180,balanced,4,24,24,24,0.8576094566574355,0.008611458153644502,-0.011465490091647212,0.8576094566574355,0.008611458153644502,0.011465490091647212,0.1504307488402916,0.1467386159235066,0.1400052068541134,0.1504307488402916,False,False,False,1.715218913314871,1.715218913314871
181,balanced,4,24,24,24,-0.032929275553495785,0.0008990107587174556,0.008383805481040674,0.032929275553495785,0.0008990107587174556,0.008383805481040674,0.12150904099214238,0.13230142951812932,0.16089179210451576,0.16089179210451576,True,False,False,0.8383805481040674,1.1492270864608267
182,balanced,4,24,24,24,-1.1191175124258486,-0.03522136858491254,0.048347849481994554,1.1191175124258486,0.03522136858491254,0.048347849481994554,0.18852362018365995,0.14015904572564614,0.1730568967149484,0.18852362018365995,False,False,False,4.834784948199455,4.834784948199455
183,balanced,4,24,24,24,0.38617923446402,0.020377202690759044,-0.021636148831551627,0.38617923446402,0.020377202690759044,0.021636148831551627,0.13213575688724793,0.13043169554103948,0.1334493041749503,0.1334493041749503,False,True,False,2.1636148831551627,2.1636148831551627
184,balanced,4,24,24,24,-1.4880905092964873,-0.05583028732625728,0.0732932184722963,1.4880905092964873,0.05583028732625728,0.0732932184722963,0.1865710498911294,0.23100681624538483,0.20223894726876834,0.23100681624538483,False,False,False,7.329321847229631,7.329321847229631
185,balanced,4,24,24,24,0.3446948785375099,0.0051015119861749225,0.0009948528271866985,0.3446948785375099,0.0051015119861749225,0.0009948528271866985,0.1308577108775916,0.1534483574742024,0.13129555997349238,0.1534483574742024,True,False,False,0.6893897570750198,1.0960596962443028
186,balanced,4,24,24,24,-0.4688141486257855,-0.0237100172925806,0.03467150879024894,0.4688141486257855,0.0237100172925806,0.03467150879024894,0.1474013064470321,0.15873804790305784,0.17362491716368456,0.17362491716368456,False,False,False,3.467150879024894,3.467150879024894
187,balanced,4,24,24,24,-0.9438159208705663,-0.03089474254735347,0.04436887110515819,0.9438159208705663,0.03089474254735347,0.04436887110515819,0.12665672630881378,0.1454724036731989,0.18660655116917543,0.18660655116917543,False,False,False,4.436887110515819,4.436887110515819
188,balanced,4,24,24,24,0.36735878972108793,0.01138867200525584,-0.006030147346412051,0.36735878972108793,0.01138867200525584,0.006030147346412051,0.09062292909211399,0.1099119568304459,0.11888194641673767,0.11888194641673767,False,True,False,1.138867200525584,1.138867200525584
189,balanced,4,24,24,24,0.08478858657582578,-0.0023642591028225635,0.031624803247495004,0.08478858657582578,0.0023642591028225635,0.031624803247495004,0.1427269715043075,0.11403010508378301,0.2165222948026129,0.2165222948026129,False,False,False,3.1624803247495,3.1624803247495
190,balanced,4,24,24,24,-0.8330921074956663,-0.01426922270544384,0.0506786211293887,0.8330921074956663,0.01426922270544384,0.0506786211293887,0.13650241408690714,0.10270519738710594,0.14011171068825146,0.14011171068825146,False,False,False,5.06786211293887,5.06786211293887
191,balanced,4,24,24,24,-0.5362266839752046,-0.026495041836183342,0.04092556091268307,0.5362266839752046,0.026495041836183342,0.04092556091268307,0.1540400454416359,0.16271419104421092,0.18474865095143425,0.18474865095143425,False,False,False,4.092556091268307,4.092556091268307
192,balanced,4,24,24,24,-0.8424335461070065,-0.015266897667329582,0.03433636242766508,0.8424335461070065,0.015266897667329582,0.03433636242766508,0.1455907412666856,0.11305973681719209,0.1463362681056518,0.1463362681056518,False,False,False,3.4336362427665077,3.4336362427665077
193,balanced,4,24,24,24,-1.0582026780853617,-0.03662351259477847,0.0505284183558774,1.0582026780853617,0.03662351259477847,0.0505284183558774,0.16027643661838492,0.16093912714191044,0.17258354634100162,0.17258354634100162,False,False,False,5.05284183558774,5.05284183558774
194,balanced,4,24,24,24,-0.11275666368101867,-0.0008827806898767943,0.01058411637563994,0.11275666368101867,0.0008827806898767943,0.01058411637563994,0.12371012023099498,0.16841806305026982,0.10903625863864433,0.16841806305026982,False,False,False,1.058411637563994,1.2029861646447844
195,balanced,4,24,24,24,0.46653559394587774,0.02866074453902212,-0.02599721052130638,0.46653559394587774,0.02866074453902212,0.02599721052130638,0.1264555523998864,0.17970746946890087,0.13916500994035785,0.17970746946890087,False,False,False,2.866074453902212,2.866074453902212
196,balanced,4,24,24,24,-0.3363574088821224,-0.008789627391975086,0.01056823996448969,0.3363574088821224,0.008789627391975086,0.01056823996448969,0.14046672346871153,0.10808955789075074,0.1507857616207517,0.1507857616207517,False,False,False,1.056823996448969,1.0770411544339404
197,balanced,4,24,24,24,-1.5544815203755995,-0.038370391864459674,0.060132083876623665,1.5544815203755995,0.038370391864459674,0.060132083876623665,0.19776578623497112,0.2518105651803465,0.20483054056612704,0.2518105651803465,False,False,False,6.013208387662367,6.013208387662367
198,balanced,4,24,24,24,-1.7574285806427525,-0.0544843002049934,0.07288584059347236,1.7574285806427525,0.0544843002049934,0.07288584059347236,0.20615592161317808,0.21828552494556472,0.18222806021016758,0.21828552494556472,False,False,False,7.288584059347236,7.288584059347236
199,balanced,4,24,24,24,0.4113134800184639,0.013167823464789397,-0.024755766376908517,0.4113134800184639,0.013167823464789397,0.024755766376908517,0.10297737385212534,0.14600492284388905,0.1474841427624728,0.1474841427624728,False,False,False,2.4755766376908515,2.4755766376908515
200,balanced,4,24,24,24,-0.611621354143864,-0.020611252525330137,0.026098832571202712,0.611621354143864,0.020611252525330137,0.026098832571202712,0.1305381993751775,0.16961327274448545,0.13342563665625295,0.16961327274448545,False,False,False,2.6098832571202712,2.6098832571202712
201,balanced,4,24,24,24,0.18005838580833355,-0.011522836872816744,0.010196263674590589,0.18005838580833355,0.011522836872816744,0.010196263674590589,0.09891839439553157,0.10799488781596138,0.0951315914039572,0.10799488781596138,False,True,False,1.1522836872816744,1.1522836872816744
202,balanced,4,24,24,24,-1.0827777525990712,-0.044396343220155954,0.05215777697905305,1.0827777525990712,0.044396343220155954,0.05215777697905305,0.13110621982391366,0.22593013348480545,0.17976663826564424,0.22593013348480545,False,False,False,5.215777697905305,5.215777697905305
203,balanced,4,24,24,24,-1.0782140236308884,-0.039434521038215875,0.03746124287689134,1.0782140236308884,0.039434521038215875,0.03746124287689134,0.15613462084635046,0.17248887626621226,0.18774259206664773,0.18774259206664773,False,False,False,3.9434521038215875,3.9434521038215875
204,balanced,4,24,24,24,-0.1823093634059525,0.007728456319490373,-0.009100549305533667,0.1823093634059525,0.007728456319490373,0.009100549305533667,0.10838540187446748,0.10324955031714475,0.16686784057559406,0.16686784057559406,True,False,False,0.9100549305533667,1.191913146968529
205,balanced,4,24,24,24,0.7209178863754317,0.01566726352882364,-0.038047098781969935,0.7209178863754317,0.01566726352882364,0.038047098781969935,0.13912950866231186,0.14388667992047713,0.16392123449777526,0.16392123449777526,False,False,False,3.8047098781969932,3.8047098781969932
206,balanced,4,24,24,24,0.9325578469822986,0.02253235266717235,-0.02634117806087477,0.9325578469822986,0.02253235266717235,0.02634117806087477,0.16245384833854018,0.12039666761336741,0.11291773170500805,0.16245384833854018,False,False,False,2.634117806087477,2.634117806087477
207,balanced,4,24,24,24,-0.3795551201909646,0.009543899557112434,0.0037001632985410593,0.3795551201909646,0.009543899557112434,0.0037001632985410593,0.10364006437565086,0.12647921991858374,0.09874088800530152,0.12647921991858374,True,True,True,0.9543899557112434,0.9543899557112434
208,balanced,4,24,24,24,-1.6625419200668539,-0.030271277963004217,0.05241590529302059,1.6625419200668539,0.030271277963004217,0.05241590529302059,0.194795512638455,0.16420524472214332,0.18996733882419767,0.194795512638455,False,False,False,5.2415905293020595,5.2415905293020595
209,balanced,4,24,24,24,-0.8616322419255376,-0.02267198626089173,0.01771901276826271,0.8616322419255376,0.02267198626089173,0.01771901276826271,0.10072895957587806,0.10029111047997728,0.13736627851936004,0.13736627851936004,False,True,False,2.267198626089173,2.267198626089173
210,balanced,4,24,24,24,-0.2838566046168296,0.0011522063226687695,-0.004160675137048764,0.2838566046168296,0.0011522063226687695,0.004160675137048764,0.17244154122881758,0.15142478462557984,0.15284483574742025,0.17244154122881758,True,False,False,0.5677132092336592,1.231725294491554
211,balanced,4,24,24,24,0.27313950248462504,0.017009589931487712,-0.026386986248249755,0.27313950248462504,0.017009589931487712,0.026386986248249755,0.08668228722900691,0.13393448830824575,0.15001656726308812,0.15001656726308812,False,False,False,2.6386986248249755,2.6386986248249755
212,balanced,4,24,24,24,-0.6514202893981782,-0.031048430640380542,0.028497362902953682,0.6514202893981782,0.031048430640380542,0.028497362902953682,0.1456380763040803,0.16034743917447694,0.21111426678027076,0.21111426678027076,False,False,False,3.104843064038054,3.104843064038054
213,balanced,4,24,24,24,-0.6669367294719137,0.008064781736452864,0.018992381253535473,0.6669367294719137,0.008064781736452864,0.018992381253535473,0.1496852220013254,0.14489254946511407,0.13795796648679354,0.1496852220013254,False,False,False,1.8992381253535473,1.8992381253535473
214,balanced,4,24,24,24,-0.7313572308629119,-0.021613581616561017,0.02253983830034223,0.7313572308629119,0.021613581616561017,0.02253983830034223,0.1514839534223232,0.17071381236391175,0.1339581558269431,0.17071381236391175,False,False,False,2.253983830034223,2.253983830034223
215,balanced,4,24,24,24,1.059699918706297,0.02320711201540626,-0.060496074685261914,1.059699918706297,0.02320711201540626,0.060496074685261914,0.18777809334469375,0.20396667613367414,0.2832055287323677,0.2832055287323677,False,False,False,6.049607468526191,6.049607468526191
216,balanced,4,24,24,24,-0.8124108454793131,-0.007182956873259205,0.031784705590400975,0.8124108454793131,0.007182956873259205,0.031784705590400975,0.14238379248319608,0.11212486982864717,0.16214617059547476,0.16214617059547476,False,False,False,3.1784705590400972,3.1784705590400972
217,balanced,4,24,24,24,-0.213261896492007,-0.0004666732141191954,0.02781962627166895,0.213261896492007,0.0004666732141191954,0.02781962627166895,0.10675234308435104,0.12776909968758876,0.12276341948310139,0.12776909968758876,False,True,False,2.781962627166895,2.781962627166895
218,balanced,4,24,24,24,-0.6887273531367342,-0.01893556852030842,0.006919787348502848,0.6887273531367342,0.01893556852030842,0.006919787348502848,0.1474013064470321,0.10656300293477232,0.11320174192937613,0.1474013064470321,False,False,False,1.8935568520308421,1.8935568520308421
219,balanced,4,24,24,24,-0.6243748010407018,-0.011190038064004204,0.003324585118584744,0.6243748010407018,0.011190038064004204,0.003324585118584744,0.1007526270945754,0.09904856574836694,0.12729574931364196,0.12729574931364196,False,True,False,1.2487496020814035,1.2487496020814035
220,balanced,4,24,24,24,0.2490863262404197,0.0029837018361869028,-0.0072063005008354275,0.2490863262404197,0.0029837018361869028,0.0072063005008354275,0.16102196345735112,0.0927411720155259,0.11302423553914608,0.16102196345735112,True,False,False,0.7206300500835428,1.1501568818382222
221,balanced,4,24,24,24,-0.013574455301853305,-0.002028742073855505,-0.00174525495996658,0.013574455301853305,0.002028742073855505,0.00174525495996658,0.10413708226829499,0.121343368361261,0.12096468806210357,0.121343368361261,True,True,True,0.2028742073855505,0.8667383454375784
222,balanced,4,24,24,24,0.7323770780155456,0.018431914459784426,-0.03510951816792918,0.7323770780155456,0.018431914459784426,0.03510951816792918,0.13406465966108114,0.10117864243112752,0.13767395626242546,0.13767395626242546,False,True,False,3.5109518167929177,3.5109518167929177
223,balanced,4,24,24,24,-0.30957799565894106,-0.0031068373609396405,0.030597795660241178,0.30957799565894106,0.0031068373609396405,0.030597795660241178,0.14477421187162737,0.11929612799394111,0.16919909116728202,0.16919909116728202,False,False,False,3.0597795660241176,3.0597795660241176
224,balanced,4,24,24,24,-1.393803650260928,-0.03427084027616334,0.056164681373730097,1.393803650260928,0.03427084027616334,0.056164681373730097,0.2039075073369308,0.16860740319984852,0.22340954274353877,0.22340954274353877,False,False,False,5.616468137373009,5.616468137373009
225,balanced,4,24,24,24,-0.34208382578793106,-0.009865028052409741,0.0232551387411295,0.34208382578793106,0.009865028052409741,0.0232551387411295,0.15083309665814637,0.1023265170879485,0.185115497491243,0.185115497491243,False,False,False,2.32551387411295,2.32551387411295
226,balanced,4,24,24,24,-1.2561630150883651,-0.03560472765453804,0.03248645420118662,1.2561630150883651,0.03560472765453804,0.03248645420118662,0.1618621603711067,0.16749502982107356,0.1981681340528259,0.1981681340528259,False,False,False,3.5604727654538038,3.5604727654538038
227,balanced,4,24,24,24,-0.1679117422511105,-0.014064760147414312,0.00756609696516819,0.1679117422511105,0.014064760147414312,0.00756609696516819,0.09859888289311748,0.15573227302849568,0.07948736154501562,0.15573227302849568,False,False,False,1.4064760147414312,1.4064760147414312
228,balanced,4,24,24,24,0.44461753555046357,0.024770893266916172,-0.05166155200208755,0.44461753555046357,0.024770893266916172,0.05166155200208755,0.07359414938937801,0.12322493609769952,0.14985089463220677,0.14985089463220677,False,False,False,5.166155200208755,5.166155200208755
229,balanced,4,24,24,24,-0.28803028078953474,-0.014091251928489257,0.024406048862829155,0.28803028078953474,0.014091251928489257,0.024406048862829155,0.13128372621414372,0.12941399223705385,0.2116112846729149,0.2116112846729149,False,False,False,2.4406048862829155,2.4406048862829155
230,balanced,4,24,24,24,-0.5811391414414118,-0.009254576527953806,0.038007453788017065,0.5811391414414118,0.009254576527953806,0.038007453788017065,0.10534412572185932,0.13179257786613652,0.1407625674524283,0.1407625674524283,False,False,False,3.8007453788017065,3.8007453788017065
231,balanced,4,24,24,24,-0.0981698176472996,-0.014110352733613496,0.009282136108670958,0.0981698176472996,0.014110352733613496,0.009282136108670958,0.08134526176275679,0.1425968001514721,0.14109391271419106,0.1425968001514721,False,False,False,1.4110352733613496,1.4110352733613496
232,balanced,4,24,24,24,-0.7805481097311215,-0.01853559403507099,0.029804219730142467,0.7805481097311215,0.01853559403507099,0.029804219730142467,0.15414654927577393,0.1905826943103285,0.1919672441541229,0.1919672441541229,False,False,False,2.9804219730142467,2.9804219730142467
233,balanced,4,24,24,24,-0.20735877168274186,-0.01372739785798427,0.0211665089452715,0.20735877168274186,0.01372739785798427,0.0211665089452715,0.12485799488781596,0.10985278803370255,0.19188440783868219,0.19188440783868219,False,False,False,2.11665089452715,2.11665089452715
234,balanced,4,24,24,24,0.39095908987423655,0.005998614044109063,-0.02223100660125954,0.39095908987423655,0.005998614044109063,0.02223100660125954,0.140880905045915,0.09154596232131024,0.16002792767206286,0.16002792767206286,False,False,False,2.223100660125954,2.223100660125954
235,balanced,4,24,24,24,-0.026548081756637032,0.0034091659994115453,-0.0044799433810570055,0.026548081756637032,0.0034091659994115453,0.0044799433810570055,0.15531809145129225,0.18412146170595475,0.14095190760200701,0.18412146170595475,True,False,False,0.44799433810570055,1.3151532978996767
236,balanced,4,24,24,24,-1.768188252171818,-0.05953562124459055,0.07802917692432221,1.768188252171818,0.05953562124459055,0.07802917692432221,0.17037063334280034,0.2396336268105652,0.18360077629461327,0.2396336268105652,False,False,False,7.802917692432221,7.802917692432221
237,balanced,4,24,24,24,0.6284133850325873,0.026207110644498655,-0.03749261757116157,0.6284133850325873,0.026207110644498655,0.03749261757116157,0.15143661838492853,0.1655542932878917,0.176547855722806,0.176547855722806,False,False,False,3.7492617571161566,3.7492617571161566
238,balanced,4,24,24,24,-1.000980073333828,-0.0057989332962843365,0.029735917929504363,1.000980073333828,0.0057989332962843365,0.029735917929504363,0.14741314020638077,0.1295204960711919,0.12298826091072612,0.14741314020638077,False,False,False,2.9735917929504363,2.9735917929504363
239,balanced,4,24,24,24,-0.3296750129471633,-0.011794143556437597,0.014785428614611074,0.3296750129471633,0.011794143556437597,0.014785428614611074,0.10468143519833381,0.10808955789075074,0.08940405187920099,0.10808955789075074,False,True,False,1.4785428614611074,1.4785428614611074
240,balanced,4,24,24,24,0.05924477763867486,-0.010538369306803963,-0.006226650666500355,0.05924477763867486,0.010538369306803963,0.006226650666500355,0.10027927672062861,0.17846492473729053,0.12184038625390514,0.17846492473729053,False,False,False,1.0538369306803963,1.274749462409218
241,balanced,4,24,24,24,0.4345621127675017,-0.0010046597708079918,0.0023974042906801385,0.4345621127675017,0.0010046597708079918,0.0023974042906801385,0.13412382845782447,0.09691848906560636,0.1277099308908454,0.13412382845782447,True,True,True,0.8691242255350033,0.9580273461273175
242,balanced,4,24,24,24,-0.858221028368618,-0.008088526516041417,-0.0004437794698337605,0.858221028368618,0.008088526516041417,0.0004437794698337605,0.1497207232793714,0.14054955978415223,0.1536140301050838,0.1536140301050838,False,False,False,1.716442056737236,1.716442056737236
243,balanced,4,24,24,24,-0.41004353177651254,-0.02121597889948057,0.030356129093660866,0.41004353177651254,0.02121597889948057,0.030356129093660866,0.12249124301808198,0.1471291299820127,0.14754331155921613,0.14754331155921613,False,False,False,3.0356129093660864,3.0356129093660864
244,balanced,4,24,24,24,0.01005449481704801,-0.0025910361497408774,0.016178187997334947,0.01005449481704801,0.0025910361497408774,0.016178187997334947,0.1270472403673199,0.13406465966108114,0.1483835084729717,0.1483835084729717,False,False,False,1.6178187997334947,1.6178187997334947
245,balanced,4,24,24,24,0.175443694868747,0.018523632348695696,4.178821662548238e-05,0.175443694868747,0.018523632348695696,4.178821662548238e-05,0.13040802802234214,0.09920240461989965,0.11389993373094764,0.13040802802234214,False,True,False,1.8523632348695696,1.8523632348695696
246,balanced,4,24,24,24,-1.3081818561960077,-0.0413433622706747,0.0392202285639387,1.3081818561960077,0.0413433622706747,0.0392202285639387,0.15755467196819087,0.15292767206286093,0.16283252863769762,0.16283252863769762,False,False,False,4.13433622706747,4.13433622706747
247,balanced,4,24,24,24,-1.635315750162789,-0.03336008006223268,0.07871055875216415,1.635315750162789,0.03336008006223268,0.07871055875216415,0.21492473729054246,0.14883319132822115,0.1876360882325097,0.21492473729054246,False,False,False,7.871055875216415,7.871055875216415
248,balanced,4,24,24,24,0.20178940482842478,0.026166983059166204,-0.0009775584663505033,0.20178940482842478,0.026166983059166204,0.0009775584663505033,0.08788933068257124,0.16376739562624254,0.10448026128940642,0.16376739562624254,False,False,False,2.6166983059166204,2.6166983059166204
249,balanced,4,24,24,24,-1.5647286714326185,-0.04892712696282131,0.05150338394810139,1.5647286714326185,0.04892712696282131,0.05150338394810139,0.1444191990911673,0.1857545204960712,0.17363675092303324,0.1857545204960712,False,False,False,5.150338394810139,5.150338394810139
250,balanced,4,24,24,24,0.1636938908487977,-0.006957458842675512,-0.003002741911813822,0.1636938908487977,0.006957458842675512,0.003002741911813822,0.13130739373284106,0.09850421281832812,0.07738095238095238,0.13130739373284106,True,True,True,0.6957458842675512,0.9379099552345789
251,balanced,4,24,24,24,-1.1306444149423562,0.0058385532211462365,0.027778454208070014,1.1306444149423562,0.0058385532211462365,0.027778454208070014,0.17990864337782828,0.1132490769667708,0.12765076209410206,0.17990864337782828,False,False,False,2.7778454208070014,2.7778454208070014
252,balanced,4,24,24,24,-1.174274736763099,-0.034881840039175493,0.05493612844118817,1.174274736763099,0.034881840039175493,0.05493612844118817,0.14612326043737575,0.14167376692227587,0.16592113982770046,0.16592113982770046,False,False,False,5.493612844118817,5.493612844118817
253,balanced,4,24,24,24,-0.101863159856169,0.010230587284881576,0.005000743632459503,0.101863159856169,0.010230587284881576,0.005000743632459503,0.12144987219539903,0.10390040708132159,0.11605367793240556,0.12144987219539903,False,True,False,1.0230587284881576,1.0230587284881576
254,balanced,4,24,24,24,0.108975754061305,-0.011416688451052925,0.009098626756365247,0.108975754061305,0.011416688451052925,0.009098626756365247,0.1564777998674619,0.14585108397235633,0.1253550127804601,0.1564777998674619,False,False,False,1.1416688451052925,1.1416688451052925
255,balanced,4,24,24,24,-1.4168598792165703,-0.03950411566980794,0.06944176966567306,1.4168598792165703,0.03950411566980794,0.06944176966567306,0.15869071286566316,0.17033513206475434,0.2093273691186216,0.2093273691186216,False,False,False,6.944176966567306,6.944176966567306
256,balanced,4,24,24,24,0.4331097859928903,0.02088744701059575,-0.01535106271262543,0.4331097859928903,0.02088744701059575,0.01535106271262543,0.12316576730095617,0.14219445233361735,0.15980308624443812,0.15980308624443812,False,False,False,2.088744701059575,2.088744701059575
257,balanced,4,24,24,24,-0.48696964395137243,-0.011882242946705923,0.02870749659458216,0.48696964395137243,0.011882242946705923,0.02870749659458216,0.14923553914607593,0.14611142667802707,0.11146217930512164,0.14923553914607593,False,False,False,2.870749659458216,2.870749659458216
258,balanced,4,24,24,24,0.583992308258086,0.02327120811851735,-0.040582825967476976,0.583992308258086,0.02327120811851735,0.040582825967476976,0.18664205244722143,0.1896833285998296,0.19532803180914513,0.19532803180914513,False,False,False,4.058282596747698,4.058282596747698
259,balanced,4,24,24,24,0.4718281287740247,0.02485086407375281,-0.014793287879531547,0.4718281287740247,0.02485086407375281,0.014793287879531547,0.19626289879769004,0.16022910158099024,0.10656300293477232,0.19626289879769004,False,False,False,2.485086407375281,2.485086407375281
260,balanced,4,24,24,24,-0.30252275280254537,-0.004406752575318862,0.006491865735445079,0.30252275280254537,0.004406752575318862,0.006491865735445079,0.12676323014295182,0.11049181103853072,0.11034980592634668,0.12676323014295182,True,True,True,0.6491865735445079,0.9054516438782272
261,balanced,4,24,24,24,-1.1064828377176212,-0.03492411711700927,0.03817491257185174,1.1064828377176212,0.03492411711700927,0.03817491257185174,0.1941209883555808,0.1680275489917637,0.19225125437849097,0.1941209883555808,False,False,False,3.8174912571851736,3.8174912571851736
262,balanced,4,24,24,24,0.9523753582229233,0.030314330121992805,-0.06409052068124732,0.9523753582229233,0.030314330121992805,0.06409052068124732,0.1549512449114835,0.14234829120515005,0.20336315440689198,0.20336315440689198,False,False,False,6.409052068124732,6.409052068124732
263,balanced,4,24,24,24,0.4757712144444213,0.021413774650413275,-0.03118920721491808,0.4757712144444213,0.021413774650413275,0.03118920721491808,0.128656631638739,0.14852551358515573,0.1647259301334848,0.1647259301334848,False,False,False,3.1189207214918078,3.1189207214918078
264,balanced,4,24,24,24,-0.09760075223545073,-0.01569322237261095,0.01929836526755907,0.09760075223545073,0.01569322237261095,0.01929836526755907,0.09390088043169555,0.11878727634194831,0.11901211776957304,0.11901211776957304,False,True,False,1.929836526755907,1.929836526755907
265,balanced,4,24,24,24,-0.46360362978877845,-0.013694756864390034,0.003973995263322094,0.46360362978877845,0.013694756864390034,0.003973995263322094,0.10612515383887153,0.10327321783584209,0.09620846350468616,0.10612515383887153,False,True,False,1.3694756864390034,1.3694756864390034
266,balanced,4,24,24,24,-0.45238838009137083,0.008806385210274104,0.03200842355310329,0.45238838009137083,0.008806385210274104,0.03200842355310329,0.1506200889898703,0.13423033229196252,0.16157815014673862,0.16157815014673862,False,False,False,3.2008423553103293,3.2008423553103293
267,balanced,4,24,24,24,-0.024449004849660838,-0.006195528943222173,-0.005764138491258675,0.024449004849660838,0.006195528943222173,0.005764138491258675,0.07597273501846066,0.08586575783394869,0.11994698475811796,0.11994698475811796,True,True,True,0.6195528943222173,0.8567641768436997
268,balanced,4,24,24,24,-0.5206721764017672,-0.019847601541758797,0.02942961524793941,0.5206721764017672,0.019847601541758797,0.02942961524793941,0.1455907412666856,0.13728344220391933,0.17455978415222947,0.17455978415222947,False,False,False,2.942961524793941,2.942961524793941
269,balanced,4,24,24,24,0.39036411631017387,0.02352879704149413,-0.04326179894686338,0.39036411631017387,0.02352879704149413,0.04326179894686338,0.16798021395436902,0.17650052068541133,0.21439221811985232,0.21439221811985232,False,False,False,4.326179894686338,4.326179894686338
270,balanced,4,24,24,24,0.2130595305354035,0.0030165986330499273,-0.016195746055549076,0.2130595305354035,0.0030165986330499273,0.016195746055549076,0.21658146359935623,0.13628940641863108,0.16330587901164442,0.21658146359935623,False,False,False,1.6195746055549076,1.6195746055549076
271,balanced,4,24,24,24,0.22449643003849218,-0.008168785411995172,0.016786199301425664,0.22449643003849218,0.008168785411995172,0.016786199301425664,0.14037205339392217,0.11284672914891603,0.12049133768815677,0.14037205339392217,False,False,False,1.6786199301425664,1.6786199301425664
272,balanced,4,24,24,24,-2.3581800601094542,-0.07232142725475754,0.0980103361320448,2.3581800601094542,0.07232142725475754,0.0980103361320448,0.32852882703777336,0.32443434630313356,0.23566931742876077,0.32852882703777336,False,False,False,9.80103361320448,9.80103361320448
273,balanced,4,24,24,24,1.1970052578836317,0.04545900857559704,-0.043908340152407965,1.1970052578836317,0.04545900857559704,0.043908340152407965,0.15682097888857333,0.19629840007573607,0.1316387389946038,0.19629840007573607,False,False,False,4.545900857559704,4.545900857559704
274,balanced,4,24,24,24,1.5341245590437964,0.03203815481177941,-0.03296067479755038,1.5341245590437964,0.03203815481177941,0.03296067479755038,0.2157767679636467,0.22628514626526555,0.1352480355959481,0.22628514626526555,False,False,False,3.296067479755038,3.296067479755038
275,balanced,4,24,24,24,-1.262793753664667,-0.04029293471463602,0.047984087301983336,1.262793753664667,0.04029293471463602,0.047984087301983336,0.251289879769005,0.20706712108302566,0.2540116444191991,0.2540116444191991,False,False,False,4.798408730198333,4.798408730198333
276,balanced,4,24,24,24,0.06856392411290813,-0.008334275845568784,0.017058654150560404,0.06856392411290813,0.008334275845568784,0.017058654150560404,0.13107071854586766,0.13947268768342327,0.12589936571049892,0.13947268768342327,False,True,False,1.7058654150560404,1.7058654150560404
277,balanced,4,24,24,24,-0.6950684528758586,-0.014627950776498477,0.02459942650913627,0.6950684528758586,0.014627950776498477,0.02459942650913627,0.10634999526649626,0.13860882325097038,0.1618976616491527,0.1618976616491527,False,False,False,2.459942650913627,2.459942650913627
278,balanced,4,24,24,24,0.2486695308277973,0.0269519414614815,-0.0005931294623076067,0.2486695308277973,0.0269519414614815,0.0005931294623076067,0.110266969610906,0.11894111521348102,0.12608870586007762,0.12608870586007762,False,True,False,2.69519414614815,2.69519414614815
279,balanced,4,24,24,24,0.8891700365931285,0.021669699610391002,-0.0315349666191207,0.8891700365931285,0.021669699610391002,0.0315349666191207,0.17386159235065796,0.17446511407744011,0.14985089463220677,0.17446511407744011,False,False,False,3.1534966619120697,3.1534966619120697
280,balanced,4,24,24,24,-0.8709844888457852,-0.01683620228258853,0.024265260208342965,0.8709844888457852,0.01683620228258853,0.024265260208342965,0.19755277856669506,0.19905566600397614,0.14895152892170785,0.19905566600397614,False,False,False,2.4265260208342965,2.4265260208342965
281,balanced,4,24,24,24,0.007859335222946129,-0.01754651580142963,-0.00045933007330251074,0.007859335222946129,0.01754651580142963,0.00045933007330251074,0.09850421281832812,0.12037300009467007,0.1067286755656537,0.12037300009467007,False,True,False,1.754651580142963,1.754651580142963
282,balanced,4,24,24,24,-1.1950017751465367,-0.01858096434561507,0.046110612733854583,1.1950017751465367,0.01858096434561507,0.046110612733854583,0.17355391460759254,0.14514105841143615,0.18718640537726025,0.18718640537726025,False,False,False,4.611061273385459,4.611061273385459
283,balanced,4,24,24,24,-0.8326026738891628,-0.032770783840498474,0.024361902310147232,0.8326026738891628,0.032770783840498474,0.024361902310147232,0.1259467007478936,0.1382419767111616,0.11097699517182619,0.1382419767111616,False,True,False,3.2770783840498474,3.2770783840498474
284,balanced,4,24,24,24,0.049660708386561225,0.004621057571091547,0.002018338462903224,0.049660708386561225,0.004621057571091547,0.002018338462903224,0.07806731042317523,0.08715563760295371,0.15312884597178833,0.15312884597178833,True,False,False,0.4621057571091547,1.0937774712270594
285,balanced,4,24,24,24,-0.6039359709829526,-0.0011734216301455547,0.00041310218095302886,0.6039359709829526,0.0011734216301455547,0.00041310218095302886,0.1758141626431885,0.1909377070907886,0.13094054719303228,0.1909377070907886,False,False,False,1.2078719419659052,1.3638407649342041
286,balanced,4,24,24,24,-0.630531960845925,-0.02504531903950513,0.028871476733380863,0.630531960845925,0.02504531903950513,0.028871476733380863,0.13520070055855343,0.13649058032755845,0.12995834516709268,0.13649058032755845,False,True,False,2.8871476733380863,2.8871476733380863
287,balanced,4,24,24,24,-0.16466611039741252,0.0035338924438945707,0.0039032999636670063,0.16466611039741252,0.0035338924438945707,0.0039032999636670063,0.17726971504307487,0.1394135188866799,0.12149720723279371,0.17726971504307487,True,False,False,0.3903299963667006,1.2662122503076776
288,balanced,4,24,24,24,0.0290233153890469,0.013532202801226578,-0.014584128972198906,0.0290233153890469,0.013532202801226578,0.014584128972198906,0.14395768247656915,0.11206570103190382,0.16550695825049702,0.16550695825049702,False,False,False,1.4584128972198906,1.4584128972198906
289,balanced,4,24,24,24,-0.6943967482655786,0.0007722180198819206,0.0037833834898416963,0.6943967482655786,0.0007722180198819206,0.0037833834898416963,0.1811985231468333,0.12161554482628041,0.14396951623591783,0.1811985231468333,False,False,False,1.3887934965311572,1.3887934965311572
290,balanced,4,24,24,24,0.22529839066571,0.028032342703263158,-0.03692582675944345,0.22529839066571,0.028032342703263158,0.03692582675944345,0.11681103853072045,0.1406442298589416,0.17768389662027834,0.17768389662027834,False,False,False,3.6925826759443448,3.6925826759443448
291,balanced,4,24,24,24,-1.359677845359677,-0.05035634576169712,0.05441140174487635,1.359677845359677,0.05035634576169712,0.05441140174487635,0.19368313925968,0.24926630692038246,0.2019904383224463,0.24926630692038246,False,False,False,5.441140174487635,5.441140174487635
292,balanced,4,24,24,24,-0.8370044371694974,-0.0356191445279922,0.05412212736526473,0.8370044371694974,0.0356191445279922,0.05412212736526473,0.13099971598977564,0.16509277667329358,0.15743633437470417,0.16509277667329358,False,False,False,5.412212736526473,5.412212736526473
293,balanced,4,24,24,24,-0.21265130651101316,-0.017410152791819344,0.031371088781648626,0.21265130651101316,0.017410152791819344,0.031371088781648626,0.1668915080942914,0.13952002272081795,0.10200700558553441,0.1668915080942914,False,False,False,3.1371088781648626,3.1371088781648626
294,balanced,4,24,24,24,0.20710176813508951,0.009542826673506144,0.005238397595728084,0.20710176813508951,0.009542826673506144,0.005238397595728084,0.1060186500047335,0.10695351699327843,0.13987503550127806,0.13987503550127806,True,True,True,0.9542826673506144,0.9991073964377003
295,balanced,4,24,24,24,-0.18413986178330077,-0.0003195093461680898,0.03205551789695382,0.18413986178330077,0.0003195093461680898,0.03205551789695382,0.10688251443718641,0.18132869449966865,0.16214617059547476,0.18132869449966865,False,False,False,3.2055517896953822,3.2055517896953822
296,balanced,4,24,24,24,-1.1537671229451618,-0.03407622366039054,0.020649246954613898,1.1537671229451618,0.03407622366039054,0.020649246954613898,0.1882632774779892,0.2293619236959197,0.189884502508757,0.2293619236959197,False,False,False,3.4076223660390537,3.4076223660390537
297,balanced,4,24,24,24,0.3221435406595887,0.024355150869606934,-0.021763216776208627,0.3221435406595887,0.024355150869606934,0.021763216776208627,0.12347344504402158,0.12123686452712297,0.15304600965634763,0.15304600965634763,False,False,False,2.4355150869606934,2.4355150869606934
298,balanced,4,24,24,24,0.8650120356470481,0.005691138516981442,-0.009057520339942393,0.8650120356470481,0.005691138516981442,0.009057520339942393,0.1411057464735397,0.11696487740225314,0.09651614124775158,0.1411057464735397,False,False,False,1.7300240712940962,1.7300240712940962
299,balanced,4,24,24,24,-0.4002761186372865,-0.015599120297908886,0.0035883614383082074,0.4002761186372865,0.015599120297908886,0.0035883614383082074,0.14101107639875035,0.15614645460569915,0.17001562056234024,0.17001562056234024,False,False,False,1.5599120297908886,1.5599120297908886
300,balanced,4,24,24,24,0.32442584224446236,0.0272994402658141,-0.04133224649732847,0.32442584224446236,0.0272994402658141,0.04133224649732847,0.17446511407744011,0.17787323676985706,0.15259632680109816,0.17787323676985706,False,False,False,4.133224649732847,4.133224649732847
301,balanced,4,24,24,24,-1.6517409623871266,-0.01937922575958706,0.057658371909156236,1.6517409623871266,0.01937922575958706,0.057658371909156236,0.16964877402253148,0.18031099119568306,0.17377875603521728,0.18031099119568306,False,False,False,5.765837190915623,5.765837190915623
302,balanced,4,24,24,24,-0.4601534347941616,-0.003901223231236761,0.01224986456577537,0.4601534347941616,0.003901223231236761,0.01224986456577537,0.13386348575215373,0.14133058790116443,0.1306565369686642,0.14133058790116443,False,False,False,1.224986456577537,1.224986456577537
303,balanced,4,24,24,24,-1.0398534279278273,-0.03132004155604173,0.05225748018294024,1.0398534279278273,0.03132004155604173,0.05225748018294024,0.11971030957114456,0.13369781312127235,0.18207422133863485,0.18207422133863485,False,False,False,5.225748018294024,5.225748018294024
304,balanced,4,24,24,24,-0.9584843855312073,-0.012416294355075852,0.050298832129631765,0.9584843855312073,0.012416294355075852,0.050298832129631765,0.14121225030767776,0.14327132443434631,0.15772034459907222,0.15772034459907222,False,False,False,5.029883212963177,5.029883212963177
305,balanced,4,24,24,24,0.4286730546543964,0.013609159848211982,-0.0035405491889078378,0.4286730546543964,0.013609159848211982,0.0035405491889078378,0.1025631922749219,0.12576919435766354,0.11460995929186785,0.12576919435766354,False,True,False,1.3609159848211982,1.3609159848211982
306,balanced,4,24,24,24,-1.1289789816946225,-0.02521741255013299,0.05628836427126743,1.1289789816946225,0.02521741255013299,0.05628836427126743,0.22365805168986083,0.18113935435008993,0.2139662027833002,0.22365805168986083,False,False,False,5.6288364271267435,5.6288364271267435
307,balanced,4,24,24,24,0.11183045891814913,-0.0012994233656733467,-0.00951132573565494,0.11183045891814913,0.0012994233656733467,0.00951132573565494,0.11582883650478083,0.09601912335510746,0.1371414370917353,0.1371414370917353,True,True,True,0.9511325735654941,0.9795816935123949
308,balanced,4,24,24,24,0.5456577001800227,0.02317206572604158,-0.030958867238268017,0.5456577001800227,0.02317206572604158,0.030958867238268017,0.12428997443907981,0.1819795512638455,0.16583830351225978,0.1819795512638455,False,False,False,3.0958867238268017,3.0958867238268017
309,balanced,4,24,24,24,-0.38526131125383145,-0.013643294462443945,-0.010107202993140718,0.38526131125383145,0.013643294462443945,0.010107202993140718,0.16014626526554956,0.12220723279371391,0.20919719776578624,0.20919719776578624,False,False,False,1.3643294462443945,1.4942656983270444
310,balanced,4,24,24,24,-1.3411976239294319,-0.012752206264814436,0.0068934576175553874,1.3411976239294319,0.012752206264814436,0.0068934576175553874,0.17661885827889803,0.16793287891697434,0.17568399129035311,0.17661885827889803,False,False,False,2.6823952478588637,2.6823952478588637
311,balanced,4,24,24,24,-0.7808825712610776,-0.01811184226362006,0.0014068742803663437,0.7808825712610776,0.01811184226362006,0.0014068742803663437,0.14901069771845118,0.14140159045725645,0.11730805642336457,0.14901069771845118,False,False,False,1.811184226362006,1.811184226362006
312,balanced,4,24,24,24,-0.5407115361303063,-0.016077640045564334,0.04106484299768337,0.5407115361303063,0.016077640045564334,0.04106484299768337,0.11958013821830919,0.1383248130266023,0.15005206854113415,0.15005206854113415,False,False,False,4.106484299768337,4.106484299768337
313,balanced,4,24,24,24,-0.22613912236784017,-0.005699851750216034,-0.00477861387412154,0.22613912236784017,0.005699851750216034,0.00477861387412154,0.0713220675944334,0.11198286471646313,0.11311890561393544,0.11311890561393544,True,True,True,0.5699851750216034,0.8079921829566816
314,balanced,4,24,24,24,-0.3227314095904319,0.007348562390724789,-0.0052352247238725,0.3227314095904319,0.007348562390724789,0.0052352247238725,0.15641863107071854,0.13516519928050744,0.13795796648679354,0.15641863107071854,True,False,False,0.7348562390724789,1.117275936219418
315,balanced,4,24,24,24,-1.1068685989787,-0.03411377955365302,0.028150686456455354,1.1068685989787,0.03411377955365302,0.028150686456455354,0.1840622929092114,0.1775300577487456,0.15467906844646406,0.1840622929092114,False,False,False,3.4113779553653023,3.4113779553653023
316,balanced,4,24,24,24,-1.1259708346138737,-0.035628208159288466,0.022227089314355408,1.1259708346138737,0.035628208159288466,0.022227089314355408,0.13935435008993657,0.16773170500804696,0.148336173435577,0.16773170500804696,False,False,False,3.5628208159288466,3.5628208159288466
317,balanced,4,24,24,24,-1.662456844370496,-0.04481000193842344,0.07702132384846089,1.662456844370496,0.04481000193842344,0.07702132384846089,0.17116349521916122,0.14251396383603143,0.20731563002934772,0.20731563002934772,False,False,False,7.702132384846089,7.702132384846089
318,balanced,4,24,24,24,-0.8884400666961696,-0.0471137785801109,0.044539167939319835,0.8884400666961696,0.0471137785801109,0.044539167939319835,0.13915317618100917,0.21660513111805357,0.1500284010224368,0.21660513111805357,False,False,False,4.711377858011089,4.711377858011089
319,balanced,4,24,24,24,0.3302066185862138,0.028995723884422953,-0.03221597296874312,0.3302066185862138,0.028995723884422953,0.03221597296874312,0.15693931648206003,0.18789643093818045,0.1398987030199754,0.18789643093818045,False,False,False,3.2215972968743123,3.2215972968743123
320,balanced,4,24,24,24,0.24168732352954692,0.02000848587465187,0.00604019601761574,0.24168732352954692,0.02000848587465187,0.00604019601761574,0.113959102527691,0.12173388241976711,0.0715587427814068,0.12173388241976711,False,True,False,2.000848587465187,2.000848587465187
321,balanced,4,24,24,24,0.2963547566324216,0.02547959621858531,-0.04236434546987755,0.2963547566324216,0.02547959621858531,0.04236434546987755,0.15962557985420808,0.11632585439742497,0.18871296033323867,0.18871296033323867,False,False,False,4.236434546987755,4.236434546987755
322,balanced,4,24,24,24,0.2593322057316776,0.010199904552220307,-0.0035669116713658022,0.2593322057316776,0.010199904552220307,0.0035669116713658022,0.10571097226166809,0.12505916879674334,0.11000662690523526,0.12505916879674334,False,True,False,1.0199904552220307,1.0199904552220307
323,balanced,4,24,24,24,-0.4468624732107038,0.003971036633967362,-0.021691202723787273,0.4468624732107038,0.003971036633967362,0.021691202723787273,0.17880810375840198,0.1796601344315062,0.16412240840670264,0.1796601344315062,False,False,False,2.169120272378727,2.169120272378727
324,balanced,4,24,24,24,-1.1502519986241637,-0.028177493451914337,0.028009044089610247,1.1502519986241637,0.028177493451914337,0.028009044089610247,0.17014579191517562,0.15833570008520306,0.13557938085771087,0.17014579191517562,False,False,False,2.8177493451914337,2.8177493451914337
325,balanced,4,24,24,24,-1.221437905352289,-0.03257494905479841,0.04279554860909274,1.221437905352289,0.03257494905479841,0.04279554860909274,0.16927009372337404,0.15885638549654454,0.15421755183186595,0.16927009372337404,False,False,False,4.279554860909274,4.279554860909274
326,balanced,4,24,24,24,-0.34846633088685053,-0.005412497757754542,0.043754110972030524,0.34846633088685053,0.005412497757754542,0.043754110972030524,0.14977989207611475,0.12211256271892455,0.20422701883934488,0.20422701883934488,False,False,False,4.375411097203052,4.375411097203052
327,balanced,4,24,24,24,-2.792316252113288,-0.06434823189067929,0.1163125964092171,2.792316252113288,0.06434823189067929,0.1163125964092171,0.29838824197671115,0.28130029347723184,0.3133934488308246,0.3133934488308246,False,False,False,11.631259640921709,11.631259640921709
328,balanced,4,24,24,24,0.11420351850879484,0.0061104199400733306,-0.010748750291821318,0.11420351850879484,0.0061104199400733306,0.010748750291821318,0.09167613367414561,0.10042128183281265,0.08607876550222475,0.10042128183281265,False,True,False,1.0748750291821318,1.0748750291821318
329,balanced,4,24,24,24,0.7794991193999223,0.022791343541064046,-0.02014047395815971,0.7794991193999223,0.022791343541064046,0.02014047395815971,0.15267916311653887,0.10732036353308719,0.12424263940168513,0.15267916311653887,False,False,False,2.2791343541064046,2.2791343541064046
330,balanced,4,24,24,24,0.05180003829688218,0.008569095394133974,0.004716190126979158,0.05180003829688218,0.008569095394133974,0.004716190126979158,0.07899034365237148,0.10091829972545678,0.12494083120325665,0.12494083120325665,True,True,True,0.8569095394133974,0.8924345085946903
331,balanced,4,24,24,24,-0.3036848049571219,-0.006441653906188005,-0.010168150605068038,0.3036848049571219,0.006441653906188005,0.010168150605068038,0.13998153933541607,0.1488213575688725,0.18440547193032283,0.18440547193032283,False,False,False,1.0168150605068038,1.3171819423594486
332,balanced,4,24,24,24,0.5060365854492161,0.008229933789491106,-0.014679985192969813,0.5060365854492161,0.008229933789491106,0.014679985192969813,0.1918370728012875,0.14525939600492285,0.16639449020164726,0.1918370728012875,False,False,False,1.4679985192969813,1.4679985192969813
333,balanced,4,24,24,24,-0.7673654696554131,-0.026263667781036837,0.04792866088071923,0.7673654696554131,0.026263667781036837,0.04792866088071923,0.18097368171920855,0.16835889425352646,0.20020354066079712,0.20020354066079712,False,False,False,4.792866088071923,4.792866088071923
334,balanced,4,24,24,24,-0.749090447148621,-0.017160840222122165,0.04484907344226474,0.749090447148621,0.017160840222122165,0.04484907344226474,0.20055855344125723,0.20794281927482722,0.27022389472687686,0.27022389472687686,False,False,False,4.484907344226474,4.484907344226474
335,balanced,4,24,24,24,-1.9623115997722245,-0.0445655260372968,0.06778067669142662,1.9623115997722245,0.0445655260372968,0.06778067669142662,0.27498106598504213,0.26552589226545487,0.27132443434630316,0.27498106598504213,False,False,False,6.778067669142662,6.778067669142662
336,balanced,4,24,24,24,-0.7770771723200269,-0.015015752254805559,0.03371620108926754,0.7770771723200269,0.015015752254805559,0.03371620108926754,0.11389993373094764,0.11674003597462843,0.14522389472687683,0.14522389472687683,False,False,False,3.371620108926754,3.371620108926754
337,balanced,4,24,24,24,-2.009681517005948,-0.052166726329804236,0.0826138687220152,2.009681517005948,0.052166726329804236,0.0826138687220152,0.18479598598882893,0.21794234592445327,0.19907933352267349,0.21794234592445327,False,False,False,8.26138687220152,8.26138687220152
338,balanced,4,24,24,24,-0.5955909233501622,-0.023062512168170124,0.02796201943973159,0.5955909233501622,0.023062512168170124,0.02796201943973159,0.12295275963268011,0.1816245384833854,0.1387863296412004,0.1816245384833854,False,False,False,2.7962019439731587,2.7962019439731587
339,balanced,4,24,24,24,0.3814333934377956,0.011226281634091673,-0.007222901791388847,0.3814333934377956,0.011226281634091673,0.007222901791388847,0.13581605604468427,0.11946180062482249,0.12572185932026886,0.13581605604468427,False,True,False,1.1226281634091673,1.1226281634091673
340,balanced,4,24,24,24,-0.008726610860243511,0.006532623232522794,-0.010506548835641172,0.008726610860243511,0.006532623232522794,0.010506548835641172,0.09547477042506863,0.10456309760484711,0.12489349616586197,0.12489349616586197,False,True,False,1.0506548835641172,1.0506548835641172
341,balanced,4,24,24,24,0.20670778143310997,0.02810161571812486,-0.03723847485215104,0.20670778143310997,0.02810161571812486,0.03723847485215104,0.20493704440026508,0.16318754141815772,0.19268910347439175,0.20493704440026508,False,False,False,3.723847485215104,3.723847485215104
342,balanced,4,24,24,24,-0.36206004432926875,0.0012003805350455643,0.005503807300025254,0.36206004432926875,0.0012003805350455643,0.005503807300025254,0.19641673766922277,0.19016851273312507,0.19803796269999052,0.19803796269999052,True,False,False,0.7241200886585375,1.4145568764285037
343,balanced,4,24,24,24,-0.575625632326723,-0.030310576050363802,0.03514806624123884,0.575625632326723,0.030310576050363802,0.03514806624123884,0.13118905613935436,0.13509419672441542,0.13041986178169082,0.13509419672441542,False,True,False,3.514806624123884,3.514806624123884
344,balanced,4,24,24,24,0.5079870481083617,0.009387519320964155,-0.018347364301538827,0.5079870481083617,0.009387519320964155,0.018347364301538827,0.14901069771845118,0.08793666571996592,0.07549938464451388,0.14901069771845118,False,False,False,1.8347364301538827,1.8347364301538827
345,balanced,4,24,24,24,-0.9314875743001672,-0.005160108098270055,0.00830420456448655,0.9314875743001672,0.005160108098270055,0.00830420456448655,0.1816955410394774,0.16440641863107072,0.1580043548234403,0.1816955410394774,False,False,False,1.8629751486003343,1.8629751486003343
346,balanced,4,24,24,24,-0.6122998139469544,-0.01569822047042968,0.020789710887962887,0.6122998139469544,0.01569822047042968,0.020789710887962887,0.12373378774969232,0.12316576730095617,0.1318754141815772,0.1318754141815772,False,True,False,2.0789710887962887,2.0789710887962887
347,balanced,4,24,24,24,-0.4924845041046737,-0.007512840021531408,0.031069775195115834,0.4924845041046737,0.007512840021531408,0.031069775195115834,0.19141105746473538,0.10174666287986367,0.14994556470699613,0.19141105746473538,False,False,False,3.106977519511583,3.106977519511583
348,balanced,4,24,24,24,-0.08544049076334659,-0.029670232175670108,0.007276902213637082,0.08544049076334659,0.029670232175670108,0.007276902213637082,0.13044352930038813,0.16385023194168324,0.13336646785950962,0.16385023194168324,False,False,False,2.967023217567011,2.967023217567011
349,balanced,4,24,24,24,-1.0460533838678714,-0.03405990688888272,0.029527706953331734,1.0460533838678714,0.03405990688888272,0.029527706953331734,0.1551760863391082,0.1914820600208274,0.12766259585345072,0.1914820600208274,False,False,False,3.405990688888272,3.405990688888272
350,balanced,4,24,24,24,-0.3145879647344181,0.0011323256901095702,0.05224658696844631,0.3145879647344181,0.0011323256901095702,0.05224658696844631,0.1866893874846161,0.13798163400549088,0.2518105651803465,0.2518105651803465,False,False,False,5.224658696844631,5.224658696844631
351,balanced,4,24,24,24,-0.6030447225977653,-0.00916733830062677,0.015954182876840084,0.6030447225977653,0.00916733830062677,0.015954182876840084,0.09742734071759916,0.08555808009088327,0.13277477989207612,0.13277477989207612,False,True,False,1.5954182876840084,1.5954182876840084
352,balanced,4,24,24,24,-0.8863877993036624,-0.023803734420617895,0.022708850840672645,0.8863877993036624,0.023803734420617895,0.022708850840672645,0.1944760011360409,0.14807583072990627,0.1483835084729717,0.1944760011360409,False,False,False,2.3803734420617895,2.3803734420617895
353,balanced,4,24,24,24,0.10429821995802513,0.004088973115998651,0.01057245652744565,0.10429821995802513,0.004088973115998651,0.01057245652744565,0.11760390040708132,0.12509467007478936,0.08165293950582221,0.12509467007478936,False,True,False,1.057245652744565,1.057245652744565
354,balanced,4,24,24,24,-1.1328996957549933,-0.028328360258422114,0.035868781391475646,1.1328996957549933,0.028328360258422114,0.035868781391475646,0.23525513585155733,0.16478509893022816,0.16879674334942724,0.23525513585155733,False,False,False,3.5868781391475646,3.5868781391475646
355,balanced,4,24,24,24,-0.10839638523366091,0.004149925074099836,-0.008924218121970529,0.10839638523366091,0.004149925074099836,0.008924218121970529,0.09180630502698098,0.14379200984568777,0.15515241882041086,0.15515241882041086,True,False,False,0.8924218121970529,1.1082315630029347
356,balanced,4,24,24,24,-1.36713450563051,-0.029970427243790176,0.02837797479946763,1.36713450563051,0.029970427243790176,0.02837797479946763,0.2204511029063713,0.221823818990817,0.1356503834138029,0.221823818990817,False,False,False,2.9970427243790176,2.9970427243790176
357,balanced,4,24,24,24,0.07844367213946413,0.009016357472657499,0.012518873521382978,0.07844367213946413,0.009016357472657499,0.012518873521382978,0.1301476853166714,0.0978060210167566,0.12114219445233362,0.1301476853166714,False,True,False,1.2518873521382978,1.2518873521382978
358,balanced,4,24,24,24,1.6418746172179652,0.04044734076770107,-0.058188715556071746,1.6418746172179652,0.04044734076770107,0.058188715556071746,0.24778708700179874,0.21861687020732745,0.1767845309097794,0.24778708700179874,False,False,False,5.818871555607174,5.818871555607174
359,balanced,4,24,24,24,-1.3736188949357029,-0.042738463619232614,0.04095758319764686,1.3736188949357029,0.042738463619232614,0.04095758319764686,0.20022720817949446,0.21658146359935623,0.20777714664394584,0.21658146359935623,False,False,False,4.273846361923261,4.273846361923261
360,balanced,4,24,24,24,-0.6529626986592305,-0.02207340661573587,0.03402920556807898,0.6529626986592305,0.02207340661573587,0.03402920556807898,0.13838398182334563,0.09484758117958914,0.11090599261573417,0.13838398182334563,False,True,False,3.402920556807898,3.402920556807898
361,balanced,4,24,24,24,-2.084280743321788,-0.04506300627080706,0.0846083742466508,2.084280743321788,0.04506300627080706,0.0846083742466508,0.24876928902773834,0.2281548802423554,0.3382325097036827,0.3382325097036827,False,False,False,8.46083742466508,8.46083742466508
362,balanced,4,24,24,24,-0.4022406877288702,0.01001418392968112,0.02015310006458959,0.4022406877288702,0.01001418392968112,0.02015310006458959,0.13007668276057938,0.16659566411057464,0.08519123355107451,0.16659566411057464,False,False,False,2.015310006458959,2.015310006458959
363,balanced,4,24,24,24,-0.036000146588651916,-0.004828312634310494,0.02803154484301229,0.036000146588651916,0.004828312634310494,0.02803154484301229,0.12191138880999716,0.1214617059547477,0.10986462179305122,0.12191138880999716,False,True,False,2.803154484301229,2.803154484301229
364,balanced,4,24,24,24,-1.192593906443264,-0.02154017228770344,0.03761113909005526,1.192593906443264,0.02154017228770344,0.03761113909005526,0.13346113793429898,0.14278614030105083,0.15017040613462085,0.15017040613462085,False,False,False,3.7611139090055254,3.7611139090055254
365,balanced,4,24,24,24,-1.0809666853358237,-0.03824832155196045,0.03701568962007212,1.0809666853358237,0.03824832155196045,0.03701568962007212,0.17589699895862917,0.15817002745432168,0.14361450345545773,0.17589699895862917,False,False,False,3.824832155196045,3.824832155196045
366,balanced,4,24,24,24,0.17470644501750598,0.008392005027451965,-0.009443413693513203,0.17470644501750598,0.008392005027451965,0.009443413693513203,0.0656655306257692,0.09600728959575879,0.1141129413992237,0.1141129413992237,True,True,True,0.9443413693513203,0.9443413693513203
367,balanced,4,24,24,24,0.7202745337079577,0.017387092223882017,-0.014299990526145057,0.7202745337079577,0.017387092223882017,0.014299990526145057,0.17455978415222947,0.1841332954653034,0.14883319132822115,0.1841332954653034,False,False,False,1.7387092223882017,1.7387092223882017
368,balanced,4,24,24,24,-0.8344383777389126,-0.0157794814694735,0.016926897772842953,0.8344383777389126,0.0157794814694735,0.016926897772842953,0.13030152418820412,0.1565488024235539,0.12883413802896904,0.1565488024235539,False,False,False,1.6926897772842953,1.6926897772842953
369,balanced,4,24,24,24,0.33735305654904835,0.021677117905138266,-0.03697004160911377,0.33735305654904835,0.021677117905138266,0.03697004160911377,0.14096374136135567,0.17626384549843793,0.20543406229290923,0.20543406229290923,False,False,False,3.697004160911377,3.697004160911377
370,balanced,4,24,24,24,-0.7048318923721411,-0.02498071381338418,0.0013655884401949647,0.7048318923721411,0.02498071381338418,0.0013655884401949647,0.12444381331061252,0.13418299725456784,0.14489254946511407,0.14489254946511407,False,False,False,2.498071381338418,2.498071381338418
371,balanced,4,24,24,24,-1.15855337592064,-0.0327958711871319,0.05221396320431859,1.15855337592064,0.0327958711871319,0.05221396320431859,0.16303370254662503,0.1541938843131686,0.1466084445706712,0.16303370254662503,False,False,False,5.221396320431859,5.221396320431859
372,balanced,4,24,24,24,-0.9298265517959194,-0.005665520716588768,0.017267060549253477,0.9298265517959194,0.005665520716588768,0.017267060549253477,0.17803890940073844,0.19888999337309476,0.16587380479030578,0.19888999337309476,False,False,False,1.8596531035918389,1.8596531035918389
373,balanced,4,24,24,24,-0.19431747408808775,-0.009910362351816748,0.0019562589836056854,0.19431747408808775,0.009910362351816748,0.0019562589836056854,0.08237479882609107,0.1210356906181956,0.10801855533465872,0.1210356906181956,True,True,True,0.9910362351816748,0.9910362351816748
374,balanced,4,24,24,24,0.5837629893214142,0.0122147799642085,-0.007933786366190021,0.5837629893214142,0.0122147799642085,0.007933786366190021,0.10140348385875225,0.09794802612894064,0.09119094954085014,0.10140348385875225,False,True,False,1.22147799642085,1.22147799642085
375,balanced,4,24,24,24,-1.0200990976104336,-0.008043316392979616,0.0541662715896406,1.0200990976104336,0.008043316392979616,0.0541662715896406,0.16749502982107356,0.11000662690523526,0.15276199943197954,0.16749502982107356,False,False,False,5.41662715896406,5.41662715896406
376,balanced,4,24,24,24,-1.0311658125330467,-0.024385844557365477,0.03871210393428148,1.0311658125330467,0.024385844557365477,0.03871210393428148,0.1714120041654833,0.10064612326043737,0.12775726592824008,0.1714120041654833,False,False,False,3.8712103934281483,3.8712103934281483
377,balanced,4,24,24,24,-1.3113225838750786,-0.030921341120085155,0.04958159174392057,1.3113225838750786,0.030921341120085155,0.04958159174392057,0.20705528732367698,0.16388573321972924,0.21403720533939222,0.21403720533939222,False,False,False,4.9581591743920574,4.9581591743920574
378,balanced,4,24,24,24,-1.1894945443878058,-0.03183290848024756,0.03113604873040765,1.1894945443878058,0.03183290848024756,0.03113604873040765,0.16408690712865664,0.15233598409542742,0.13563854965445424,0.16408690712865664,False,False,False,3.1832908480247557,3.1832908480247557
379,balanced,4,24,24,24,-0.4882577003250361,-0.008386542289337218,0.01807589837282436,0.4882577003250361,0.008386542289337218,0.01807589837282436,0.13376881567736437,0.11430228154880243,0.12627804600965634,0.13376881567736437,False,True,False,1.8075898372824362,1.8075898372824362
380,balanced,4,24,24,24,-0.9716676613896702,-0.03791917973645598,0.045177522508993206,0.9716676613896702,0.03791917973645598,0.045177522508993206,0.2238237243207422,0.19570671210830257,0.17347107829215186,0.2238237243207422,False,False,False,4.517752250899321,4.517752250899321
381,balanced,4,24,24,24,-0.4103679797262032,0.0073814629128770015,-0.005061859802708457,0.4103679797262032,0.0073814629128770015,0.005061859802708457,0.11860976995171826,0.12870396667613368,0.14569724510082363,0.14569724510082363,True,False,False,0.8207359594524064,1.040694607863026
382,balanced,4,24,24,24,-2.420698994518311,-0.045007617412884615,0.08910563798243265,2.420698994518311,0.045007617412884615,0.08910563798243265,0.2141910442109249,0.1956120420335132,0.21983574742024045,0.21983574742024045,False,False,False,8.910563798243265,8.910563798243265
383,balanced,4,24,24,24,0.09594168849683626,0.02547718843928859,-0.004861137746578148,0.09594168849683626,0.02547718843928859,0.004861137746578148,0.1382419767111616,0.23682902584493043,0.13880999715989775,0.23682902584493043,False,False,False,2.547718843928859,2.547718843928859
384,balanced,4,24,24,24,1.534687028208424,0.04507835344584654,-0.020231339221255917,1.534687028208424,0.04507835344584654,0.020231339221255917,0.18737574552683897,0.23091214617059547,0.13937801760863391,0.23091214617059547,False,False,False,4.507835344584654,4.507835344584654
385,balanced,4,24,24,24,-0.22802235098780343,-0.015784647205354774,0.01299857837701246,0.22802235098780343,0.015784647205354774,0.01299857837701246,0.11146217930512164,0.11018413329546531,0.144608539240746,0.144608539240746,False,False,False,1.5784647205354774,1.5784647205354774
386,balanced,4,24,24,24,0.7825423736165042,0.017994146904466102,-0.01979415793349859,0.7825423736165042,0.017994146904466102,0.01979415793349859,0.14750781028117013,0.12961516614598126,0.11797074694689008,0.14750781028117013,False,False,False,1.979415793349859,1.979415793349859
387,balanced,4,24,24,24,0.11732477533727703,-0.011248587209862215,0.008476059035653793,0.11732477533727703,0.011248587209862215,0.008476059035653793,0.09946274732557038,0.15193363627757267,0.08091924642620468,0.15193363627757267,False,False,False,1.1248587209862215,1.1248587209862215
388,balanced,4,24,24,24,-0.9931461156617054,-0.011335719266414745,0.022807609528247563,0.9931461156617054,0.011335719266414745,0.022807609528247563,0.14475054435293003,0.11763940168512733,0.1130952380952381,0.14475054435293003,False,False,False,2.2807609528247563,2.2807609528247563
389,balanced,4,24,24,24,-0.5039413910319297,-0.028004453717551336,0.03424912202725244,0.5039413910319297,0.028004453717551336,0.03424912202725244,0.1292483196061725,0.1917305689671495,0.17155400927766734,0.1917305689671495,False,False,False,3.424912202725244,3.424912202725244
390,balanced,4,24,24,24,-0.8120008847326261,-0.032961916068077635,0.04055815012126612,0.8120008847326261,0.032961916068077635,0.04055815012126612,0.11600634289501088,0.1573889993373095,0.13949635520212061,0.1573889993373095,False,False,False,4.0558150121266126,4.0558150121266126
391,balanced,4,24,24,24,-1.1354584436823707,-0.03910715184001223,0.045330404076669495,1.1354584436823707,0.03910715184001223,0.045330404076669495,0.13882183091924644,0.1516022910158099,0.18138786329641202,0.18138786329641202,False,False,False,4.53304040766695,4.53304040766695
392,balanced,4,24,24,24,0.2904738842239638,0.022236282737174484,-0.02271748589729844,0.2904738842239638,0.022236282737174484,0.02271748589729844,0.22331487266874941,0.22546861687020733,0.19877165577960806,0.22546861687020733,False,False,False,2.2717485897298437,2.2717485897298437
393,balanced,4,24,24,24,0.32930293269854616,-0.003285606591782564,-0.006293102394844763,0.32930293269854616,0.003285606591782564,0.006293102394844763,0.149484048092398,0.11109533276531289,0.12380479030578434,0.149484048092398,True,False,False,0.6586058653970923,1.0677432006599856
394,balanced,4,24,24,24,0.3231226462910399,-0.004242688307048437,-0.010022283138141352,0.3231226462910399,0.004242688307048437,0.010022283138141352,0.15230048281738143,0.1377331250591688,0.1528685032661176,0.1528685032661176,False,False,False,1.0022283138141352,1.0919178804722685
395,balanced,4,24,24,24,-0.5207479935099784,-0.015429846832038074,0.014826428073092257,0.5207479935099784,0.015429846832038074,0.014826428073092257,0.1303843605036448,0.15354302754899177,0.12855012780460096,0.15354302754899177,False,False,False,1.5429846832038074,1.5429846832038074
396,balanced,4,24,24,24,-1.8141831697235347,-0.05126130569863474,0.04359792026002607,1.8141831697235347,0.05126130569863474,0.04359792026002607,0.18357710877591593,0.18510366373189435,0.16682050553819938,0.18510366373189435,False,False,False,5.126130569863474,5.126130569863474
397,balanced,4,24,24,24,0.9763568499475461,0.03131033367029734,-0.021177293804840625,0.9763568499475461,0.03131033367029734,0.021177293804840625,0.23699469847581178,0.21609627946606078,0.1996236864527123,0.23699469847581178,False,False,False,3.131033367029734,3.131033367029734
398,balanced,4,24,24,24,0.4776304422606472,-0.00552191201734642,0.0006465181608450443,0.4776304422606472,0.00552191201734642,0.0006465181608450443,0.13554387957966488,0.0914039572091262,0.12597036826659094,0.13554387957966488,True,True,True,0.9552608845212944,0.9681705684261777
399,balanced,4,24,24,24,-1.348735863090539,-0.011175169188660572,0.03924223944166644,1.348735863090539,0.011175169188660572,0.03924223944166644,0.19834564044305594,0.17738805263656157,0.1511762756792578,0.19834564044305594,False,False,False,3.9242239441666436,3.9242239441666436
0,balanced,6,36,36,36,-0.8483650692180866,-0.01382370737414973,0.02891433495650142,0.8483650692180866,0.01382370737414973,0.02891433495650142,0.12077534791252485,0.11081921171384392,0.08621288144150967,0.12077534791252485,False,True,False,2.891433495650142,2.891433495650142
1,balanced,6,36,36,36,-0.2686851032452502,-0.007832405771362905,-0.0006440448674607246,0.2686851032452502,0.007832405771362905,0.0006440448674607246,0.13084193253179335,0.08000410236990754,0.10790021774117202,0.13084193253179335,True,True,True,0.7832405771362905,0.9345852323699524
2,balanced,6,36,36,36,-0.4319894586546553,0.0027251650337900557,0.0025981078755800135,0.4319894586546553,0.0027251650337900557,0.0025981078755800135,0.10346650257187036,0.1022989049828016,0.07489191833128214,0.10346650257187036,True,True,True,0.8639789173093106,0.8639789173093106
3,balanced,6,36,36,36,-0.615530703585307,-0.0066251103800670785,0.01459943004402331,0.615530703585307,0.0066251103800670785,0.01459943004402331,0.13033702546625012,0.09472529899965287,0.11240493546656569,0.13033702546625012,False,True,False,1.459943004402331,1.459943004402331
4,balanced,6,36,36,36,-0.09219167045839427,0.014138344785688872,-0.005117170739974419,0.09219167045839427,0.014138344785688872,0.005117170739974419,0.09598756666351099,0.08678879106314494,0.07762157215437533,0.09598756666351099,False,True,False,1.4138344785688872,1.4138344785688872
5,balanced,6,36,36,36,0.7136545968179142,0.01334593000788098,-0.023041537879711138,0.7136545968179142,0.01334593000788098,0.023041537879711138,0.12927198712486984,0.11881883303354476,0.10517845309097794,0.12927198712486984,False,True,False,2.3041537879711136,2.3041537879711136
6,balanced,6,36,36,36,-1.0686902742793443,-0.0229391077878226,0.040678212605775366,1.0686902742793443,0.0229391077878226,0.040678212605775366,0.16886774590551926,0.12315787812805705,0.13361103221938211,0.16886774590551926,False,False,False,4.067821260577537,4.067821260577537
7,balanced,6,36,36,36,-0.09435629922917599,-0.011864588795981512,0.004055121065372924,0.09435629922917599,0.011864588795981512,0.004055121065372924,0.08062734702893748,0.07645397456530657,0.08482438701126574,0.08482438701126574,False,True,False,1.1864588795981512,1.1864588795981512
8,balanced,6,36,36,36,-0.39808480023114967,-0.006523595391592085,0.024640306396146505,0.39808480023114967,0.006523595391592085,0.024640306396146505,0.1339108207895484,0.10243302092208653,0.1464624948720376,0.1464624948720376,False,False,False,2.4640306396146503,2.4640306396146503
9,balanced,6,36,36,36,-0.1227383356501619,-0.015266869106769665,-0.00033221002632283225,0.1227383356501619,0.015266869106769665,0.00033221002632283225,0.10007415822525166,0.08577108775915933,0.08240241093123797,0.10007415822525166,False,True,False,1.5266869106769665,1.5266869106769665
10,balanced,6,36,36,36,-0.5823548907581504,-0.015503105493599345,0.03598558890358733,0.5823548907581504,0.015503105493599345,0.03598558890358733,0.09678437312632143,0.11964719618795165,0.14748808734892233,0.14748808734892233,False,False,False,3.5985588903587327,3.5985588903587327
11,balanced,6,36,36,36,-0.3806244540091832,-0.00946656479326935,0.02062112835996177,0.3806244540091832,0.00946656479326935,0.02062112835996177,0.0865284483574742,0.09909590078576162,0.10551768752563981,0.10551768752563981,False,True,False,2.062112835996177,2.062112835996177
12,balanced,6,36,36,36,-0.08104867483603329,-0.001633660136540649,-0.001807468446233973,0.08104867483603329,0.001633660136540649,0.001807468446233973,0.12240051752974218,0.11490580327558458,0.10910726119473635,0.12240051752974218,True,True,True,0.1807468446233973,0.8742894109267297
13,balanced,6,36,36,36,-0.2893557821256749,-0.007552318578509021,-0.011486916098799538,0.2893557821256749,0.007552318578509021,0.011486916098799538,0.19426299346776485,0.1472829688535454,0.15035185711130045,0.19426299346776485,False,False,False,1.1486916098799538,1.3875928104840345
14,balanced,6,36,36,36,0.15643861480452514,0.00482836169777856,0.0038865191865571913,0.15643861480452514,0.00482836169777856,0.0038865191865571913,0.09848054529963078,0.09478841238284579,0.09534854365868282,0.09848054529963078,True,True,True,0.48283616977785604,0.703432466425934
15,balanced,6,36,36,36,-0.26481183448199275,-0.005163003476673311,0.025633999643585037,0.26481183448199275,0.005163003476673311,0.025633999643585037,0.10086307551516299,0.10448420587585598,0.12090946385180977,0.12090946385180977,False,True,False,2.5633999643585037,2.5633999643585037
16,balanced,6,36,36,36,-0.181483401975008,0.007288052500405318,0.003290429173602616,0.181483401975008,0.007288052500405318,0.003290429173602616,0.11948152355707027,0.10002682318785698,0.11936318596358358,0.11948152355707027,True,True,True,0.7288052500405318,0.8534394539790733
17,balanced,6,36,36,36,-0.2674749435196162,-0.015872871185887094,0.003953003718152048,0.2674749435196162,0.015872871185887094,0.003953003718152048,0.09799930575278488,0.09370759569566726,0.08200795228628231,0.09799930575278488,False,True,False,1.5872871185887094,1.5872871185887094
18,balanced,6,36,36,36,-1.075219075667441,-0.03291482591517847,0.050632696371469665,1.075219075667441,0.03291482591517847,0.050632696371469665,0.10954905487708669,0.14784310012938243,0.1339108207895484,0.14784310012938243,False,False,False,5.063269637146966,5.063269637146966
19,balanced,6,36,36,36,-1.5786120899395577,-0.038966263637490894,0.05827250671091483,1.5786120899395577,0.038966263637490894,0.05827250671091483,0.1812774148758244,0.14607592539998107,0.1895294897282969,0.1895294897282969,False,False,False,5.827250671091483,5.827250671091483
20,balanced,6,36,36,36,-0.44579283474647013,-0.019862129760002234,0.019771640893016806,0.44579283474647013,0.019862129760002234,0.019771640893016806,0.08584209031525135,0.1230079838429739,0.08871374925052858,0.1230079838429739,False,True,False,1.9862129760002234,1.9862129760002234
21,balanced,6,36,36,36,-0.47860241014515026,0.0004833776365904541,0.0008823703771113633,0.47860241014515026,0.0004833776365904541,0.0008823703771113633,0.13189119252737544,0.12120925242197608,0.14154754015589005,0.14154754015589005,True,False,False,0.9572048202903005,1.0110538582563573
22,balanced,6,36,36,36,-0.1049035662952491,0.0072071027700623125,0.014410146491752873,0.1049035662952491,0.0072071027700623125,0.014410146491752873,0.11683076146296822,0.11881883303354476,0.12147748430054593,0.12147748430054593,False,True,False,1.4410146491752873,1.4410146491752873
23,balanced,6,36,36,36,-0.23728256833649297,-0.0008888661585388924,0.00011014284394988971,0.23728256833649297,0.0008888661585388924,0.00011014284394988971,0.07359809397582757,0.07617785351383762,0.08739625737637666,0.08739625737637666,True,True,True,0.47456513667298594,0.6242589812598333
24,balanced,6,36,36,36,-0.07733398091886912,0.0029176056661065486,-0.009963444144002742,0.07733398091886912,0.0029176056661065486,0.009963444144002742,0.08474549528227461,0.09763640379942568,0.08979456593770709,0.09763640379942568,True,True,True,0.9963444144002742,0.9963444144002742
25,balanced,6,36,36,36,-0.8278709260499504,-0.017262120517307578,0.044578127853102945,0.8278709260499504,0.017262120517307578,0.044578127853102945,0.12505916879674334,0.16107324308119536,0.15986619962763104,0.16107324308119536,False,False,False,4.457812785310295,4.457812785310295
26,balanced,6,36,36,36,-0.7595092728280335,-0.015006349622092352,0.0309642596587813,0.7595092728280335,0.015006349622092352,0.0309642596587813,0.14612326043737575,0.0904020322509388,0.12111458234718672,0.14612326043737575,False,False,False,3.09642596587813,3.09642596587813
27,balanced,6,36,36,36,-0.5925963992419625,-0.008049648972566104,0.03325285946779183,0.5925963992419625,0.008049648972566104,0.03325285946779183,0.12378901195998611,0.0939048250181451,0.1141957777146644,0.12378901195998611,False,True,False,3.3252859467791827,3.3252859467791827
28,balanced,6,36,36,36,-0.03966103737978699,0.013584809695137312,-0.012052263360525672,0.03966103737978699,0.013584809695137312,0.012052263360525672,0.19965129855785918,0.14023004828173813,0.12763103916185428,0.19965129855785918,False,False,False,1.3584809695137312,1.4260807039847083
29,balanced,6,36,36,36,0.042032320511694365,0.013247673406653115,0.0030141493309143175,0.042032320511694365,0.013247673406653115,0.0030141493309143175,0.14897125185395563,0.1294297705828521,0.13057370065322352,0.14897125185395563,False,False,False,1.3247673406653115,1.3247673406653115
30,balanced,6,36,36,36,-1.1411597471643873,-0.027074488804288754,0.05094217144816454,1.1411597471643873,0.027074488804288754,0.05094217144816454,0.15338918867745904,0.10895736690965319,0.1851431095963899,0.1851431095963899,False,False,False,5.094217144816454,5.094217144816454
31,balanced,6,36,36,36,-0.4078244111150404,-0.019627575548703757,0.01922418113005908,0.4078244111150404,0.019627575548703757,0.01922418113005908,0.13654580453785226,0.13302723342484774,0.14790621351257535,0.14790621351257535,False,False,False,1.9627575548703757,1.9627575548703757
32,balanced,6,36,36,36,1.1808923607524342,0.030472657029283146,-0.03455396474613631,1.1808923607524342,0.030472657029283146,0.03455396474613631,0.1419893338382404,0.1829972545678311,0.12281864369339518,0.1829972545678311,False,False,False,3.455396474613631,3.455396474613631
33,balanced,6,36,36,36,-0.26101448879077793,-0.006010123728595107,0.011974071028690914,0.26101448879077793,0.006010123728595107,0.011974071028690914,0.0909858310454732,0.11995487393101707,0.1243728107545205,0.1243728107545205,False,True,False,1.1974071028690914,1.1974071028690914
34,balanced,6,36,36,36,-0.2184748392512894,0.005604180721228702,0.015573809834348806,0.2184748392512894,0.005604180721228702,0.015573809834348806,0.12682634352614472,0.10962005743317871,0.12909842532108934,0.12909842532108934,False,True,False,1.5573809834348806,1.5573809834348806
35,balanced,6,36,36,36,-1.121669902524367,-0.02500252456024099,0.0407136125907579,1.121669902524367,0.02500252456024099,0.0407136125907579,0.12412824639464798,0.13255388305090093,0.17475306888825776,0.17475306888825776,False,False,False,4.07136125907579,4.07136125907579
36,balanced,6,36,36,36,-0.4676394205499683,0.0017490955138724784,0.005711595610970566,0.4676394205499683,0.0017490955138724784,0.005711595610970566,0.12752059074126668,0.10309571144561204,0.07854460538357158,0.12752059074126668,True,True,True,0.9352788410999366,0.9352788410999366
37,balanced,6,36,36,36,-0.23799687039945994,0.007025223335741626,-0.021266550363407466,0.23799687039945994,0.007025223335741626,0.021266550363407466,0.0967054813973303,0.08405124806715264,0.13041591719524126,0.13041591719524126,False,True,False,2.1266550363407464,2.1266550363407464
38,balanced,6,36,36,36,-0.22747079609597876,-0.01680770629533268,0.044116117764208485,0.22747079609597876,0.01680770629533268,0.044116117764208485,0.13192274921897187,0.1544147811543438,0.14578402600271387,0.1544147811543438,False,False,False,4.411611776420848,4.411611776420848
39,balanced,6,36,36,36,-0.0976081432113034,-0.005243291761028113,0.01918835604806224,0.0976081432113034,0.005243291761028113,0.01918835604806224,0.08592098204424248,0.07723500268231878,0.09966392123449777,0.09966392123449777,False,True,False,1.9188356048062238,1.9188356048062238
40,balanced,6,36,36,36,-0.8449227023001598,-0.018874465894912817,0.05345912730978042,0.8449227023001598,0.018874465894912817,0.05345912730978042,0.1215169301650415,0.11745400612199818,0.12685001104484206,0.12685001104484206,False,True,False,5.345912730978042,5.345912730978042
41,balanced,6,36,36,36,-0.3007751048813425,-0.008400869341904316,0.005701517562429537,0.3007751048813425,0.008400869341904316,0.005701517562429537,0.10250402347817855,0.0933683612610054,0.07756634794408154,0.10250402347817855,True,True,True,0.8400869341904316,0.8400869341904316
42,balanced,6,36,36,36,-0.6238060005383126,-0.026810103710043776,0.03841862380540467,0.6238060005383126,0.026810103710043776,0.03841862380540467,0.16059989270724856,0.1277099308908454,0.1906576414528701,0.1906576414528701,False,False,False,3.841862380540467,3.841862380540467
43,balanced,6,36,36,36,-0.6463251121716134,-0.015070250768343785,0.03935185010684339,0.6463251121716134,0.015070250768343785,0.03935185010684339,0.1392517908422481,0.09702893748619394,0.13481018650004734,0.1392517908422481,False,True,False,3.935185010684339,3.935185010684339
44,balanced,6,36,36,36,-0.004070044346345725,0.0005660641800554478,0.014885751717151285,0.004070044346345725,0.0005660641800554478,0.014885751717151285,0.09859888289311748,0.09321057780302314,0.10696929533907665,0.10696929533907665,False,True,False,1.4885751717151285,1.4885751717151285
45,balanced,6,36,36,36,-1.43446456139716,-0.0313118922765534,0.0374004022118396,1.43446456139716,0.0313118922765534,0.0374004022118396,0.16783426425573542,0.1434724983432737,0.13543343115907727,0.16783426425573542,False,False,False,3.74004022118396,3.74004022118396
46,balanced,6,36,36,36,-0.7186214931683175,-0.01412491530731097,0.03731124577044853,0.7186214931683175,0.01412491530731097,0.03731124577044853,0.12546151661459812,0.10500489128719745,0.1534049670232573,0.1534049670232573,False,False,False,3.731124577044853,3.731124577044853
47,balanced,6,36,36,36,-0.34101939279597104,-0.01976216035307876,0.00042189334865433414,0.34101939279597104,0.01976216035307876,0.00042189334865433414,0.10260658272586702,0.10856290826469753,0.08133737258985768,0.10856290826469753,False,True,False,1.9762160353078762,1.9762160353078762
48,balanced,6,36,36,36,-0.32669247599542217,0.008655340831595804,-0.0068679245185250815,0.32669247599542217,0.008655340831595804,0.0068679245185250815,0.1271655779608066,0.15484079649089588,0.14029316166493105,0.15484079649089588,True,False,False,0.8655340831595804,1.1060056892206849
49,balanced,6,36,36,36,-0.9381104583087314,-0.026682494718711203,0.05470036671843287,0.9381104583087314,0.026682494718711203,0.05470036671843287,0.12277919782889962,0.16845750891476538,0.16889930259711572,0.16889930259711572,False,False,False,5.470036671843287,5.470036671843287
50,balanced,6,36,36,36,-0.5299342216263305,-0.014427219303662087,0.03103571393459431,0.5299342216263305,0.014427219303662087,0.03103571393459431,0.14963394237748115,0.08824828804948089,0.1367509230332292,0.14963394237748115,False,False,False,3.103571393459431,3.103571393459431
51,balanced,6,36,36,36,-0.8116584891619922,-0.03238340497568126,0.034490037171735266,0.8116584891619922,0.03238340497568126,0.034490037171735266,0.14731452554514185,0.12554829751648838,0.16457603584840166,0.16457603584840166,False,False,False,3.4490037171735266,3.4490037171735266
52,balanced,6,36,36,36,-0.4604770085423411,-0.013723330668821254,0.0254506122945361,0.4604770085423411,0.013723330668821254,0.0254506122945361,0.13129161538704281,0.12852251569945408,0.07940452522957493,0.13129161538704281,False,True,False,2.54506122945361,2.54506122945361
53,balanced,6,36,36,36,0.8718895639436894,0.027169681781980315,-0.025231229679094136,0.8718895639436894,0.027169681781980315,0.025231229679094136,0.11216826027959229,0.15351541544384487,0.15891160970683835,0.15891160970683835,False,False,False,2.7169681781980315,2.7169681781980315
54,balanced,6,36,36,36,-1.6592903674851023,-0.04172251569451346,0.06847296798016755,1.6592903674851023,0.04172251569451346,0.06847296798016755,0.1468727318627915,0.19974596863264854,0.19259837798605195,0.19974596863264854,False,False,False,6.847296798016755,6.847296798016755
55,balanced,6,36,36,36,0.09533005212302115,0.02135899135912711,-0.014747502406079693,0.09533005212302115,0.02135899135912711,0.014747502406079693,0.09785730064060084,0.11649152702830635,0.114795354854997,0.11649152702830635,False,True,False,2.135899135912711,2.135899135912711
56,balanced,6,36,36,36,-0.43292654963429555,-0.008414708381441427,0.02279755605627537,0.43292654963429555,0.008414708381441427,0.02279755605627537,0.12499605541355044,0.1023541291930954,0.10353750512796238,0.12499605541355044,False,True,False,2.2797556056275368,2.2797556056275368
57,balanced,6,36,36,36,-0.12417067500050649,-0.009887390556151288,-0.009312293202153432,0.12417067500050649,0.009887390556151288,0.009312293202153432,0.10883114014326738,0.10470510271703115,0.12671589510555714,0.12671589510555714,True,True,True,0.9887390556151288,0.9887390556151288
58,balanced,6,36,36,36,0.03893269354660589,0.005728596310933032,-0.0050573361620034896,0.03893269354660589,0.005728596310933032,0.0050573361620034896,0.10615671053046799,0.0982517592855565,0.10831834390482502,0.10831834390482502,True,True,True,0.5728596310933032,0.7737024564630358
59,balanced,6,36,36,36,0.1347491998265582,0.007295286186322358,0.007176711100201627,0.1347491998265582,0.007295286186322358,0.007176711100201627,0.12767837419924896,0.11227870870017988,0.11518192432705356,0.12767837419924896,True,True,True,0.7295286186322358,0.9119883871374925
60,balanced,6,36,36,36,-0.7877328801032526,-0.005891311803342014,0.028600626708263077,0.7877328801032526,0.005891311803342014,0.028600626708263077,0.10592003534349459,0.1130124017797974,0.16260374262362334,0.16260374262362334,False,False,False,2.8600626708263075,2.8600626708263075
61,balanced,6,36,36,36,0.6927087034242021,0.0013161224071712718,-0.029983223850169494,0.6927087034242021,0.0013161224071712718,0.029983223850169494,0.21657357442645714,0.1434093849600808,0.15261604973334594,0.21657357442645714,False,False,False,2.9983223850169494,2.9983223850169494
62,balanced,6,36,36,36,0.36897505575984724,0.007919269827789122,-0.0048588628359688135,0.36897505575984724,0.007919269827789122,0.0048588628359688135,0.11483480071949256,0.07677743065417021,0.07945186026696961,0.11483480071949256,True,True,True,0.7919269827789122,0.8202485765678039
63,balanced,6,36,36,36,-0.6995578217384057,-0.038616878594505355,0.0401760831064924,0.6995578217384057,0.038616878594505355,0.0401760831064924,0.10719808135315094,0.1615071475906466,0.11605762251885512,0.1615071475906466,False,False,False,4.01760831064924,4.01760831064924
64,balanced,6,36,36,36,-0.9923171739985648,-0.03133442531580455,0.020700918697178883,0.9923171739985648,0.03133442531580455,0.020700918697178883,0.1546514563413172,0.17140805957903374,0.14302281548802423,0.17140805957903374,False,False,False,3.133442531580455,3.133442531580455
65,balanced,6,36,36,36,0.6780914722671056,0.02306332491614904,-0.03095762444003325,0.6780914722671056,0.02306332491614904,0.03095762444003325,0.1177143488276689,0.15658430370159993,0.1669822335826312,0.1669822335826312,False,False,False,3.095762444003325,3.095762444003325
66,balanced,6,36,36,36,0.5391876159897109,0.014870234358097534,-0.024881737534012294,0.5391876159897109,0.014870234358097534,0.024881737534012294,0.13132317207863928,0.1484190097510177,0.11507147590646596,0.1484190097510177,False,False,False,2.488173753401229,2.488173753401229
67,balanced,6,36,36,36,-0.8715981385320077,-0.020841562389215307,0.032815166211321245,0.8715981385320077,0.020841562389215307,0.032815166211321245,0.16947521221875098,0.17833475338445517,0.16487582441856796,0.17833475338445517,False,False,False,3.2815166211321243,3.2815166211321243
68,balanced,6,36,36,36,0.5801446430011303,0.026131603977202933,-0.03749278789971211,0.5801446430011303,0.026131603977202933,0.03749278789971211,0.14501088705860077,0.1894269304806084,0.17749061188425005,0.1894269304806084,False,False,False,3.749278789971211,3.749278789971211
69,balanced,6,36,36,36,-0.400561121557498,-0.01612966951947792,0.02073629601997895,0.400561121557498,0.01612966951947792,0.02073629601997895,0.13641168859856734,0.13340591372400518,0.11067720660165989,0.13641168859856734,False,True,False,2.073629601997895,2.073629601997895
70,balanced,6,36,36,36,-0.7925669889857865,-0.013201769330979274,0.028191830425157105,0.7925669889857865,0.013201769330979274,0.028191830425157105,0.14420619142289123,0.15561393543500898,0.17300167250465462,0.17300167250465462,False,False,False,2.8191830425157103,2.8191830425157103
71,balanced,6,36,36,36,0.5856401117764634,0.021356572403959717,-0.03240712899678855,0.5856401117764634,0.021356572403959717,0.03240712899678855,0.10847612736280729,0.10621982391366089,0.1160418441730569,0.1160418441730569,False,True,False,3.240712899678855,3.240712899678855
72,balanced,6,36,36,36,-0.27970875712327725,0.011799626576687539,-0.024359218589602383,0.27970875712327725,0.011799626576687539,0.024359218589602383,0.11853482280917668,0.10450787339455332,0.10585692196030168,0.11853482280917668,False,True,False,2.435921858960238,2.435921858960238
73,balanced,6,36,36,36,-0.22305184018714286,-0.0050356200723659095,0.008674786095348386,0.22305184018714286,0.0050356200723659095,0.008674786095348386,0.10661428255861656,0.13892833475338445,0.123362996623434,0.13892833475338445,True,True,True,0.8674786095348386,0.9923452482384603
74,balanced,6,36,36,36,-1.420712047935556,-0.034256482593431836,0.03977153448216869,1.420712047935556,0.034256482593431836,0.03977153448216869,0.1468648426898924,0.15779134715516424,0.1603789958660734,0.1603789958660734,False,False,False,3.977153448216869,3.977153448216869
75,balanced,6,36,36,36,-0.07128503665759212,-0.008658320015219712,0.011693073830201073,0.07128503665759212,0.008658320015219712,0.011693073830201073,0.08624443813310613,0.08698602038562277,0.12118558490327874,0.12118558490327874,False,True,False,1.1693073830201073,1.1693073830201073
76,balanced,6,36,36,36,0.018231709015630315,0.024192419841341906,-0.028764686464077538,0.018231709015630315,0.024192419841341906,0.028764686464077538,0.11234182208337277,0.1456262425447316,0.14193410962794661,0.1456262425447316,False,False,False,2.8764686464077536,2.8764686464077536
77,balanced,6,36,36,36,-1.0035425299945508,-0.037334323232916855,0.03751118489473487,1.0035425299945508,0.037334323232916855,0.03751118489473487,0.15481712897219854,0.18343904825018145,0.16094701631480957,0.18343904825018145,False,False,False,3.751118489473487,3.751118489473487
78,balanced,6,36,36,36,-0.27101710185834094,-0.010219479076280846,0.03125904167313831,0.27101710185834094,0.010219479076280846,0.03125904167313831,0.08255230521632112,0.13129950455994194,0.12243207422133863,0.13129950455994194,False,True,False,3.125904167313831,3.125904167313831
79,balanced,6,36,36,36,-0.0368493140945354,-0.00011810939068412907,0.023888711693745623,0.0368493140945354,0.00011810939068412907,0.023888711693745623,0.07886017229953611,0.06821767805863234,0.1365852504023478,0.1365852504023478,False,True,False,2.3888711693745623,2.3888711693745623
80,balanced,6,36,36,36,-0.060886224893401675,0.021521428917300467,-0.03689106307474038,0.060886224893401675,0.021521428917300467,0.03689106307474038,0.1034270567073748,0.16699012275553032,0.16068667360913882,0.16699012275553032,False,False,False,3.689106307474038,3.689106307474038
81,balanced,6,36,36,36,-0.37124594130873234,-0.0044536875077888505,0.015852001889242573,0.37124594130873234,0.0044536875077888505,0.015852001889242573,0.08586575783394869,0.08987345766669823,0.09653191959354981,0.09653191959354981,False,True,False,1.5852001889242573,1.5852001889242573
82,balanced,6,36,36,36,-1.2743224708116898,-0.024265393090460607,0.052507778816282824,1.2743224708116898,0.024265393090460607,0.052507778816282824,0.1621067247309792,0.15432011107955443,0.16636687809650036,0.16636687809650036,False,False,False,5.250777881628283,5.250777881628283
83,balanced,6,36,36,36,0.2382692223247176,0.007689839960256961,-0.029212466564911943,0.2382692223247176,0.007689839960256961,0.029212466564911943,0.07869449966865474,0.1340291583830351,0.12558774338098394,0.1340291583830351,False,True,False,2.9212466564911943,2.9212466564911943
84,balanced,6,36,36,36,-0.42182978072534993,-0.0071536098641300505,0.02470724448183559,0.42182978072534993,0.0071536098641300505,0.02470724448183559,0.13156773643851177,0.10123386664142131,0.15400454416358988,0.15400454416358988,False,False,False,2.470724448183559,2.470724448183559
85,balanced,6,36,36,36,-0.5234365206172598,-0.012470609915468889,0.01964462018711144,0.5234365206172598,0.012470609915468889,0.01964462018711144,0.09642936034586135,0.11422733440626084,0.11698854492095048,0.11698854492095048,False,True,False,1.964462018711144,1.964462018711144
86,balanced,6,36,36,36,-0.8435174102130887,-0.020092300546383002,0.042582794382698574,0.8435174102130887,0.020092300546383002,0.042582794382698574,0.14392218119852315,0.13818675250086782,0.15630818265013097,0.15630818265013097,False,False,False,4.258279438269858,4.258279438269858
87,balanced,6,36,36,36,1.810217220795522,0.060524507225671154,-0.06242747037739149,1.810217220795522,0.060524507225671154,0.06242747037739149,0.2518460664583925,0.23968885102085896,0.21151661459812554,0.2518460664583925,False,False,False,6.242747037739149,6.242747037739149
88,balanced,6,36,36,36,-0.3407653975363907,-0.023884117906836644,0.0082490571260731,0.3407653975363907,0.023884117906836644,0.0082490571260731,0.1042001956514879,0.1466912808861119,0.07121556376029536,0.1466912808861119,False,False,False,2.3884117906836644,2.3884117906836644
89,balanced,6,36,36,36,-0.9222221647245483,-0.021815406255140668,0.026170858161675914,0.9222221647245483,0.021815406255140668,0.026170858161675914,0.14488466029221497,0.15379942566821295,0.13194641673766921,0.15379942566821295,False,False,False,2.617085816167591,2.617085816167591
90,balanced,6,36,36,36,0.026965908751598988,-0.011277905244511222,0.010167170088682564,0.026965908751598988,0.011277905244511222,0.010167170088682564,0.1368140364164221,0.1208069046041213,0.1184243743885891,0.1368140364164221,False,True,False,1.1277905244511222,1.1277905244511222
91,balanced,6,36,36,36,0.012052376282575494,0.0019985657875263296,0.0017669116874806101,0.012052376282575494,0.0019985657875263296,0.0017669116874806101,0.08755404083435893,0.08037489349616586,0.09943513522042349,0.09943513522042349,True,True,True,0.19985657875263296,0.7102509658601678
92,balanced,6,36,36,36,0.5180258213271784,0.03551241973484753,-0.03170436126040588,0.5180258213271784,0.03551241973484753,0.03170436126040588,0.11881883303354476,0.1782874183470605,0.15232415033607877,0.1782874183470605,False,False,False,3.5512419734847533,3.5512419734847533
93,balanced,6,36,36,36,0.3343132329109686,0.015361370008308728,-0.024151297823891194,0.3343132329109686,0.015361370008308728,0.024151297823891194,0.0761147401306447,0.09722616680867179,0.12244785256713686,0.12244785256713686,False,True,False,2.415129782389119,2.415129782389119
94,balanced,6,36,36,36,0.13412666242551197,0.009157181310440743,-0.006547619712491293,0.13412666242551197,0.009157181310440743,0.006547619712491293,0.0906387074379122,0.10597525955378838,0.0956877780933447,0.10597525955378838,True,True,True,0.9157181310440743,0.9157181310440743
95,balanced,6,36,36,36,-0.07292628366520049,-9.061923180786469e-05,-0.0023057898709894498,0.07292628366520049,9.061923180786469e-05,0.0023057898709894498,0.0631370507116034,0.08505317302534002,0.09284767584966393,0.09284767584966393,True,True,True,0.23057898709894498,0.6631976846404566
96,balanced,6,36,36,36,-0.2640314109997597,-0.006717581191540756,0.004290230344925261,0.2640314109997597,0.006717581191540756,0.004290230344925261,0.08925021300766828,0.1302660229101581,0.10375840196913756,0.1302660229101581,True,True,True,0.6717581191540756,0.9304715922154149
97,balanced,6,36,36,36,-0.8066262941768727,-0.023242483839936434,0.04527535473756722,0.8066262941768727,0.023242483839936434,0.04527535473756722,0.17235476032692731,0.17974691533339646,0.18474865095143425,0.18474865095143425,False,False,False,4.527535473756722,4.527535473756722
98,balanced,6,36,36,36,-0.5005031699482387,-0.0009426444492881547,0.022656311260686957,0.5005031699482387,0.0009426444492881547,0.022656311260686957,0.0942046135883114,0.0911041686389599,0.11186058253652686,0.11186058253652686,False,True,False,2.2656311260686954,2.2656311260686954
99,balanced,6,36,36,36,-0.0735283435592855,-0.0007264956555910196,-0.013991781737710485,0.0735283435592855,0.0007264956555910196,0.013991781737710485,0.0909858310454732,0.0771245542617312,0.07524693111174224,0.0909858310454732,False,True,False,1.3991781737710485,1.3991781737710485
100,balanced,6,36,36,36,-0.34057299374309835,-0.003562030168587471,0.015044528763685616,0.34057299374309835,0.003562030168587471,0.015044528763685616,0.0968159298179179,0.10067373536558427,0.08725425226419262,0.10067373536558427,False,True,False,1.5044528763685616,1.5044528763685616
101,balanced,6,36,36,36,-1.0123785344637177,-0.027704372477745154,0.03949394830434927,1.0123785344637177,0.027704372477745154,0.03949394830434927,0.14010382151535233,0.12767837419924896,0.13266433147148854,0.14010382151535233,False,False,False,3.949394830434927,3.949394830434927
102,balanced,6,36,36,36,1.684986802484275,0.036554154119014526,-0.06191600002312592,1.684986802484275,0.036554154119014526,0.06191600002312592,0.1901921802518224,0.13968569535169933,0.17742749850105716,0.1901921802518224,False,False,False,6.191600002312591,6.191600002312591
103,balanced,6,36,36,36,-1.2811261290851519,-0.028174960254511827,0.04350474650697039,1.2811261290851519,0.028174960254511827,0.04350474650697039,0.16369244848370096,0.17151850799962132,0.15733377512701568,0.17151850799962132,False,False,False,4.3504746506970395,4.3504746506970395
104,balanced,6,36,36,36,-1.0712926925431283,-0.02758979910500947,0.046392534735660906,1.0712926925431283,0.02758979910500947,0.046392534735660906,0.13903878317397203,0.14102685474454857,0.15920350910410552,0.15920350910410552,False,False,False,4.63925347356609,4.63925347356609
105,balanced,6,36,36,36,-0.4748289857847645,-0.027958186025965337,0.02694546946670756,0.4748289857847645,0.027958186025965337,0.02694546946670756,0.08074568462242418,0.12573763766606708,0.11545804537852251,0.12573763766606708,False,True,False,2.7958186025965337,2.7958186025965337
106,balanced,6,36,36,36,-1.1647697827428267,-0.025973557073753373,0.04532983141676622,1.1647697827428267,0.025973557073753373,0.04532983141676622,0.1406718419640885,0.1177695730379627,0.12890908517151062,0.1406718419640885,False,False,False,4.532983141676622,4.532983141676622
107,balanced,6,36,36,36,0.2615452599647732,0.01904129703288493,-0.038838024788902525,0.2615452599647732,0.01904129703288493,0.038838024788902525,0.21055413550443372,0.20561551326958882,0.20442424816182272,0.21055413550443372,False,False,False,3.8838024788902525,3.8838024788902525
108,balanced,6,36,36,36,-0.5268420386191934,0.006426542693825366,0.0016871850941188593,0.5268420386191934,0.006426542693825366,0.0016871850941188593,0.09358925810218056,0.13130739373284106,0.09751017703303985,0.13130739373284106,False,True,False,1.0536840772383869,1.0536840772383869
109,balanced,6,36,36,36,-0.20139564486450823,-0.018302944274955824,0.006666494306121429,0.20139564486450823,0.018302944274955824,0.006666494306121429,0.09935624349143236,0.12475149105367793,0.13171763072359494,0.13171763072359494,False,True,False,1.8302944274955824,1.8302944274955824
110,balanced,6,36,36,36,-0.9053739449590346,-0.016194840575801672,0.03403309461593107,0.9053739449590346,0.016194840575801672,0.03403309461593107,0.1460285903625864,0.12801760863391082,0.13295623086875571,0.1460285903625864,False,False,False,3.403309461593107,3.403309461593107
111,balanced,6,36,36,36,-0.10774180702467007,-0.007632768292110903,0.014952167848276576,0.10774180702467007,0.007632768292110903,0.014952167848276576,0.11537915364953139,0.10390040708132159,0.10301681971662091,0.11537915364953139,False,True,False,1.4952167848276576,1.4952167848276576
112,balanced,6,36,36,36,-0.39461692252521985,-0.012243916066700722,0.017280466627274338,0.39461692252521985,0.012243916066700722,0.017280466627274338,0.08922654548897094,0.0996718104073969,0.1056912493294203,0.1056912493294203,False,True,False,1.7280466627274338,1.7280466627274338
113,balanced,6,36,36,36,-0.3648946822891226,-0.007261158995046646,0.005092119363806102,0.3648946822891226,0.007261158995046646,0.005092119363806102,0.1593139575246931,0.15732588595411656,0.1434093849600808,0.1593139575246931,True,False,False,0.7297893645782452,1.1379568394620934
114,balanced,6,36,36,36,-0.49240226294031686,-0.009463027423170955,0.02964340479459404,0.49240226294031686,0.009463027423170955,0.02964340479459404,0.1856085707974376,0.16652466155448262,0.12642399570828994,0.1856085707974376,False,False,False,2.964340479459404,2.964340479459404
115,balanced,6,36,36,36,-0.7351371984888431,-0.026837248244763856,0.03243049004461396,0.7351371984888431,0.026837248244763856,0.03243049004461396,0.1131307393732841,0.10611726466597242,0.14333838240398877,0.14333838240398877,False,False,False,3.2430490044613958,3.2430490044613958
116,balanced,6,36,36,36,-0.5896706853850375,-0.0030816167316976006,0.01563672015686246,0.5896706853850375,0.0030816167316976006,0.01563672015686246,0.12088579633311243,0.10069740288428161,0.08936066142825586,0.12088579633311243,False,True,False,1.563672015686246,1.563672015686246
117,balanced,6,36,36,36,-0.1844771445998994,0.015677070976415353,-0.01640641339501392,0.1844771445998994,0.015677070976415353,0.01640641339501392,0.10921770961532393,0.12659755751207044,0.16209883555808008,0.16209883555808008,False,False,False,1.640641339501392,1.640641339501392
118,balanced,6,36,36,36,-0.1079076403919359,-0.004376613735041279,0.00192246045953115,0.1079076403919359,0.004376613735041279,0.00192246045953115,0.09791252485089463,0.10160465776767964,0.10035816844961974,0.10160465776767964,True,True,True,0.4376613735041279,0.725747555483426
119,balanced,6,36,36,36,-0.6116037376598733,-0.013849502939861424,0.008422983789968308,0.6116037376598733,0.013849502939861424,0.008422983789968308,0.13120483448515258,0.18766764492410615,0.14205244722143331,0.18766764492410615,False,False,False,1.3849502939861424,1.3849502939861424
120,balanced,6,36,36,36,-0.7923232457250329,-0.011636432977730649,0.03975741625281842,0.7923232457250329,0.011636432977730649,0.03975741625281842,0.16480482186247594,0.121343368361261,0.1675818107229638,0.1675818107229638,False,False,False,3.975741625281842,3.975741625281842
121,balanced,6,36,36,36,-0.33503566926149375,-0.020347929138820442,0.02281913345508585,0.33503566926149375,0.020347929138820442,0.02281913345508585,0.12308687557196503,0.14046672346871153,0.10721385969894916,0.14046672346871153,False,False,False,2.2819133455085847,2.2819133455085847
122,balanced,6,36,36,36,-0.4286335582080909,0.007075646381694667,-0.008999019571118039,0.4286335582080909,0.007075646381694667,0.008999019571118039,0.11155290479346146,0.06974817760106031,0.12415980308624444,0.12415980308624444,True,True,True,0.8999019571118039,0.8999019571118039
123,balanced,6,36,36,36,0.04832977640529279,0.007508167486508621,-0.008009826577841606,0.04832977640529279,0.007508167486508621,0.008009826577841606,0.1446637634510398,0.15414654927577393,0.12404935466565685,0.15414654927577393,True,False,False,0.8009826577841606,1.1010467805412423
124,balanced,6,36,36,36,-0.7776728743853987,-0.016738761106015354,0.013768798858286357,0.7776728743853987,0.016738761106015354,0.013768798858286357,0.10036605762251885,0.13376092650446528,0.07957019786045631,0.13376092650446528,False,True,False,1.6738761106015354,1.6738761106015354
125,balanced,6,36,36,36,-0.346473615157219,0.007219927702796558,0.005870597209725714,0.346473615157219,0.007219927702796558,0.005870597209725714,0.08413013979614377,0.11780112972955915,0.10601470541828395,0.11780112972955915,True,True,True,0.7219927702796558,0.8414366409254225
126,balanced,6,36,36,36,-0.5671627794248266,-0.026972209717381457,-0.0010602296429924607,0.5671627794248266,0.026972209717381457,0.0010602296429924607,0.1095569440499858,0.09743128530404872,0.10268547445485815,0.1095569440499858,False,True,False,2.6972209717381457,2.6972209717381457
127,balanced,6,36,36,36,-0.17904777075284883,-0.0061054323834316415,-0.0012470116628273131,0.17904777075284883,0.0061054323834316415,0.0012470116628273131,0.13875477294960398,0.14125564075862287,0.1359777840891161,0.14125564075862287,True,False,False,0.6105432383431642,1.0089688625615918
128,balanced,6,36,36,36,-0.4730114944654211,-0.0016961837532259993,-0.0037758548223040256,0.4730114944654211,0.0016961837532259993,0.0037758548223040256,0.12408880053015242,0.09211398277004638,0.1020622297958282,0.12408880053015242,True,True,True,0.9460229889308422,0.9460229889308422
129,balanced,6,36,36,36,-1.4492145652119213,-0.03415122824133876,0.04544051600035187,1.4492145652119213,0.03415122824133876,0.04544051600035187,0.17306478588784752,0.19266149136924485,0.17618889835589638,0.19266149136924485,False,False,False,4.544051600035187,4.544051600035187
130,balanced,6,36,36,36,-1.1169312008098586,-0.017705932563093718,0.044553807812791224,1.1169312008098586,0.017705932563093718,0.044553807812791224,0.18498532613840765,0.1328852283126637,0.18708384612957177,0.18708384612957177,False,False,False,4.455380781279122,4.455380781279122
131,balanced,6,36,36,36,-0.5794289384825078,-0.013390514061399794,0.03254582834362413,0.5794289384825078,0.013390514061399794,0.03254582834362413,0.1171778850705292,0.08076146296822241,0.13503108334122252,0.13503108334122252,False,True,False,3.2545828343624126,3.2545828343624126
132,balanced,6,36,36,36,0.3410754725790497,-0.002828004763074543,-0.009754358397230933,0.3410754725790497,0.002828004763074543,0.009754358397230933,0.14301492631512513,0.1219350563286945,0.10365584272144908,0.14301492631512513,True,False,False,0.9754358397230933,1.0215351879651795
133,balanced,6,36,36,36,-1.1417356075058684,-0.021158963745383397,0.023012345429455017,1.1417356075058684,0.021158963745383397,0.023012345429455017,0.16635109975070214,0.12034144340307362,0.13868377039351196,0.16635109975070214,False,False,False,2.3012345429455014,2.3012345429455014
134,balanced,6,36,36,36,-0.9117956169323698,-0.008111899401294198,0.021952036126979324,0.9117956169323698,0.008111899401294198,0.021952036126979324,0.21101170753258228,0.20249140080153996,0.1958960522578813,0.21101170753258228,False,False,False,2.195203612697932,2.195203612697932
135,balanced,6,36,36,36,-0.7365466761466273,-0.026206779286810478,0.015476692861511376,0.7365466761466273,0.026206779286810478,0.015476692861511376,0.10464198933383824,0.15737322099151124,0.11079554419514658,0.15737322099151124,False,False,False,2.6206779286810478,2.6206779286810478
136,balanced,6,36,36,36,-0.32620949293606927,-0.009896319249154018,0.028310738690556503,0.32620949293606927,0.009896319249154018,0.028310738690556503,0.08348322761841649,0.11601028748146044,0.13657736122944872,0.13657736122944872,False,True,False,2.83107386905565,2.83107386905565
137,balanced,6,36,36,36,-0.9790765982081808,-0.01927926338932373,0.044318445523938044,0.9790765982081808,0.01927926338932373,0.044318445523938044,0.18301303291362933,0.144955662848307,0.169893338382404,0.18301303291362933,False,False,False,4.431844552393804,4.431844552393804
138,balanced,6,36,36,36,0.08597368585955678,0.0015335742246298523,-0.010275770826941089,0.08597368585955678,0.0015335742246298523,0.010275770826941089,0.10004260153365521,0.09741550695825049,0.08996812774148759,0.10004260153365521,False,True,False,1.0275770826941089,1.0275770826941089
139,balanced,6,36,36,36,-0.4210041901677819,-0.016448464962059872,0.007700516511527089,0.4210041901677819,0.016448464962059872,0.007700516511527089,0.1316387389946038,0.10095774558995235,0.1164599703367099,0.1316387389946038,False,True,False,1.6448464962059872,1.6448464962059872
140,balanced,6,36,36,36,-0.21988116448546435,-0.0042386579568668425,0.0005252853660390189,0.21988116448546435,0.0042386579568668425,0.0005252853660390189,0.10829467638612768,0.09238221464861623,0.07198870270440846,0.10829467638612768,True,True,True,0.4397623289709287,0.7735334027580548
141,balanced,6,36,36,36,0.2306753521618461,0.016623892414356578,-0.019990933975880587,0.2306753521618461,0.016623892414356578,0.019990933975880587,0.12648710909148284,0.1672189087696046,0.19248792956546434,0.19248792956546434,False,False,False,1.9990933975880587,1.9990933975880587
142,balanced,6,36,36,36,-0.2604852260361419,0.009546947672419703,-0.004930337083477676,0.2604852260361419,0.009546947672419703,0.004930337083477676,0.09859099372021837,0.113540976364038,0.10530467985736375,0.113540976364038,True,True,True,0.9546947672419703,0.9546947672419703
143,balanced,6,36,36,36,-0.4466542940546354,-0.020798131299232026,0.033961279504359954,0.4466542940546354,0.020798131299232026,0.033961279504359954,0.11029852630250245,0.12740225314777998,0.1470541828394711,0.1470541828394711,False,False,False,3.396127950435995,3.396127950435995
144,balanced,6,36,36,36,-0.9057783558510586,-0.025337902511703425,0.04064166730098617,0.9057783558510586,0.025337902511703425,0.04064166730098617,0.12569819180157152,0.1357963331124365,0.1530657325885954,0.1530657325885954,False,False,False,4.064166730098617,4.064166730098617
145,balanced,6,36,36,36,-0.5661602822817287,-0.013539242551274477,0.023916162012710684,0.5661602822817287,0.013539242551274477,0.023916162012710684,0.1778692921834075,0.12957966486793523,0.12583230774085644,0.1778692921834075,False,False,False,2.391616201271068,2.391616201271068
146,balanced,6,36,36,36,-0.7587474724859149,-0.03211931914642163,0.04243426540281464,0.7587474724859149,0.03211931914642163,0.04243426540281464,0.12288175707658809,0.16389756697907792,0.18582946763861277,0.18582946763861277,False,False,False,4.243426540281464,4.243426540281464
147,balanced,6,36,36,36,-0.4886364944653572,-0.0058871568628963145,-0.02118245348712333,0.4886364944653572,0.0058871568628963145,0.02118245348712333,0.1034270567073748,0.10752153744201458,0.13178074410678783,0.13178074410678783,False,True,False,2.118245348712333,2.118245348712333
148,balanced,6,36,36,36,-0.5403019859932989,-0.02735588233227315,0.033425750604464455,0.5403019859932989,0.02735588233227315,0.033425750604464455,0.12703935119442078,0.1362302376218877,0.16736091388178864,0.16736091388178864,False,False,False,3.3425750604464453,3.3425750604464453
149,balanced,6,36,36,36,-1.3114195672549087,-0.030290913554245402,0.05077987100137049,1.3114195672549087,0.030290913554245402,0.05077987100137049,0.1869102843257913,0.18378617185774243,0.21224241850484396,0.21224241850484396,False,False,False,5.077987100137049,5.077987100137049
150,balanced,6,36,36,36,0.06522623619673595,0.0007716795084737882,0.01902228840145226,0.06522623619673595,0.0007716795084737882,0.01902228840145226,0.08631544068919815,0.06580359115150368,0.1428176969926473,0.1428176969926473,False,False,False,1.9022288401452259,1.9022288401452259
151,balanced,6,36,36,36,-0.7141376609149788,-0.005062462030728465,0.004809978294234074,0.7141376609149788,0.005062462030728465,0.004809978294234074,0.13784751806620593,0.12330777241314021,0.10484710782921519,0.13784751806620593,False,True,False,1.4282753218299575,1.4282753218299575
152,balanced,6,36,36,36,-0.4172849927885345,-0.011708345153809696,0.012881637323592265,0.4172849927885345,0.011708345153809696,0.012881637323592265,0.12295275963268011,0.09756540124333365,0.11222348448988607,0.12295275963268011,False,True,False,1.2881637323592265,1.2881637323592265
153,balanced,6,36,36,36,-0.25017356950806047,-0.002634175425319296,0.002021225045482966,0.25017356950806047,0.002634175425319296,0.002021225045482966,0.10958850074158226,0.0904020322509388,0.07737700779450282,0.10958850074158226,True,True,True,0.5003471390161209,0.782775005297016
154,balanced,6,36,36,36,-1.7922424483177224,-0.04882986625586727,0.09035539149032035,1.7922424483177224,0.04882986625586727,0.09035539149032035,0.18985294581716053,0.14642304900754205,0.22484142762472784,0.22484142762472784,False,False,False,9.035539149032035,9.035539149032035
155,balanced,6,36,36,36,-0.4642111600647354,-0.003930620324823941,0.013397995258729645,0.4642111600647354,0.003930620324823941,0.013397995258729645,0.11839281769699264,0.0901574678910663,0.08918709962447537,0.11839281769699264,False,True,False,1.3397995258729645,1.3397995258729645
156,balanced,6,36,36,36,-1.33825683672001,-0.026582344428248694,0.06252946443891577,1.33825683672001,0.026582344428248694,0.06252946443891577,0.19793934803875163,0.18117485562813596,0.2201394805768563,0.2201394805768563,False,False,False,6.252946443891577,6.252946443891577
157,balanced,6,36,36,36,-1.0239914531055376,-0.022891442284531882,0.029938985055877665,1.0239914531055376,0.022891442284531882,0.029938985055877665,0.16095490548770866,0.14306226135251982,0.16788948846602922,0.16788948846602922,False,False,False,2.9938985055877665,2.9938985055877665
158,balanced,6,36,36,36,-0.8096597202497016,-0.013706610738119518,0.030612655170620395,0.8096597202497016,0.013706610738119518,0.030612655170620395,0.1465729432926252,0.12685790021774118,0.15338918867745904,0.15338918867745904,False,False,False,3.0612655170620395,3.0612655170620395
159,balanced,6,36,36,36,-1.578722265814104,-0.03875224157063184,0.060349628101978525,1.578722265814104,0.03875224157063184,0.060349628101978525,0.14991795260184923,0.12636877149799616,0.1321042001956515,0.14991795260184923,False,False,False,6.034962810197852,6.034962810197852
160,balanced,6,36,36,36,-1.0852182449113066,-0.03635541462787084,0.040268928930521475,1.0852182449113066,0.03635541462787084,0.040268928930521475,0.20985199911641264,0.16849695477926094,0.15826469752911104,0.20985199911641264,False,False,False,4.026892893052147,4.026892893052147
161,balanced,6,36,36,36,-0.22555897049210216,-0.002290488420804815,0.009771069387953468,0.22555897049210216,0.002290488420804815,0.009771069387953468,0.11246015967685948,0.1159866199627631,0.10808955789075074,0.1159866199627631,True,True,True,0.9771069387953468,0.9771069387953468
162,balanced,6,36,36,36,-0.9591754550281593,-0.035141412886196766,0.04250676907220918,0.9591754550281593,0.035141412886196766,0.04250676907220918,0.13791063144939886,0.14219445233361735,0.14459276089494777,0.14459276089494777,False,False,False,4.250676907220918,4.250676907220918
163,balanced,6,36,36,36,-1.3338644512371545,-0.031475908529971286,0.036867889141401766,1.3338644512371545,0.031475908529971286,0.036867889141401766,0.12037300009467007,0.13885733219729243,0.1390703398655685,0.1390703398655685,False,True,False,3.6867889141401764,3.6867889141401764
164,balanced,6,36,36,36,-0.519343959743054,-0.01349254727914706,0.0008589805210909573,0.519343959743054,0.01349254727914706,0.0008589805210909573,0.1227081952728076,0.09586922907002429,0.10752153744201458,0.1227081952728076,False,True,False,1.349254727914706,1.349254727914706
165,balanced,6,36,36,36,-1.1519006630987327,-0.042632079262416744,0.0691283560258088,1.1519006630987327,0.042632079262416744,0.0691283560258088,0.20888952002272082,0.18223989396951623,0.23615450156205622,0.23615450156205622,False,False,False,6.91283560258088,6.91283560258088
166,balanced,6,36,36,36,-0.7365037872933264,-0.0016118498036080675,0.024110629099469538,0.7365037872933264,0.0016118498036080675,0.024110629099469538,0.13205686515825682,0.11421944523336174,0.1469279560730853,0.1469279560730853,False,False,False,2.4110629099469536,2.4110629099469536
167,balanced,6,36,36,36,-0.8308665230416459,-0.020743057435301027,0.025424757952022092,0.8308665230416459,0.020743057435301027,0.025424757952022092,0.12688156773643852,0.1095569440499858,0.12034933257597273,0.12688156773643852,False,True,False,2.542475795202209,2.542475795202209
168,balanced,6,36,36,36,-1.0047956845372958,-0.011102538445472931,0.011737641754608064,1.0047956845372958,0.011102538445472931,0.011737641754608064,0.11382498658840608,0.11114266780270757,0.150391302975796,0.150391302975796,False,False,False,2.0095913690745917,2.0095913690745917
169,balanced,6,36,36,36,0.10505583472949098,0.023931743066627487,-0.010775352331140742,0.10505583472949098,0.023931743066627487,0.010775352331140742,0.1147322414718041,0.21731515667897378,0.10161254694057875,0.21731515667897378,False,False,False,2.3931743066627487,2.3931743066627487
170,balanced,6,36,36,36,-0.1089867758628138,0.0015537752321551634,-0.011799862007769613,0.1089867758628138,0.0015537752321551634,0.011799862007769613,0.07404777683107704,0.10070529205718072,0.10303259806241914,0.10303259806241914,False,True,False,1.1799862007769613,1.1799862007769613
171,balanced,6,36,36,36,0.2532185175806845,0.008257065906576821,0.005080619703095202,0.2532185175806845,0.008257065906576821,0.005080619703095202,0.08561330430117707,0.08226040581905393,0.10487866452081164,0.10487866452081164,True,True,True,0.8257065906576821,0.8257065906576821
172,balanced,6,36,36,36,0.18673565574384554,0.010623025093924543,-0.017997373433219,0.18673565574384554,0.010623025093924543,0.017997373433219,0.1295481081763388,0.10871280254978068,0.11263372148063996,0.1295481081763388,False,True,False,1.7997373433219,1.7997373433219
173,balanced,6,36,36,36,-0.33205037725071307,-0.02684561855814338,0.050889302542170445,0.33205037725071307,0.02684561855814338,0.050889302542170445,0.12225062324465903,0.14923159455962637,0.18922181198523147,0.18922181198523147,False,False,False,5.088930254217044,5.088930254217044
174,balanced,6,36,36,36,-0.6154205806927102,-0.015498429012510861,0.02306223296492743,0.6154205806927102,0.015498429012510861,0.02306223296492743,0.09356559058348322,0.09768373883682034,0.09674492726182587,0.09768373883682034,False,True,False,2.306223296492743,2.306223296492743
175,balanced,6,36,36,36,-0.2777179619878396,-0.016918640473367108,0.005790979684585917,0.2777179619878396,0.016918640473367108,0.005790979684585917,0.09738395026665404,0.10681151188109439,0.10413708226829499,0.10681151188109439,False,True,False,1.6918640473367108,1.6918640473367108
176,balanced,6,36,36,36,-1.2540908264991693,-0.030908754605930455,0.055012469987432255,1.2540908264991693,0.030908754605930455,0.055012469987432255,0.15491968821988703,0.13510208589731454,0.17385370317775883,0.17385370317775883,False,False,False,5.501246998743225,5.501246998743225
177,balanced,6,36,36,36,-0.5607489752646089,-0.025534402468681328,0.031572818011403825,0.5607489752646089,0.025534402468681328,0.031572818011403825,0.10805011202625517,0.10728486225504118,0.1480639969705576,0.1480639969705576,False,False,False,3.1572818011403823,3.1572818011403823
178,balanced,6,36,36,36,-0.2793662290980343,-0.0015387985165395968,0.017468619864379087,0.2793662290980343,0.0015387985165395968,0.017468619864379087,0.1371611600239831,0.10686673609138818,0.10180977626305658,0.1371611600239831,False,True,False,1.7468619864379087,1.7468619864379087
179,balanced,6,36,36,36,-0.3514847498347109,-0.01548160725720893,0.014354647323846892,0.3514847498347109,0.01548160725720893,0.014354647323846892,0.08994446022279025,0.12702357284862256,0.09083593676039003,0.12702357284862256,False,True,False,1.548160725720893,1.548160725720893
180,balanced,6,36,36,36,0.3402357888345193,0.004570141131134853,0.0037815699978286377,0.3402357888345193,0.004570141131134853,0.0037815699978286377,0.10229101580990249,0.10244879926788475,0.0997901480008836,0.10244879926788475,True,True,True,0.6804715776690387,0.7317771376277481
181,balanced,6,36,36,36,0.31354811378221115,0.005588354860199707,0.0047072844583399,0.31354811378221115,0.005588354860199707,0.0047072844583399,0.13290100665846194,0.08043011770645965,0.07365331818612136,0.13290100665846194,True,True,True,0.6270962275644223,0.9492929047032995
182,balanced,6,36,36,36,-0.6803952595799814,-0.017309152721247,0.03037243479277779,0.6803952595799814,0.017309152721247,0.03037243479277779,0.12813594622739752,0.12305531888036858,0.1468017293066995,0.1468017293066995,False,False,False,3.037243479277779,3.037243479277779
183,balanced,6,36,36,36,-0.04414984993234228,0.0019361978051916084,-0.020239963113075687,0.04414984993234228,0.0019361978051916084,0.020239963113075687,0.11506358673356686,0.10917037457792925,0.12438069992741961,0.12438069992741961,False,True,False,2.0239963113075685,2.0239963113075685
184,balanced,6,36,36,36,-0.3597833323355495,-0.008076035617671007,0.019546016616484585,0.3597833323355495,0.008076035617671007,0.019546016616484585,0.08987345766669823,0.10181766543595569,0.10401874467480829,0.10401874467480829,False,True,False,1.9546016616484585,1.9546016616484585
185,balanced,6,36,36,36,-0.504259481152932,0.005641449353217642,-0.0024194144329821587,0.504259481152932,0.005641449353217642,0.0024194144329821587,0.11967086370664899,0.09024424879295655,0.12654233330177664,0.12654233330177664,False,True,False,1.008518962305864,1.008518962305864
186,balanced,6,36,36,36,0.9328620425983267,0.03143770714049754,-0.02629230835749602,0.9328620425983267,0.03143770714049754,0.02629230835749602,0.18510366373189435,0.1560793966360567,0.10564391429202562,0.18510366373189435,False,False,False,3.143770714049754,3.143770714049754
187,balanced,6,36,36,36,-0.7154388700468601,0.006826629765615877,0.02142999339884627,0.7154388700468601,0.006826629765615877,0.02142999339884627,0.1553220360377418,0.07207548360629872,0.1141957777146644,0.1553220360377418,False,False,False,2.1429993398846268,2.1429993398846268
188,balanced,6,36,36,36,-1.087419749088717,-0.039884753000949846,0.054322908405159465,1.087419749088717,0.039884753000949846,0.054322908405159465,0.1144955662848307,0.1429518129319322,0.15289217078481493,0.15289217078481493,False,False,False,5.432290840515947,5.432290840515947
189,balanced,6,36,36,36,-0.4838341614813011,-0.006160329089112571,0.009956262985396369,0.4838341614813011,0.006160329089112571,0.009956262985396369,0.10352961595506327,0.12477515857237527,0.11227870870017988,0.12477515857237527,True,True,True,0.9956262985396369,0.9956262985396369
190,balanced,6,36,36,36,0.037692095715765817,0.013713321448483362,-0.007398908978176466,0.037692095715765817,0.013713321448483362,0.007398908978176466,0.08474549528227461,0.13069992741960934,0.10177821957146013,0.13069992741960934,False,True,False,1.3713321448483362,1.3713321448483362
191,balanced,6,36,36,36,0.008427036350649786,-0.01201194969039554,0.00982900634443823,0.008427036350649786,0.01201194969039554,0.00982900634443823,0.12565874593707596,0.10992773517624413,0.08691501782953075,0.12565874593707596,False,True,False,1.201194969039554,1.201194969039554
192,balanced,6,36,36,36,-0.3729582370529556,-0.0006278615582804292,0.01444462063861629,0.3729582370529556,0.0006278615582804292,0.01444462063861629,0.151992805074316,0.15528259017324625,0.16357411089021426,0.16357411089021426,False,False,False,1.444462063861629,1.444462063861629
193,balanced,6,36,36,36,-1.2427461949860685,-0.037436582451608746,0.07101987600362436,1.2427461949860685,0.037436582451608746,0.07101987600362436,0.16533339644671652,0.17777462210861814,0.19503613241187795,0.19503613241187795,False,False,False,7.101987600362436,7.101987600362436
194,balanced,6,36,36,36,0.19783568304010046,0.0022844818179332815,-0.008655186142000726,0.19783568304010046,0.0022844818179332815,0.008655186142000726,0.10341127836157657,0.0797358704913377,0.10528890151156553,0.10528890151156553,True,True,True,0.8655186142000726,0.8655186142000726
195,balanced,6,36,36,36,0.009715900698267887,0.010760939479986242,0.00480639259884208,0.009715900698267887,0.010760939479986242,0.00480639259884208,0.17009845687778094,0.13512575341601188,0.11624696266843385,0.17009845687778094,False,False,False,1.0760939479986242,1.2149889776984353
196,balanced,6,36,36,36,-0.00397475638750322,-0.002991737894429747,-0.00778259370026313,0.00397475638750322,0.002991737894429747,0.00778259370026313,0.11388021079869987,0.09594812079901544,0.10008204739815078,0.11388021079869987,True,True,True,0.778259370026313,0.8134300771335704
197,balanced,6,36,36,36,-0.27809111355504257,-0.005500359971206237,0.005944310977585854,0.27809111355504257,0.005500359971206237,0.005944310977585854,0.08451670926820032,0.09205086938685349,0.09352614471898767,0.09352614471898767,True,True,True,0.5944310977585854,0.6680438908499119
198,balanced,6,36,36,36,0.023424359704755204,0.014341411187701159,0.001828161875765455,0.023424359704755204,0.014341411187701159,0.001828161875765455,0.07605162674745179,0.11001451607813437,0.07007163368992395,0.11001451607813437,False,True,False,1.4341411187701159,1.4341411187701159
199,balanced,6,36,36,36,-0.3905469584341965,-0.004929799476148022,0.005267250848671745,0.3905469584341965,0.004929799476148022,0.005267250848671745,0.1191975133327022,0.08895042443750197,0.10822367383003566,0.1191975133327022,True,True,True,0.781093916868393,0.8514108095193014
200,balanced,6,36,36,36,-0.48543299647266736,-0.01235385186693494,0.024294165667091416,0.48543299647266736,0.01235385186693494,0.024294165667091416,0.1230079838429739,0.10573858436681498,0.11124522705039604,0.1230079838429739,False,True,False,2.4294165667091416,2.4294165667091416
201,balanced,6,36,36,36,-1.0486617625961792,-0.01862783843167759,0.02142131347245091,1.0486617625961792,0.01862783843167759,0.02142131347245091,0.12846729148916028,0.1253905140585061,0.14774054088169397,0.14774054088169397,False,False,False,2.142131347245091,2.142131347245091
202,balanced,6,36,36,36,0.2463485127148104,0.006302534402529147,0.001855995071789962,0.2463485127148104,0.006302534402529147,0.001855995071789962,0.10029505506642683,0.10569913850231942,0.10138376092650446,0.10569913850231942,True,True,True,0.6302534402529147,0.7549938464451387
203,balanced,6,36,36,36,-0.012934367644486855,0.01295604526445504,-0.02066868959579765,0.012934367644486855,0.01295604526445504,0.02066868959579765,0.06286881883303354,0.1210356906181956,0.12909053614819022,0.12909053614819022,False,True,False,2.066868959579765,2.066868959579765
204,balanced,6,36,36,36,-0.7086734779552515,-0.017579256136100896,0.027854047695325845,0.7086734779552515,0.017579256136100896,0.027854047695325845,0.12482249360976995,0.1228896462494872,0.09847265612673167,0.12482249360976995,False,True,False,2.7854047695325845,2.7854047695325845
205,balanced,6,36,36,36,-0.13341821642822893,0.00892727129438009,0.0014369599317785586,0.13341821642822893,0.00892727129438009,0.0014369599317785586,0.09976648048218625,0.08962889330682572,0.07404777683107704,0.09976648048218625,True,True,True,0.892727129438009,0.892727129438009
206,balanced,6,36,36,36,-0.6846430309490508,-0.03144602342335545,0.02845154752369794,0.6846430309490508,0.03144602342335545,0.02845154752369794,0.13111805358326234,0.13367414560257504,0.10246457761368298,0.13367414560257504,False,True,False,3.144602342335545,3.144602342335545
207,balanced,6,36,36,36,0.4857503830184946,0.035702262184142075,-0.029210780974532613,0.4857503830184946,0.035702262184142075,0.029210780974532613,0.11452712297642716,0.1946022279024267,0.1383682034775474,0.1946022279024267,False,False,False,3.5702262184142075,3.5702262184142075
208,balanced,6,36,36,36,-0.9140875347332873,-0.02996080316326477,0.013523086264259465,0.9140875347332873,0.02996080316326477,0.013523086264259465,0.1255640758622866,0.13368992394837326,0.08024077755688094,0.13368992394837326,False,True,False,2.996080316326477,2.996080316326477
209,balanced,6,36,36,36,-0.6311792010608066,-0.021558857515998398,0.02433948941150821,0.6311792010608066,0.021558857515998398,0.02433948941150821,0.12214806399697056,0.08880053015241882,0.08358578686610496,0.12214806399697056,False,True,False,2.433948941150821,2.433948941150821
210,balanced,6,36,36,36,-0.6640399304902935,-0.008314233162881268,0.014338514126367441,0.6640399304902935,0.008314233162881268,0.014338514126367441,0.10239357505759096,0.09984537221117738,0.10564391429202562,0.10564391429202562,False,True,False,1.433851412636744,1.433851412636744
211,balanced,6,36,36,36,-0.9807687608279174,-0.017802274365108728,0.01772535921420787,0.9807687608279174,0.017802274365108728,0.01772535921420787,0.12965066742402725,0.12311843226356149,0.08966044999842217,0.12965066742402725,False,True,False,1.9615375216558348,1.9615375216558348
212,balanced,6,36,36,36,0.07494743586818231,0.0023745245679739346,-0.01495547977550743,0.07494743586818231,0.0023745245679739346,0.01495547977550743,0.08951055571333902,0.08951055571333902,0.10876802676007448,0.10876802676007448,False,True,False,1.495547977550743,1.495547977550743
213,balanced,6,36,36,36,-0.02966083498890626,-0.002206169372347966,0.010994312436574949,0.02966083498890626,0.002206169372347966,0.010994312436574949,0.11742244943040171,0.11367509230332291,0.12560352172678216,0.12560352172678216,False,True,False,1.099431243657495,1.099431243657495
214,balanced,6,36,36,36,-0.5113240355792463,-0.02351198292991996,0.018542186854145493,0.5113240355792463,0.02351198292991996,0.018542186854145493,0.1378238505475086,0.13929912587964277,0.15043863801319068,0.15043863801319068,False,False,False,2.351198292991996,2.351198292991996
215,balanced,6,36,36,36,-0.6697621618253891,-0.01617274877648911,0.004692075443295529,0.6697621618253891,0.01617274877648911,0.004692075443295529,0.12490138533876108,0.11204992268610559,0.08178705544510713,0.12490138533876108,False,True,False,1.617274877648911,1.617274877648911
216,balanced,6,36,36,36,-1.7332522347115642,-0.04770028455940978,0.07349387781937311,1.7332522347115642,0.04770028455940978,0.07349387781937311,0.168291836283884,0.1776483953422323,0.18962415980308625,0.18962415980308625,False,False,False,7.349387781937311,7.349387781937311
217,balanced,6,36,36,36,0.12124257539274197,0.006832651490422559,0.0019112702048766916,0.12124257539274197,0.006832651490422559,0.0019112702048766916,0.1285382940452523,0.11911073243081195,0.13136261794313484,0.13136261794313484,True,True,True,0.6832651490422559,0.9383044138795344
218,balanced,6,36,36,36,-0.358350728075699,-0.011061012220595856,0.009826391294129655,0.358350728075699,0.011061012220595856,0.009826391294129655,0.11636530026192055,0.12307109722616681,0.08132159424405945,0.12307109722616681,False,True,False,1.1061012220595856,1.1061012220595856
219,balanced,6,36,36,36,0.7805087028732096,0.03598322357845107,-0.04657228168892141,0.7805087028732096,0.03598322357845107,0.04657228168892141,0.17682003218782544,0.15886427466944367,0.1744848370096879,0.17682003218782544,False,False,False,4.657228168892141,4.657228168892141
220,balanced,6,36,36,36,0.3582444977884016,0.005611784452648538,-0.022345424753566157,0.3582444977884016,0.005611784452648538,0.022345424753566157,0.08992868187699202,0.07899428823882104,0.16641421313389504,0.16641421313389504,False,False,False,2.2345424753566157,2.2345424753566157
221,balanced,6,36,36,36,-1.4738663045442273,-0.04967015266969599,0.06877107088386436,1.4738663045442273,0.04967015266969599,0.06877107088386436,0.16928587206917226,0.17816119158067467,0.17221275521474327,0.17816119158067467,False,False,False,6.877107088386436,6.877107088386436
222,balanced,6,36,36,36,0.41525390334834,0.001007640223820161,-0.0164005831087356,0.41525390334834,0.001007640223820161,0.0164005831087356,0.13630124017797973,0.10966739247057339,0.13205686515825682,0.13630124017797973,False,True,False,1.64005831087356,1.64005831087356
223,balanced,6,36,36,36,-0.32860268565114126,-0.00720372743627784,0.02031552023807648,0.32860268565114126,0.00720372743627784,0.02031552023807648,0.13563854965445424,0.16512038877844046,0.144955662848307,0.16512038877844046,False,False,False,2.031552023807648,2.031552023807648
224,balanced,6,36,36,36,-0.9504226321522253,-0.008646636677001385,0.04056994666691738,0.9504226321522253,0.008646636677001385,0.04056994666691738,0.1302660229101581,0.11335952538735838,0.12335510745053489,0.1302660229101581,False,True,False,4.056994666691738,4.056994666691738
225,balanced,6,36,36,36,-0.7104346759991458,-0.003984810881033418,0.018015564916392834,0.7104346759991458,0.003984810881033418,0.018015564916392834,0.09885133642588911,0.08411436145034555,0.13262488560699295,0.13262488560699295,False,True,False,1.8015564916392834,1.8015564916392834
226,balanced,6,36,36,36,0.43990908650459914,0.016229588648795867,-0.03147748062972139,0.43990908650459914,0.016229588648795867,0.03147748062972139,0.10114708573953107,0.11380131906970874,0.09829909432295118,0.11380131906970874,False,True,False,3.1477480629721386,3.1477480629721386
227,balanced,6,36,36,36,-1.1854130964686114,-0.012449992503272944,0.02720392079438766,1.1854130964686114,0.012449992503272944,0.02720392079438766,0.1685285114708574,0.15148789800877277,0.14688851020858973,0.1685285114708574,False,False,False,2.7203920794387657,2.7203920794387657
228,balanced,6,36,36,36,-1.050936792414376,-0.02626899908537461,0.04622164728776651,1.050936792414376,0.02626899908537461,0.04622164728776651,0.1542569976963615,0.13006879358768028,0.1502650762094102,0.1542569976963615,False,False,False,4.622164728776651,4.622164728776651
229,balanced,6,36,36,36,-1.363856607795718,-0.029736063022297032,0.04671770632302846,1.363856607795718,0.029736063022297032,0.04671770632302846,0.14256524345987567,0.13886522137019155,0.15357852882703776,0.15357852882703776,False,False,False,4.671770632302846,4.671770632302846
230,balanced,6,36,36,36,0.16669784573623758,9.780843501405734e-05,0.00958920288866838,0.16669784573623758,9.780843501405734e-05,0.00958920288866838,0.1080658903720534,0.06535390829625422,0.08695446369402632,0.1080658903720534,True,True,True,0.958920288866838,0.958920288866838
231,balanced,6,36,36,36,-0.2033767443110328,-0.004871901014328994,0.011708107239201071,0.2033767443110328,0.004871901014328994,0.011708107239201071,0.10976206254536275,0.09458329388746883,0.10023194168323393,0.10976206254536275,False,True,False,1.170810723920107,1.170810723920107
232,balanced,6,36,36,36,0.2752194131867718,0.015365696312109378,-0.01757640621278672,0.2752194131867718,0.015365696312109378,0.01757640621278672,0.1281280570544984,0.1359146707059232,0.15301839755120072,0.15301839755120072,False,False,False,1.7576406212786722,1.7576406212786722
233,balanced,6,36,36,36,0.6515862933917127,0.02042033161830803,-0.03671542412255174,0.6515862933917127,0.02042033161830803,0.03671542412255174,0.12460159676859478,0.1509040992142384,0.1441983022499921,0.1509040992142384,False,False,False,3.671542412255174,3.671542412255174
234,balanced,6,36,36,36,-1.4073288448528167,-0.03521494432179273,0.05981271204884958,1.4073288448528167,0.03521494432179273,0.05981271204884958,0.19952507179147339,0.1433620499226861,0.17958124270251508,0.19952507179147339,False,False,False,5.981271204884958,5.981271204884958
235,balanced,6,36,36,36,0.23847561334141432,0.010956956804910711,-0.018091143232721707,0.23847561334141432,0.010956956804910711,0.018091143232721707,0.114795354854997,0.09775474139291236,0.08906087285808956,0.114795354854997,False,True,False,1.8091143232721707,1.8091143232721707
236,balanced,6,36,36,36,-0.9776425104548814,-0.029324159329680688,0.05127003166032623,0.9776425104548814,0.029324159329680688,0.05127003166032623,0.14270724857205971,0.13634068604247532,0.181734986903973,0.181734986903973,False,False,False,5.127003166032623,5.127003166032623
237,balanced,6,36,36,36,-0.6375401557693792,-0.010556597152233782,0.02603785836484157,0.6375401557693792,0.010556597152233782,0.02603785836484157,0.12476726939947616,0.12460159676859478,0.13897566979077913,0.13897566979077913,False,True,False,2.603785836484157,2.603785836484157
238,balanced,6,36,36,36,-1.0423630351367628,-0.01850104776244832,0.046545498777125105,1.0423630351367628,0.01850104776244832,0.046545498777125105,0.17315945596263688,0.11096121682602796,0.11737511439300703,0.17315945596263688,False,False,False,4.65454987771251,4.65454987771251
239,balanced,6,36,36,36,0.5111875791142708,0.018311568128848932,-0.013351117695012571,0.5111875791142708,0.018311568128848932,0.013351117695012571,0.12006532235160466,0.12842784562466472,0.10444476001136041,0.12842784562466472,False,True,False,1.8311568128848932,1.8311568128848932
240,balanced,6,36,36,36,-0.3080128836509388,-0.004921131967386749,0.012988528630330565,0.3080128836509388,0.004921131967386749,0.012988528630330565,0.08678090189024583,0.11025119126510777,0.11016441036321752,0.11025119126510777,False,True,False,1.2988528630330565,1.2988528630330565
241,balanced,6,36,36,36,-1.1408321070549547,-0.028664278790899056,0.03505883218963329,1.1408321070549547,0.028664278790899056,0.03505883218963329,0.1796522452586071,0.17232320363533088,0.1819795512638455,0.1819795512638455,False,False,False,3.505883218963329,3.505883218963329
242,balanced,6,36,36,36,-0.32526432221559176,-0.0013273452443020028,0.004799556794624127,0.32526432221559176,0.0013273452443020028,0.004799556794624127,0.09155385149420935,0.07474991321909812,0.10771876676449241,0.10771876676449241,True,True,True,0.6505286444311835,0.7694197626035171
243,balanced,6,36,36,36,-1.7207522929916834,-0.04911076887337573,0.06647030282801497,1.7207522929916834,0.04911076887337573,0.06647030282801497,0.2673956262425447,0.18145097667960491,0.20473981507778724,0.2673956262425447,False,False,False,6.647030282801497,6.647030282801497
244,balanced,6,36,36,36,-0.5121280889918047,-0.0013456645663059152,0.008416070479017046,0.5121280889918047,0.0013456645663059152,0.008416070479017046,0.08873741676922592,0.07699832749534538,0.11827448010350596,0.11827448010350596,False,True,False,1.0242561779836095,1.0242561779836095
245,balanced,6,36,36,36,-0.19077650784220168,-0.010582115390779134,0.012720764076903479,0.19077650784220168,0.010582115390779134,0.012720764076903479,0.10636182902584493,0.07186247593802265,0.09328946953201427,0.10636182902584493,False,True,False,1.272076407690348,1.272076407690348
246,balanced,6,36,36,36,-1.0174822815136686,-0.03000572023015613,0.03572652104036078,1.0174822815136686,0.03000572023015613,0.03572652104036078,0.13409227176622804,0.12935087885386096,0.16419735554924422,0.16419735554924422,False,False,False,3.572652104036078,3.572652104036078
247,balanced,6,36,36,36,-0.9908364886585339,-0.02573254983181572,0.026116757736796392,0.9908364886585339,0.02573254983181572,0.026116757736796392,0.16986178169080754,0.13720849506137778,0.09794408154249108,0.16986178169080754,False,False,False,2.611675773679639,2.611675773679639
248,balanced,6,36,36,36,-1.285587682446792,-0.025801210243384998,0.044872648683217276,1.285587682446792,0.025801210243384998,0.044872648683217276,0.19502824323897883,0.11891350310833412,0.17673325128593517,0.19502824323897883,False,False,False,4.487264868321727,4.487264868321727
249,balanced,6,36,36,36,-0.930359523284146,-0.016253547011694125,0.036887078422169706,0.930359523284146,0.016253547011694125,0.036887078422169706,0.12845940231626116,0.0866467859509609,0.13180441162548517,0.13180441162548517,False,True,False,3.6887078422169703,3.6887078422169703
250,balanced,6,36,36,36,-0.1768580550494825,-0.009268822245016795,0.0004417072364301111,0.1768580550494825,0.009268822245016795,0.0004417072364301111,0.1647811543437786,0.13041591719524126,0.12120136324907696,0.1647811543437786,True,False,False,0.9268822245016795,1.1770082453127042
251,balanced,6,36,36,36,-0.2608515694283149,0.0028023385615337792,0.0178136004759476,0.2608515694283149,0.0028023385615337792,0.0178136004759476,0.13983558963678247,0.12267663858121114,0.09950613777651551,0.13983558963678247,False,True,False,1.78136004759476,1.78136004759476
252,balanced,6,36,36,36,-6.506256353588924e-05,0.003028077908144855,-0.0071445066271284,6.506256353588924e-05,0.003028077908144855,0.0071445066271284,0.09150651645681467,0.08588153617974692,0.08331755498753511,0.09150651645681467,True,True,True,0.71445066271284,0.71445066271284
253,balanced,6,36,36,36,-1.0968788472688544,-0.025446115572134498,0.037210426376456274,1.0968788472688544,0.025446115572134498,0.037210426376456274,0.17243365205591846,0.1406797311369876,0.1494288238821042,0.17243365205591846,False,False,False,3.721042637645627,3.721042637645627
254,balanced,6,36,36,36,-0.7352895214699622,-0.02418256333028046,0.035941260122121566,0.7352895214699622,0.02418256333028046,0.035941260122121566,0.12143014926315125,0.12602953706333428,0.10551768752563981,0.12602953706333428,False,True,False,3.5941260122121563,3.5941260122121563
255,balanced,6,36,36,36,-0.15579101852669908,0.00536329268857938,0.004680669121802816,0.15579101852669908,0.00536329268857938,0.004680669121802816,0.07781091230395405,0.11303606929849475,0.09511186847170942,0.11303606929849475,True,True,True,0.536329268857938,0.8074004949892482
256,balanced,6,36,36,36,0.10539971379347435,0.03586539512983855,-0.028106799783448155,0.10539971379347435,0.03586539512983855,0.028106799783448155,0.08815361797469154,0.20379311432989367,0.11580516898608349,0.20379311432989367,False,False,False,3.586539512983855,3.586539512983855
257,balanced,6,36,36,36,-0.6609981862581513,-0.015266027191162879,0.014155655872020667,0.6609981862581513,0.015266027191162879,0.014155655872020667,0.1370033765660008,0.13299567673325127,0.18522989049828015,0.18522989049828015,False,False,False,1.5266027191162879,1.5266027191162879
258,balanced,6,36,36,36,0.29494966322745597,0.0206827981880493,-0.040373701622558156,0.29494966322745597,0.0206827981880493,0.040373701622558156,0.10883114014326738,0.11115844614850579,0.12297642715137745,0.12297642715137745,False,True,False,4.037370162255815,4.037370162255815
259,balanced,6,36,36,36,-0.5899006533500213,-0.0054808626296273255,0.02129385866674488,0.5899006533500213,0.0054808626296273255,0.02129385866674488,0.14242323834769163,0.12879074757802392,0.10379784783363312,0.14242323834769163,False,False,False,2.129385866674488,2.129385866674488
260,balanced,6,36,36,36,-1.2211939501639435,-0.024916702978028504,0.03194869400762346,1.2211939501639435,0.024916702978028504,0.03194869400762346,0.16385812111458234,0.16919120199438292,0.13328757613051848,0.16919120199438292,False,False,False,3.1948694007623457,3.1948694007623457
261,balanced,6,36,36,36,-0.1873635326368408,0.005132988619592105,0.02830117152418793,0.1873635326368408,0.005132988619592105,0.02830117152418793,0.11440878538294046,0.11435356117264665,0.12351289090851715,0.12351289090851715,False,True,False,2.8301171524187927,2.8301171524187927
262,balanced,6,36,36,36,0.14396855487993676,0.010154987071407162,-0.016768708224566997,0.14396855487993676,0.010154987071407162,0.016768708224566997,0.12053078355265234,0.1283016188582789,0.1257455268389662,0.1283016188582789,False,True,False,1.6768708224566997,1.6768708224566997
263,balanced,6,36,36,36,-0.6147989572295671,-0.021581246096771367,0.009594133517339676,0.6147989572295671,0.021581246096771367,0.009594133517339676,0.11329641200416549,0.10452365174035154,0.09495408501372717,0.11329641200416549,False,True,False,2.1581246096771367,2.1581246096771367
264,balanced,6,36,36,36,0.09098296617046486,-0.01670588997226441,0.02023194562679581,0.09098296617046486,0.01670588997226441,0.02023194562679581,0.1323645429013222,0.11384865410710342,0.1087838051058727,0.1323645429013222,False,True,False,2.023194562679581,2.023194562679581
265,balanced,6,36,36,36,-0.8958090419117042,-0.03518966698535386,0.05042054543514479,0.8958090419117042,0.03518966698535386,0.05042054543514479,0.11833759348669885,0.13029757960175456,0.14464798510524157,0.14464798510524157,False,False,False,5.042054543514479,5.042054543514479
266,balanced,6,36,36,36,-1.3387716354141297,-0.039445339281242275,0.03477673344349863,1.3387716354141297,0.039445339281242275,0.03477673344349863,0.17487929565464358,0.1392044558048534,0.11410899681277414,0.17487929565464358,False,False,False,3.9445339281242275,3.9445339281242275
267,balanced,6,36,36,36,-1.0131341889046759,-0.02716547322493168,0.05185014214402528,1.0131341889046759,0.02716547322493168,0.05185014214402528,0.16457603584840166,0.19622739751964405,0.2118479598598883,0.2118479598598883,False,False,False,5.1850142144025275,5.1850142144025275
268,balanced,6,36,36,36,-1.503830407183365,-0.052904861972280615,0.05917874887207514,1.503830407183365,0.052904861972280615,0.05917874887207514,0.19355296790684465,0.20047966171226608,0.19968285524945564,0.20047966171226608,False,False,False,5.917874887207514,5.917874887207514
269,balanced,6,36,36,36,-0.566762766031065,-0.01778638227669538,0.010560576266243404,0.566762766031065,0.01778638227669538,0.010560576266243404,0.17698570481870682,0.1431884881189056,0.17880021458550285,0.17880021458550285,False,False,False,1.7786382276695378,1.7786382276695378
270,balanced,6,36,36,36,-0.6529061802105076,-0.019623573759079527,0.035224325934576195,0.6529061802105076,0.019623573759079527,0.035224325934576195,0.10350594843636593,0.11578939064028528,0.1328773391397646,0.1328773391397646,False,True,False,3.5224325934576193,3.5224325934576193
271,balanced,6,36,36,36,-0.01760064309275222,-0.001831613784578745,0.013481910009709941,0.01760064309275222,0.001831613784578745,0.013481910009709941,0.10185711130045126,0.08007510492599956,0.11913439994950929,0.11913439994950929,False,True,False,1.348191000970994,1.348191000970994
272,balanced,6,36,36,36,-1.1032399874140744,-0.03294820368841089,0.06481136141587718,1.1032399874140744,0.03294820368841089,0.06481136141587718,0.1518192432705355,0.17470573385086308,0.1794155700716337,0.1794155700716337,False,False,False,6.481136141587718,6.481136141587718
273,balanced,6,36,36,36,-1.4204966235037695,-0.02679244955931903,0.049606261340639,1.4204966235037695,0.02679244955931903,0.049606261340639,0.15094354507873395,0.14494777367540787,0.19827069330051436,0.19827069330051436,False,False,False,4.9606261340639,4.9606261340639
274,balanced,6,36,36,36,-0.7828733399056738,-0.023679557249493888,0.020858244846623464,0.7828733399056738,0.023679557249493888,0.020858244846623464,0.15398087664489254,0.1494919372652971,0.14976805831676607,0.15398087664489254,False,False,False,2.3679557249493888,2.3679557249493888
275,balanced,6,36,36,36,-0.87860875737762,-0.025383069586967233,0.04986996180931158,0.87860875737762,0.025383069586967233,0.04986996180931158,0.15766512038877845,0.1693647637981634,0.15985831045473192,0.1693647637981634,False,False,False,4.986996180931158,4.986996180931158
276,balanced,6,36,36,36,0.49840826380155434,0.03229130443048367,-0.029709455370544424,0.49840826380155434,0.03229130443048367,0.029709455370544424,0.10042128183281265,0.13899144813657735,0.15500646912177726,0.15500646912177726,False,False,False,3.229130443048367,3.229130443048367
277,balanced,6,36,36,36,-1.1953423031048303,-0.02527443763833659,0.03711875101794254,1.1953423031048303,0.02527443763833659,0.03711875101794254,0.14249424090378365,0.12204550474928208,0.15396509829909433,0.15396509829909433,False,False,False,3.711875101794254,3.711875101794254
278,balanced,6,36,36,36,-1.0818277472797533,-0.02654199663686785,0.05092310789594412,1.0818277472797533,0.02654199663686785,0.05092310789594412,0.1290116444191991,0.13335068951371137,0.15111710688251442,0.15111710688251442,False,False,False,5.0923107895944115,5.0923107895944115
279,balanced,6,36,36,36,-0.46030373121737256,0.0036219504420481607,0.01650109740216915,0.46030373121737256,0.0036219504420481607,0.01650109740216915,0.14205244722143331,0.13846287355233677,0.15590583483227619,0.15590583483227619,False,False,False,1.6501097402169151,1.6501097402169151
280,balanced,6,36,36,36,-0.6232932416474561,-0.0320440252345946,0.04914571156554198,0.6232932416474561,0.0320440252345946,0.04914571156554198,0.09186152923727477,0.15103032598062419,0.1341317176307236,0.15103032598062419,False,False,False,4.9145711565541985,4.9145711565541985
281,balanced,6,36,36,36,0.40274434541237625,0.012569057969039621,-0.016098663748608688,0.40274434541237625,0.012569057969039621,0.016098663748608688,0.11905550822051816,0.09780996560320616,0.10541512827795134,0.11905550822051816,False,True,False,1.6098663748608688,1.6098663748608688
282,balanced,6,36,36,36,-1.1003691628122034,-0.04313609117158368,0.05366610557704504,1.1003691628122034,0.04313609117158368,0.05366610557704504,0.19212502761210515,0.1854823440310518,0.16054466849695478,0.19212502761210515,False,False,False,5.3666105577045045,5.3666105577045045
283,balanced,6,36,36,36,0.37965024763904864,0.022739201480600157,-0.010996094511256493,0.37965024763904864,0.022739201480600157,0.010996094511256493,0.11677553725267444,0.12830950803117802,0.13638013190697088,0.13638013190697088,False,True,False,2.2739201480600157,2.2739201480600157
284,balanced,6,36,36,36,0.17148213838115467,0.00525570796044561,-0.008963845690560968,0.17148213838115467,0.00525570796044561,0.008963845690560968,0.14773265170879485,0.10155732273028496,0.10950171983969201,0.14773265170879485,True,False,False,0.8963845690560968,1.0552332264913917
285,balanced,6,36,36,36,-0.0987224586682025,-0.004828011299716994,0.001832167494158321,0.0987224586682025,0.004828011299716994,0.001832167494158321,0.1141957777146644,0.1078923285682729,0.09695793493010192,0.1141957777146644,True,True,True,0.48280112997169944,0.815684126533317
286,balanced,6,36,36,36,0.9365759152959079,0.03258742527278213,-0.052935920469104225,0.9365759152959079,0.03258742527278213,0.052935920469104225,0.13910189655716496,0.1456183533718325,0.16265896683391715,0.16265896683391715,False,False,False,5.2935920469104225,5.2935920469104225
287,balanced,6,36,36,36,-0.6015619179814387,-0.007007877335496571,0.021731629119509488,0.6015619179814387,0.007007877335496571,0.021731629119509488,0.1290195335920982,0.12120925242197608,0.1730490075420493,0.1730490075420493,False,False,False,2.1731629119509486,2.1731629119509486
288,balanced,6,36,36,36,-0.47623368182546244,-0.0050798508580010004,0.006197927706301787,0.47623368182546244,0.0050798508580010004,0.006197927706301787,0.12353655842721449,0.15784657136545804,0.14006437565085678,0.15784657136545804,True,False,False,0.9524673636509249,1.1274755097532716
289,balanced,6,36,36,36,-0.765902572990516,-0.02991563691584409,0.0405223791594585,0.765902572990516,0.02991563691584409,0.0405223791594585,0.11589983906087285,0.1640080153996655,0.14107418978194325,0.1640080153996655,False,False,False,4.05223791594585,4.05223791594585
290,balanced,6,36,36,36,-0.28342371595005744,-0.015710727511725198,0.01264128656058977,0.28342371595005744,0.015710727511725198,0.01264128656058977,0.1514011171068825,0.1424784625579854,0.12032566505727539,0.1514011171068825,False,False,False,1.5710727511725198,1.5710727511725198
291,balanced,6,36,36,36,-0.34613900792703944,-0.008221616651165942,0.035466098413229175,0.34613900792703944,0.008221616651165942,0.035466098413229175,0.1352677585281959,0.07197292435861025,0.13662469626684337,0.13662469626684337,False,True,False,3.5466098413229172,3.5466098413229172
292,balanced,6,36,36,36,-1.0260872053977508,-0.026712287934833823,0.035176093255837426,1.0260872053977508,0.026712287934833823,0.035176093255837426,0.14659661081132255,0.1460285903625864,0.13040802802234214,0.14659661081132255,False,False,False,3.5176093255837424,3.5176093255837424
293,balanced,6,36,36,36,-0.15692008944448688,0.001757907895034272,-0.008660968413424952,0.15692008944448688,0.001757907895034272,0.008660968413424952,0.08285998295938654,0.10137587175360535,0.11018018870901575,0.11018018870901575,True,True,True,0.8660968413424952,0.8660968413424952
294,balanced,6,36,36,36,-0.9632190341296827,-0.013289540481780437,0.010595728622901368,0.9632190341296827,0.013289540481780437,0.010595728622901368,0.1469200669001862,0.12609265044652718,0.11682287229006912,0.1469200669001862,False,False,False,1.9264380682593654,1.9264380682593654
295,balanced,6,36,36,36,-0.04973165272432567,-0.02516080800581033,0.03146493784705229,0.04973165272432567,0.02516080800581033,0.03146493784705229,0.10420808482438701,0.13343747041560164,0.1213985925715548,0.13343747041560164,False,True,False,3.146493784705229,3.146493784705229
296,balanced,6,36,36,36,0.32104142428670457,-0.006806021238911053,0.0014196479903602621,0.32104142428670457,0.006806021238911053,0.0014196479903602621,0.1181876992016157,0.09981381551958093,0.0732509703682666,0.1181876992016157,True,True,True,0.6806021238911053,0.8441978514401121
297,balanced,6,36,36,36,-1.0739207275586224,-0.031043735946762352,0.03872443154076094,1.0739207275586224,0.031043735946762352,0.03872443154076094,0.13305090094354508,0.12330777241314021,0.12964277825112816,0.13305090094354508,False,True,False,3.8724431540760937,3.8724431540760937
298,balanced,6,36,36,36,1.2405097211854645,0.03474022583277914,-0.05512695554607988,1.2405097211854645,0.03474022583277914,0.05512695554607988,0.2784325791284042,0.1808435103663732,0.23026917857931775,0.2784325791284042,False,False,False,5.512695554607988,5.512695554607988
299,balanced,6,36,36,36,-0.19259550914589596,-0.00546974387984922,0.007107176901096857,0.19259550914589596,0.00546974387984922,0.007107176901096857,0.0964688062103569,0.07926252011739089,0.10913092871343369,0.10913092871343369,True,True,True,0.7107176901096857,0.7795066336673834
300,balanced,6,36,36,36,-0.7042921921818852,-0.018454557795207438,0.044520349428415595,0.7042921921818852,0.018454557795207438,0.044520349428415595,0.11624696266843385,0.12419924895074,0.14963394237748115,0.14963394237748115,False,False,False,4.45203494284156,4.45203494284156
301,balanced,6,36,36,36,-0.2948157795147246,0.0029497996248663005,-0.005264721727675559,0.2948157795147246,0.0029497996248663005,0.005264721727675559,0.1258086402221591,0.12210861813247499,0.10104452649184259,0.1258086402221591,True,True,True,0.5896315590294492,0.8986331444439934
302,balanced,6,36,36,36,-0.3087706441227276,-0.005504824524668384,0.016699238039084352,0.3087706441227276,0.005504824524668384,0.016699238039084352,0.11079554419514658,0.09261888983558964,0.09921423837924832,0.11079554419514658,False,True,False,1.6699238039084352,1.6699238039084352
303,balanced,6,36,36,36,-0.15202649512652755,-0.008325418140041396,0.009607700300243993,0.15202649512652755,0.008325418140041396,0.009607700300243993,0.10316671400170406,0.08783016188582789,0.10782921518508,0.10782921518508,True,True,True,0.9607700300243993,0.9607700300243993
304,balanced,6,36,36,36,1.241884495694542,0.025140256213928014,-0.04634984677828685,1.241884495694542,0.025140256213928014,0.04634984677828685,0.1504307488402916,0.17070592319101266,0.1525844930417495,0.17070592319101266,False,False,False,4.634984677828685,4.634984677828685
305,balanced,6,36,36,36,0.06617948665777007,-0.00036929081434744493,-0.013921197938063512,0.06617948665777007,0.00036929081434744493,0.013921197938063512,0.18369150178295307,0.17000378680299158,0.17511597084161695,0.18369150178295307,False,False,False,1.3921197938063512,1.3921197938063512
306,balanced,6,36,36,36,0.07668240786817293,0.0068660797620346825,-0.012850817727187602,0.07668240786817293,0.0068660797620346825,0.012850817727187602,0.0822998516835495,0.09668970305153207,0.08711224715200859,0.09668970305153207,False,True,False,1.2850817727187602,1.2850817727187602
307,balanced,6,36,36,36,-0.833865192983847,-0.01214529355918148,0.021836587621464565,0.833865192983847,0.01214529355918148,0.021836587621464565,0.13830509009435452,0.16056833601565212,0.13518097762630565,0.16056833601565212,False,False,False,2.1836587621464565,2.1836587621464565
308,balanced,6,36,36,36,-0.31308788801656817,-0.0033647056806898057,-0.008551045030824267,0.31308788801656817,0.0033647056806898057,0.008551045030824267,0.09120672788664837,0.06818612136703588,0.1258638644324529,0.1258638644324529,True,True,True,0.8551045030824267,0.8990276030889492
309,balanced,6,36,36,36,-0.30668605776728697,-0.007909463815107154,0.0180762422378149,0.30668605776728697,0.007909463815107154,0.0180762422378149,0.12194294550159361,0.11865316040266338,0.12552462999779104,0.12552462999779104,False,True,False,1.80762422378149,1.80762422378149
310,balanced,6,36,36,36,-0.004469859057966374,-0.004566381678529519,0.011829099804520682,0.004469859057966374,0.004566381678529519,0.011829099804520682,0.09678437312632143,0.13919656663195432,0.14020638076304082,0.14020638076304082,False,False,False,1.1829099804520682,1.1829099804520682
311,balanced,6,36,36,36,-0.37686538774537226,0.0057539738162878384,-0.0028622390698784805,0.37686538774537226,0.0057539738162878384,0.0028622390698784805,0.11335952538735838,0.12807283284420462,0.12069645618353372,0.12807283284420462,True,True,True,0.7537307754907445,0.9148059488871758
312,balanced,6,36,36,36,-0.6398122318462391,-0.017457315794839556,0.026045942244789122,0.6398122318462391,0.017457315794839556,0.026045942244789122,0.134368392817697,0.11147401306447031,0.12918520622297958,0.134368392817697,False,True,False,2.604594224478912,2.604594224478912
313,balanced,6,36,36,36,-0.004159080440174989,-0.004002642603927797,0.0016175781483719898,0.004159080440174989,0.004002642603927797,0.0016175781483719898,0.07179147338193063,0.1197260879169428,0.09643724951876045,0.1197260879169428,True,True,True,0.40026426039277974,0.855186342263877
314,balanced,6,36,36,36,-0.48793217949172885,-0.01210890161217748,0.016250814808270397,0.48793217949172885,0.01210890161217748,0.016250814808270397,0.12653444412887752,0.12296064880557922,0.1208069046041213,0.12653444412887752,False,True,False,1.6250814808270397,1.6250814808270397
315,balanced,6,36,36,36,-1.3473444390174976,-0.037098533053081306,0.07821906583626431,1.3473444390174976,0.037098533053081306,0.07821906583626431,0.19520180504275933,0.1867919467323046,0.22581968506421787,0.22581968506421787,False,False,False,7.821906583626431,7.821906583626431
316,balanced,6,36,36,36,0.22993983084518632,0.009678895799105414,-0.012094312057368162,0.22993983084518632,0.009678895799105414,0.012094312057368162,0.12148537347344504,0.1848275426804254,0.11881883303354476,0.1848275426804254,False,False,False,1.2094312057368162,1.3201967334316098
317,balanced,6,36,36,36,-1.3616618853022295,-0.0278030206483747,0.05665515340486654,1.3616618853022295,0.0278030206483747,0.05665515340486654,0.1933399602385686,0.1593139575246931,0.16231973239925526,0.1933399602385686,False,False,False,5.665515340486654,5.665515340486654
318,balanced,6,36,36,36,0.6803359712617159,0.005529493617798531,-0.01642610445168835,0.6803359712617159,0.005529493617798531,0.01642610445168835,0.16386601028748146,0.105809586922907,0.14643093818044117,0.16386601028748146,False,False,False,1.642610445168835,1.642610445168835
319,balanced,6,36,36,36,-0.9116328830066927,-0.030660832397355287,0.038640268437094505,0.9116328830066927,0.030660832397355287,0.038640268437094505,0.1328773391397646,0.11191580674682067,0.13066048155511376,0.1328773391397646,False,True,False,3.8640268437094503,3.8640268437094503
320,balanced,6,36,36,36,-0.43536746580167573,-0.009568837257439622,0.01899761870125305,0.43536746580167573,0.009568837257439622,0.01899761870125305,0.08319921739404841,0.08996023856858847,0.07782669064975228,0.08996023856858847,False,True,False,1.899761870125305,1.899761870125305
321,balanced,6,36,36,36,-0.37374088577528397,-0.007543560007096439,0.0247095942086914,0.37374088577528397,0.007543560007096439,0.0247095942086914,0.11664931048628861,0.10432642241787371,0.10599103789958661,0.11664931048628861,False,True,False,2.4709594208691397,2.4709594208691397
322,balanced,6,36,36,36,-0.26303214575290923,0.0037075261551000604,-0.003662468678891029,0.26303214575290923,0.0037075261551000604,0.003662468678891029,0.0907491558584998,0.09648458455615513,0.0802802234213765,0.09648458455615513,True,True,True,0.5260642915058185,0.6891756039725366
323,balanced,6,36,36,36,-1.556511323439718,-0.019874707995733765,0.052303080012759906,1.556511323439718,0.019874707995733765,0.052303080012759906,0.20141847328726056,0.16886774590551926,0.1816166493104863,0.20141847328726056,False,False,False,5.230308001275991,5.230308001275991
324,balanced,6,36,36,36,-0.43011739597160314,-0.009592362051753178,0.02539640766500817,0.43011739597160314,0.009592362051753178,0.02539640766500817,0.0824181892770362,0.07217804285398718,0.08185805800119915,0.0824181892770362,False,True,False,2.539640766500817,2.539640766500817
325,balanced,6,36,36,36,-0.7573043778084845,-0.03914797419198435,0.04362650927605971,0.7573043778084845,0.03914797419198435,0.04362650927605971,0.15344441288775285,0.15033607876550223,0.1270472403673199,0.15344441288775285,False,False,False,4.362650927605971,4.362650927605971
326,balanced,6,36,36,36,0.4634154629829652,0.024663395876141858,-0.036189254393649284,0.4634154629829652,0.024663395876141858,0.036189254393649284,0.12552462999779104,0.12187983211840071,0.15846192685158889,0.15846192685158889,False,False,False,3.6189254393649284,3.6189254393649284
327,balanced,6,36,36,36,-0.01981496889164447,-0.015927223999183004,-0.0050990430634605954,0.01981496889164447,0.015927223999183004,0.0050990430634605954,0.1385891003187226,0.13802107986998643,0.11132411877938717,0.1385891003187226,False,True,False,1.5927223999183004,1.5927223999183004
328,balanced,6,36,36,36,-1.4280297764020808,-0.04402435187387577,0.0477472373805376,1.4280297764020808,0.04402435187387577,0.0477472373805376,0.1403247183565275,0.16743191643788066,0.14427719397898325,0.16743191643788066,False,False,False,4.77472373805376,4.77472373805376
329,balanced,6,36,36,36,-1.6237940531184982,-0.03926295651881051,0.06090900806952887,1.6237940531184982,0.03926295651881051,0.06090900806952887,0.20384044936728835,0.2230348070308309,0.21997380794597493,0.2230348070308309,False,False,False,6.090900806952887,6.090900806952887
330,balanced,6,36,36,36,-0.6229844630967065,-0.012434273433898135,0.00595013412372386,0.6229844630967065,0.012434273433898135,0.00595013412372386,0.10101296980024614,0.10826311969453123,0.10274858783805106,0.10826311969453123,False,True,False,1.245968926193413,1.245968926193413
331,balanced,6,36,36,36,-0.1710815569966897,-0.011392885915651463,-0.0014646616450344485,0.1710815569966897,0.011392885915651463,0.0014646616450344485,0.06536179746915334,0.10613304301177065,0.07821326012180883,0.10613304301177065,False,True,False,1.1392885915651463,1.1392885915651463
332,balanced,6,36,36,36,0.018764336121499525,0.009238630229683187,-0.0008100892310072827,0.018764336121499525,0.009238630229683187,0.0008100892310072827,0.14433241818927703,0.09971914544479157,0.12498816624065133,0.14433241818927703,True,False,False,0.9238630229683187,1.0309458442091215
333,balanced,6,36,36,36,-0.9970340206765158,-0.03274486740981397,0.04736615166931818,0.9970340206765158,0.03274486740981397,0.04736615166931818,0.1259190886427467,0.13293256335005837,0.15777556880936602,0.15777556880936602,False,False,False,4.736615166931818,4.736615166931818
334,balanced,6,36,36,36,-0.331273794956644,-0.036003428090493395,0.01201516708601924,0.331273794956644,0.036003428090493395,0.01201516708601924,0.09635835778976932,0.16064722774464324,0.09401527343873269,0.16064722774464324,False,False,False,3.6003428090493395,3.6003428090493395
335,balanced,6,36,36,36,-0.747631179744328,-0.032614930112044305,0.021092491824951876,0.747631179744328,0.032614930112044305,0.021092491824951876,0.0982438701126574,0.1366956988229354,0.1044999842216542,0.1366956988229354,False,True,False,3.2614930112044305,3.2614930112044305
336,balanced,6,36,36,36,-0.5074363027555755,-0.011125861246268798,0.03615938818325065,0.5074363027555755,0.011125861246268798,0.03615938818325065,0.14542901322225377,0.09856732620152103,0.1402616049733346,0.14542901322225377,False,False,False,3.615938818325065,3.615938818325065
337,balanced,6,36,36,36,-0.2585076233952819,0.009576021493592046,0.01369354592465133,0.2585076233952819,0.009576021493592046,0.01369354592465133,0.09630313357947552,0.10542301745085045,0.09734450440215847,0.10542301745085045,False,True,False,1.369354592465133,1.369354592465133
338,balanced,6,36,36,36,-0.06302419051951702,-0.008163208238496478,0.005382992410356058,0.06302419051951702,0.008163208238496478,0.005382992410356058,0.08551074505348859,0.08056423364574458,0.0928318975038657,0.0928318975038657,True,True,True,0.8163208238496478,0.8163208238496478
339,balanced,6,36,36,36,-0.027408084062358284,-0.0035830060364941962,0.012386457353361136,0.027408084062358284,0.0035830060364941962,0.012386457353361136,0.08692290700242987,0.06316860740319985,0.09242954968601091,0.09242954968601091,False,True,False,1.2386457353361136,1.2386457353361136
340,balanced,6,36,36,36,-0.9917012858268528,-0.03514708443371506,0.03593984244220161,0.9917012858268528,0.03514708443371506,0.03593984244220161,0.12068067783773549,0.10442109249266307,0.12997412351289092,0.12997412351289092,False,True,False,3.593984244220161,3.593984244220161
341,balanced,6,36,36,36,-0.6834646073854529,-0.023640289378379586,0.013146431475408449,0.6834646073854529,0.023640289378379586,0.013146431475408449,0.13137839628893308,0.1185979361923696,0.08400391302975796,0.13137839628893308,False,True,False,2.3640289378379586,2.3640289378379586
342,balanced,6,36,36,36,-1.3067322844805425,-0.04686209010304476,0.08987615151987671,1.3067322844805425,0.04686209010304476,0.08987615151987671,0.2965382309318691,0.20224683644166747,0.3094291394490202,0.3094291394490202,False,False,False,8.98761515198767,8.98761515198767
343,balanced,6,36,36,36,-0.8603750872489542,-0.010398523978605079,0.012171233052539199,0.8603750872489542,0.010398523978605079,0.012171233052539199,0.14158698602038564,0.10504433715169302,0.12169049196882199,0.14158698602038564,False,False,False,1.7207501744979083,1.7207501744979083
344,balanced,6,36,36,36,0.5302690392193803,0.010640768651616228,-0.021276166062029644,0.5302690392193803,0.010640768651616228,0.021276166062029644,0.11182113667203131,0.11886616807093944,0.1019991164126353,0.11886616807093944,False,True,False,2.1276166062029644,2.1276166062029644
345,balanced,6,36,36,36,-0.9284855002704546,-0.03722766734382921,0.03469332305543377,0.9284855002704546,0.03722766734382921,0.03469332305543377,0.12295275963268011,0.16122313736627852,0.12635299315219792,0.16122313736627852,False,False,False,3.7227667343829207,3.7227667343829207
346,balanced,6,36,36,36,0.35618930314554476,0.01005941185135184,-0.01217440114217272,0.35618930314554476,0.01005941185135184,0.01217440114217272,0.15095932342453217,0.08086402221591088,0.11143456719997476,0.15095932342453217,False,False,False,1.217440114217272,1.217440114217272
347,balanced,6,36,36,36,-1.2063705266723908,-0.023565057554722824,0.02382927944712543,1.2063705266723908,0.023565057554722824,0.02382927944712543,0.149973176812143,0.10775032345608887,0.11030641547540156,0.149973176812143,False,False,False,2.4127410533447815,2.4127410533447815
348,balanced,6,36,36,36,-0.5091492607735688,-0.012842847544829783,0.012674830212719257,0.5091492607735688,0.012842847544829783,0.012674830212719257,0.08828773391397646,0.08442203919341096,0.07001640947963016,0.08828773391397646,False,True,False,1.2842847544829783,1.2842847544829783
349,balanced,6,36,36,36,-1.2875477215855824,-0.03067595128107181,0.04389926975421876,1.2875477215855824,0.03067595128107181,0.04389926975421876,0.1264003281895926,0.1553220360377418,0.13436050364479787,0.1553220360377418,False,False,False,4.389926975421876,4.389926975421876
350,balanced,6,36,36,36,0.3207288045476453,-0.001423808739133725,-0.01509783770853168,0.3207288045476453,0.001423808739133725,0.01509783770853168,0.08382246205307836,0.08353845182871028,0.1522768152986841,0.1522768152986841,False,False,False,1.509783770853168,1.509783770853168
351,balanced,6,36,36,36,-0.04037682293621003,0.014154255914475056,-0.018739919508966196,0.04037682293621003,0.014154255914475056,0.018739919508966196,0.09763640379942568,0.09047303480703082,0.11875571965035185,0.11875571965035185,False,True,False,1.8739919508966196,1.8739919508966196
352,balanced,6,36,36,36,-0.9648063190654455,-0.02256467554855479,0.03700873729705184,0.9648063190654455,0.02256467554855479,0.03700873729705184,0.13756350784183785,0.17789295970210484,0.15295528416800783,0.17789295970210484,False,False,False,3.700873729705184,3.700873729705184
353,balanced,6,36,36,36,-0.8370261465056217,-0.009843694142713688,0.02425446369617651,0.8370261465056217,0.009843694142713688,0.02425446369617651,0.13386348575215373,0.08294676386127678,0.12698412698412698,0.13386348575215373,False,True,False,2.4254463696176507,2.4254463696176507
354,balanced,6,36,36,36,0.3749289239900371,-0.0006914514358312696,-0.01803970069899069,0.3749289239900371,0.0006914514358312696,0.01803970069899069,0.10580169775000789,0.07768468553756824,0.11483480071949256,0.11483480071949256,False,True,False,1.803970069899069,1.803970069899069
355,balanced,6,36,36,36,0.14554572027163104,0.007654066411441729,-0.011070371832753223,0.14554572027163104,0.007654066411441729,0.011070371832753223,0.10745053488592256,0.08893464609170375,0.08792483196061725,0.10745053488592256,False,True,False,1.1070371832753223,1.1070371832753223
356,balanced,6,36,36,36,0.9693902060844088,0.026649060045135564,-0.03553815933115523,0.9693902060844088,0.026649060045135564,0.03553815933115523,0.11927640506169333,0.16530972892801918,0.11155290479346146,0.16530972892801918,False,False,False,3.553815933115523,3.553815933115523
357,balanced,6,36,36,36,-1.0150545710864378,-0.01884670668729227,0.027657218050156862,1.0150545710864378,0.01884670668729227,0.027657218050156862,0.14007226482375587,0.13703493325759727,0.15658430370159993,0.15658430370159993,False,False,False,2.765721805015686,2.765721805015686
358,balanced,6,36,36,36,0.6763158896356884,0.013260403965366319,-0.0015299094837294969,0.6763158896356884,0.013260403965366319,0.0015299094837294969,0.12085423964151598,0.1269367919467323,0.09830698349585029,0.1269367919467323,False,True,False,1.352631779271377,1.352631779271377
359,balanced,6,36,36,36,-0.696659221372105,-0.02447287106402707,0.03394724912977226,0.696659221372105,0.02447287106402707,0.03394724912977226,0.14357505759096217,0.12545362744169902,0.13953580106661617,0.14357505759096217,False,False,False,3.394724912977226,3.394724912977226
360,balanced,6,36,36,36,-0.14893839172622947,-0.002005358840572069,0.01249380780212811,0.14893839172622947,0.002005358840572069,0.01249380780212811,0.06905393038593834,0.1332954653034176,0.08279686957619363,0.1332954653034176,False,True,False,1.249380780212811,1.249380780212811
361,balanced,6,36,36,36,0.7206848454597719,0.032097644800396896,-0.03218730592857377,0.7206848454597719,0.032097644800396896,0.03218730592857377,0.10532834737606109,0.14779576509198775,0.11862160371106693,0.14779576509198775,False,False,False,3.2187305928573773,3.2187305928573773
362,balanced,6,36,36,36,-0.15131078904301276,-0.0036451413951459344,0.005684479843770129,0.15131078904301276,0.0036451413951459344,0.005684479843770129,0.10797910947016315,0.0934945880273912,0.09525387358389346,0.10797910947016315,True,True,True,0.5684479843770129,0.7712793533583081
363,balanced,6,36,36,36,0.11404609601926907,0.006161377358222864,0.002146019579994163,0.11404609601926907,0.006161377358222864,0.002146019579994163,0.08154249108523462,0.11251538388715326,0.09049670232572816,0.11251538388715326,True,True,True,0.6161377358222864,0.8036813134796661
364,balanced,6,36,36,36,-1.535186847833529,-0.0421239107571193,0.07322441194656282,1.535186847833529,0.0421239107571193,0.07322441194656282,0.16810249613430528,0.17663069203824672,0.17282811070087412,0.17663069203824672,False,False,False,7.322441194656282,7.322441194656282
365,balanced,6,36,36,36,-0.4221649707565227,-0.0029631367712026346,0.023341392870937006,0.4221649707565227,0.0029631367712026346,0.023341392870937006,0.11714632837893275,0.09799141657988576,0.1164599703367099,0.11714632837893275,False,True,False,2.3341392870937003,2.3341392870937003
366,balanced,6,36,36,36,-0.115735054798634,-0.017389902941598145,0.007281713374317433,0.115735054798634,0.017389902941598145,0.007281713374317433,0.07437123291994067,0.14066395279118937,0.12027833001988071,0.14066395279118937,False,False,False,1.7389902941598145,1.7389902941598145
367,balanced,6,36,36,36,-0.20571796177585355,-0.007629194496950764,0.014317609038976664,0.20571796177585355,0.007629194496950764,0.014317609038976664,0.09603490170090567,0.10204645145002998,0.13454195462147747,0.13454195462147747,False,True,False,1.4317609038976664,1.4317609038976664
368,balanced,6,36,36,36,-0.06162754772881485,-0.004539041359106988,0.018647726190944514,0.06162754772881485,0.004539041359106988,0.018647726190944514,0.09663447884123828,0.08484016535706397,0.11238126794786835,0.11238126794786835,False,True,False,1.8647726190944514,1.8647726190944514
369,balanced,6,36,36,36,0.1664343137334079,0.013225479782739025,-0.009564360313587428,0.1664343137334079,0.013225479782739025,0.009564360313587428,0.12671589510555714,0.14142131338950426,0.11308340433588943,0.14142131338950426,False,False,False,1.3225479782739025,1.3225479782739025
370,balanced,6,36,36,36,0.050648529541902576,-0.004273989437898917,-0.00011165193763634784,0.050648529541902576,0.004273989437898917,0.00011165193763634784,0.1480561077976585,0.10273280949225283,0.08162138281422576,0.1480561077976585,True,False,False,0.42739894378989174,1.057543627126132
371,balanced,6,36,36,36,0.13551351680922252,0.012467720966656048,-0.00840413158516684,0.13551351680922252,0.012467720966656048,0.00840413158516684,0.09138817886332797,0.12126447663226987,0.09564833222884912,0.12126447663226987,False,True,False,1.2467720966656048,1.2467720966656048
372,balanced,6,36,36,36,-0.7675856492132347,-0.023322388005469263,0.027005936930106833,0.7675856492132347,0.023322388005469263,0.027005936930106833,0.09665814635993562,0.09466218561645998,0.11245227050396037,0.11245227050396037,False,True,False,2.700593693010683,2.700593693010683
373,balanced,6,36,36,36,-0.4009541678306441,0.00425725648249442,0.016296131516027046,0.4009541678306441,0.00425725648249442,0.016296131516027046,0.10007415822525166,0.0996718104073969,0.12647921991858374,0.12647921991858374,False,True,False,1.6296131516027046,1.6296131516027046
374,balanced,6,36,36,36,-0.22547949763228203,-0.0005879744611329007,0.01997660305386878,0.22547949763228203,0.0005879744611329007,0.01997660305386878,0.11534759695793494,0.08046956357095522,0.10584903278740257,0.11534759695793494,False,True,False,1.997660305386878,1.997660305386878
375,balanced,6,36,36,36,0.6279901125818554,0.017816817291364084,-0.03605907836686162,0.6279901125818554,0.017816817291364084,0.03605907836686162,0.10274858783805106,0.09471740982675377,0.13608034333680458,0.13608034333680458,False,True,False,3.605907836686162,3.605907836686162
376,balanced,6,36,36,36,-0.23260871647566006,0.002060414712746428,-0.0033526433214272067,0.23260871647566006,0.002060414712746428,0.0033526433214272067,0.11797469153333964,0.1321120893685506,0.09042569976963614,0.1321120893685506,True,True,True,0.4652174329513201,0.9436577812039327
377,balanced,6,36,36,36,-0.10647344667481207,0.002638834328571038,-0.001810279074283605,0.10647344667481207,0.002638834328571038,0.001810279074283605,0.12285020038499164,0.11051942314367762,0.08876108428792326,0.12285020038499164,True,True,True,0.2638834328571038,0.8775014313213688
378,balanced,6,36,36,36,-0.4049489505963457,0.013861101231097739,-0.010440291650235023,0.4049489505963457,0.013861101231097739,0.010440291650235023,0.0770062166682445,0.10659850421281833,0.13766606708952633,0.13766606708952633,False,True,False,1.3861101231097739,1.3861101231097739
379,balanced,6,36,36,36,-1.2453132743182742,-0.025718547707346384,0.044215826711251516,1.2453132743182742,0.025718547707346384,0.044215826711251516,0.19254315377575815,0.18549812237685,0.16333743570324089,0.19254315377575815,False,False,False,4.421582671125152,4.421582671125152
380,balanced,6,36,36,36,-1.0567904851048375,-0.013083754617850829,0.04718164518097323,1.0567904851048375,0.013083754617850829,0.04718164518097323,0.12483827195556818,0.11204992268610559,0.14903436523714853,0.14903436523714853,False,False,False,4.718164518097323,4.718164518097323
381,balanced,6,36,36,36,-0.8438261622730607,-0.013132862222407837,0.05086377033378747,0.8438261622730607,0.013132862222407837,0.05086377033378747,0.13255388305090093,0.07321152450377102,0.19002650762094103,0.19002650762094103,False,False,False,5.0863770333787475,5.0863770333787475
382,balanced,6,36,36,36,-0.23366395710677068,0.017388464372474544,-0.0030119425510090614,0.23366395710677068,0.017388464372474544,0.0030119425510090614,0.15569282716400012,0.18516677711508725,0.11593139575246932,0.18516677711508725,False,False,False,1.7388464372474544,1.7388464372474544
383,balanced,6,36,36,36,-0.7908931051237857,0.0015768074603069726,0.014148180042233893,0.7908931051237857,0.0015768074603069726,0.014148180042233893,0.15790968474865094,0.12161160023983085,0.1022989049828016,0.15790968474865094,False,False,False,1.5817862102475715,1.5817862102475715
384,balanced,6,36,36,36,-0.43699571899672307,-0.014889308451494832,0.03132042152222064,0.43699571899672307,0.014889308451494832,0.03132042152222064,0.1164047461264161,0.11930007258039067,0.1218088295623087,0.1218088295623087,False,True,False,3.132042152222064,3.132042152222064
385,balanced,6,36,36,36,-0.9880638925112102,-0.013724836513944294,0.05196416872692805,0.9880638925112102,0.013724836513944294,0.05196416872692805,0.11944207769257471,0.1342658335700085,0.14244690586638897,0.14244690586638897,False,False,False,5.196416872692805,5.196416872692805
386,balanced,6,36,36,36,0.08305525701471339,-0.003564954107551088,-0.003225238496699756,0.08305525701471339,0.003564954107551088,0.003225238496699756,0.10939916059200354,0.09893811732777935,0.0859288712171416,0.10939916059200354,True,True,True,0.3564954107551088,0.7814225756571681
387,balanced,6,36,36,36,0.5592037299066703,0.007091517774051481,-0.012786082219387485,0.5592037299066703,0.007091517774051481,0.012786082219387485,0.08824039887658178,0.08653633753037332,0.08392502130076683,0.08824039887658178,False,True,False,1.2786082219387485,1.2786082219387485
388,balanced,6,36,36,36,-0.4345007745302425,-0.019735288592392153,0.015431223727293941,0.4345007745302425,0.019735288592392153,0.015431223727293941,0.08038278266906497,0.1415633185016883,0.0915222948026129,0.1415633185016883,False,False,False,1.9735288592392153,1.9735288592392153
389,balanced,6,36,36,36,-0.4591351887791397,-0.029146213801915177,0.036909504255845216,0.4591351887791397,0.029146213801915177,0.036909504255845216,0.11816403168291836,0.1553693710751365,0.1440720754836063,0.1553693710751365,False,False,False,3.6909504255845214,3.6909504255845214
390,balanced,6,36,36,36,-0.36443980613112004,-0.009494458111339754,0.010993348000308434,0.36443980613112004,0.009494458111339754,0.010993348000308434,0.12595064533434314,0.12339455331503045,0.1157420556028906,0.12595064533434314,False,True,False,1.0993348000308434,1.0993348000308434
391,balanced,6,36,36,36,-0.36074336448080047,-0.012273551992787901,-0.0011864530332937329,0.36074336448080047,0.012273551992787901,0.0011864530332937329,0.10461043264224179,0.09280034081226925,0.08103758401969137,0.10461043264224179,False,True,False,1.22735519927879,1.22735519927879
392,balanced,6,36,36,36,-0.41429962130480646,-0.02658182205976445,0.04295808250741273,0.41429962130480646,0.02658182205976445,0.04295808250741273,0.09626368771497996,0.12715768878790748,0.13011612862507493,0.13011612862507493,False,True,False,4.295808250741273,4.295808250741273
393,balanced,6,36,36,36,-0.2431041672371954,0.0007608000051163577,0.017233635692491367,0.2431041672371954,0.0007608000051163577,0.017233635692491367,0.1165151945470037,0.12784404683013034,0.09561677553725267,0.12784404683013034,False,True,False,1.7233635692491367,1.7233635692491367
394,balanced,6,36,36,36,-0.2347635435936155,-0.014194154380640644,0.011459155815701949,0.2347635435936155,0.014194154380640644,0.011459155815701949,0.10555713339013538,0.12316576730095617,0.09780996560320616,0.12316576730095617,False,True,False,1.4194154380640644,1.4194154380640644
395,balanced,6,36,36,36,-0.4690249238950983,-0.004013562671556725,0.017428121612662217,0.4690249238950983,0.004013562671556725,0.017428121612662217,0.11655464041149925,0.08525040234781786,0.12842784562466472,0.12842784562466472,False,True,False,1.7428121612662217,1.7428121612662217
396,balanced,6,36,36,36,-0.3780390429374414,-0.007986525170221248,0.020091807449388877,0.3780390429374414,0.007986525170221248,0.020091807449388877,0.08915554293287892,0.1133121903499637,0.10501278046009656,0.1133121903499637,False,True,False,2.0091807449388877,2.0091807449388877
397,balanced,6,36,36,36,-1.2696242605192793,-0.03673251996988869,0.02949476374556048,1.2696242605192793,0.03673251996988869,0.02949476374556048,0.16453658998390608,0.18220044810502067,0.14493988450250875,0.18220044810502067,False,False,False,3.673251996988869,3.673251996988869
398,balanced,6,36,36,36,-0.6520221241191706,-0.017263300192568942,0.021702193324295127,0.6520221241191706,0.017263300192568942,0.021702193324295127,0.09926946258954211,0.10904414781154344,0.08745937075956957,0.10904414781154344,False,True,False,2.1702193324295127,2.1702193324295127
399,balanced,6,36,36,36,-0.031115691649567623,0.001963146555210016,0.0025732472542525087,0.031115691649567623,0.001963146555210016,0.0025732472542525087,0.11715421755183186,0.09534065448578372,0.08600776294613273,0.11715421755183186,True,True,True,0.25732472542525087,0.8368158396559418
0,balanced,8,48,48,48,-0.36528970213819534,-0.018669770920158202,0.02080375600849005,0.36528970213819534,0.018669770920158202,0.02080375600849005,0.09158146359935625,0.09415530625769195,0.09868171920855817,0.09868171920855817,False,True,False,2.080375600849005,2.080375600849005
1,balanced,8,48,48,48,-0.52434900812408,-0.015999840462089132,0.03401425302892336,0.52434900812408,0.015999840462089132,0.03401425302892336,0.09766401590457256,0.10688251443718641,0.10088279844741077,0.10688251443718641,False,True,False,3.401425302892336,3.401425302892336
2,balanced,8,48,48,48,-0.8002292058080691,-0.030585377056281393,0.04396730801643817,0.8002292058080691,0.030585377056281393,0.04396730801643817,0.14014129508662312,0.12585794755277857,0.16505135851557323,0.16505135851557323,False,False,False,4.396730801643817,4.396730801643817
3,balanced,8,48,48,48,-0.006945624074337076,0.015231376624225357,-0.019897987672493955,0.006945624074337076,0.015231376624225357,0.019897987672493955,0.13308245763514154,0.13744319795512638,0.17426394016851274,0.17426394016851274,False,False,False,1.9897987672493955,1.9897987672493955
4,balanced,8,48,48,48,0.209463373699748,-0.0015698185949339916,0.00012201886246043792,0.209463373699748,0.0015698185949339916,0.00012201886246043792,0.06244083120325665,0.05694404998579949,0.052305216321120895,0.06244083120325665,True,True,True,0.418926747399496,0.44600593716611886
5,balanced,8,48,48,48,-0.26065231772360065,-0.0127469430505045,0.007830302003715095,0.26065231772360065,0.0127469430505045,0.007830302003715095,0.11858018555334658,0.09891247751585724,0.12266874940831203,0.12266874940831203,False,True,False,1.27469430505045,1.27469430505045
6,balanced,8,48,48,48,-0.30327224147412224,0.0025531091899861913,0.014015302921279615,0.30327224147412224,0.0025531091899861913,0.014015302921279615,0.14095190760200701,0.11009538010035028,0.10498319606172489,0.14095190760200701,False,False,False,1.4015302921279615,1.4015302921279615
7,balanced,8,48,48,48,-0.09659873855215295,-0.009756881012400687,0.011117208133706924,0.09659873855215295,0.009756881012400687,0.011117208133706924,0.10101296980024614,0.13486935529679067,0.10856290826469753,0.13486935529679067,False,True,False,1.1117208133706924,1.1117208133706924
8,balanced,8,48,48,48,-0.803849005819302,-0.026319748922070674,0.048305718621803606,0.803849005819302,0.026319748922070674,0.048305718621803606,0.10266969610905993,0.11868668938748461,0.1676547855722806,0.1676547855722806,False,False,False,4.830571862180361,4.830571862180361
9,balanced,8,48,48,48,-0.059085820238795606,0.011336796096085067,-0.007186110513961008,0.059085820238795606,0.011336796096085067,0.007186110513961008,0.08549891129413992,0.10026744296127994,0.13799346776483953,0.13799346776483953,False,True,False,1.1336796096085067,1.1336796096085067
10,balanced,8,48,48,48,-1.200536642592148,-0.03855038733669325,0.05933610280597634,1.200536642592148,0.03855038733669325,0.05933610280597634,0.14476829499195304,0.11482888383981824,0.14454937044400265,0.14476829499195304,False,False,False,5.933610280597634,5.933610280597634
11,balanced,8,48,48,48,-0.7644968967845287,-0.007411328965307384,0.015534687094334643,0.7644968967845287,0.007411328965307384,0.015534687094334643,0.13486935529679067,0.11627260248035597,0.11892928145413235,0.13486935529679067,False,True,False,1.5534687094334643,1.5534687094334643
12,balanced,8,48,48,48,0.3606392402241916,0.017410189023732148,-0.014311397132208192,0.3606392402241916,0.017410189023732148,0.014311397132208192,0.12121911388809997,0.1332658809050459,0.10929068446464073,0.1332658809050459,False,True,False,1.7410189023732148,1.7410189023732148
13,balanced,8,48,48,48,0.11165351259613132,0.014005104190230044,0.011184080819854447,0.11165351259613132,0.014005104190230044,0.011184080819854447,0.09596587143803843,0.09482983054056612,0.09473516046577676,0.09596587143803843,False,True,False,1.4005104190230044,1.4005104190230044
14,balanced,8,48,48,48,0.06416329332089887,0.009822667997200663,-0.009377516102100802,0.06416329332089887,0.009822667997200663,0.009377516102100802,0.07988379248319606,0.07400241408690712,0.07244627473255703,0.07988379248319606,True,True,True,0.9822667997200663,0.9822667997200663
15,balanced,8,48,48,48,0.3711516319503616,0.02289802281669684,-0.005948124680724476,0.3711516319503616,0.02289802281669684,0.005948124680724476,0.08254047145697245,0.1058648111332008,0.0794163589889236,0.1058648111332008,False,True,False,2.289802281669684,2.289802281669684
16,balanced,8,48,48,48,-0.3849117697486548,-0.010584497713925445,0.01253204552699455,0.3849117697486548,0.010584497713925445,0.01253204552699455,0.08898987030199754,0.12282258827984474,0.08504922843889047,0.12282258827984474,False,True,False,1.253204552699455,1.253204552699455
17,balanced,8,48,48,48,1.0483690757344064,0.02033507152012859,-0.021579707501511725,1.0483690757344064,0.02033507152012859,0.021579707501511725,0.12185222001325381,0.16660749786992332,0.10365781501467386,0.16660749786992332,False,False,False,2.1579707501511725,2.1579707501511725
18,balanced,8,48,48,48,-0.9688178043772488,-0.028625931480408484,0.032331162525906176,0.9688178043772488,0.028625931480408484,0.032331162525906176,0.12610645649910063,0.1365142478462558,0.10249810659850421,0.1365142478462558,False,True,False,3.2331162525906176,3.2331162525906176
19,balanced,8,48,48,48,-0.2801290096054174,-0.005859224636238669,0.007082254709000035,0.2801290096054174,0.005859224636238669,0.007082254709000035,0.08954605699138503,0.12125461516614598,0.10304245952854303,0.12125461516614598,True,True,True,0.7082254709000035,0.8661043940438998
20,balanced,8,48,48,48,0.019393231351195084,0.006317312008261022,-0.0031391291358128237,0.019393231351195084,0.006317312008261022,0.0031391291358128237,0.10553346587143804,0.10611332007952286,0.14001112373378774,0.14001112373378774,True,False,False,0.6317312008261022,1.000079455241341
21,balanced,8,48,48,48,-0.21387407593025642,-0.014247174574813615,-0.009078961325864943,0.21387407593025642,0.014247174574813615,0.009078961325864943,0.10695351699327843,0.14529489728296885,0.09833262330777241,0.14529489728296885,False,False,False,1.4247174574813615,1.4247174574813615
22,balanced,8,48,48,48,-1.1743346990357146,-0.026812936379393637,0.03704547820545212,1.1743346990357146,0.026812936379393637,0.03704547820545212,0.15384478841238283,0.13434866988544922,0.15631804411625486,0.15631804411625486,False,False,False,3.704547820545212,3.704547820545212
23,balanced,8,48,48,48,-0.46029577068583194,0.008068063717205032,0.011922732233945577,0.46029577068583194,0.008068063717205032,0.011922732233945577,0.06896123260437376,0.07997254567831108,0.07431009182997254,0.07997254567831108,False,True,False,1.1922732233945577,1.1922732233945577
24,balanced,8,48,48,48,-0.14759847931160053,-0.000655555366358751,0.0058892278521696095,0.14759847931160053,0.000655555366358751,0.0058892278521696095,0.1180239988639591,0.04954795039288081,0.08875911199469848,0.1180239988639591,True,True,True,0.588922785216961,0.8430285633139936
25,balanced,8,48,48,48,-0.12639855754471085,-0.007695663609982084,0.020902920442268047,0.12639855754471085,0.007695663609982084,0.020902920442268047,0.07332788980403294,0.07977728864905803,0.08756390230048282,0.08756390230048282,False,True,False,2.0902920442268047,2.0902920442268047
26,balanced,8,48,48,48,-1.271338139097871,-0.037819865980626255,0.051445499766561986,1.271338139097871,0.037819865980626255,0.051445499766561986,0.172837972166998,0.15793926914702264,0.19492568399129034,0.19492568399129034,False,False,False,5.144549976656198,5.144549976656198
27,balanced,8,48,48,48,-0.9740737419535321,-0.022257034866891123,0.04094414312635297,0.9740737419535321,0.022257034866891123,0.04094414312635297,0.11784057559405473,0.1355320458203162,0.16261360408974723,0.16261360408974723,False,False,False,4.094414312635297,4.094414312635297
28,balanced,8,48,48,48,0.5043097196807338,0.012672060590107281,-0.0010631112326494052,0.5043097196807338,0.012672060590107281,0.0010631112326494052,0.10261644419199091,0.09732083688346113,0.0859190097510177,0.10261644419199091,False,True,False,1.2672060590107281,1.2672060590107281
29,balanced,8,48,48,48,-0.9879137417882546,-0.017548989394188252,0.02891490469308655,0.9879137417882546,0.017548989394188252,0.02891490469308655,0.10506603237716558,0.12075168039382751,0.11472829688535453,0.12075168039382751,False,True,False,2.891490469308655,2.891490469308655
30,balanced,8,48,48,48,0.2867877740452762,0.017975542183834792,-0.02906802715180412,0.2867877740452762,0.017975542183834792,0.02906802715180412,0.16992095048755088,0.14193410962794661,0.13760887058600776,0.16992095048755088,False,False,False,2.906802715180412,2.906802715180412
31,balanced,8,48,48,48,0.3615606485595251,0.007031792264301617,-0.0009983219151011857,0.3615606485595251,0.007031792264301617,0.0009983219151011857,0.09036850326611758,0.07537513017135283,0.05932855249455647,0.09036850326611758,True,True,True,0.7231212971190502,0.7231212971190502
32,balanced,8,48,48,48,-1.318933580439289,-0.024903966003538613,0.04744877596939068,1.318933580439289,0.024903966003538613,0.04744877596939068,0.12144987219539903,0.12705907412666856,0.1652347817854776,0.1652347817854776,False,False,False,4.744877596939068,4.744877596939068
33,balanced,8,48,48,48,-1.277675344666818,-0.031490531329196325,0.0424102255353771,1.277675344666818,0.031490531329196325,0.0424102255353771,0.12420122124396478,0.1256271892454795,0.14248437943765976,0.14248437943765976,False,False,False,4.24102255353771,4.24102255353771
34,balanced,8,48,48,48,-0.2773551485151309,0.0013236820559886509,0.012782358725188625,0.2773551485151309,0.0013236820559886509,0.012782358725188625,0.07517395626242544,0.06997893590835937,0.09271158761715421,0.09271158761715421,False,True,False,1.2782358725188625,1.2782358725188625
35,balanced,8,48,48,48,0.5421573379427542,0.015303641047199057,-0.023691864756301695,0.5421573379427542,0.015303641047199057,0.023691864756301695,0.08149318375461517,0.11469871248698287,0.0984154596232131,0.11469871248698287,False,True,False,2.3691864756301695,2.3691864756301695
36,balanced,8,48,48,48,0.1850255388806339,0.013914120804388808,0.0011592620728611003,0.1850255388806339,0.013914120804388808,0.0011592620728611003,0.12760342705670738,0.11244438133106126,0.06378396288933068,0.12760342705670738,False,True,False,1.3914120804388808,1.3914120804388808
37,balanced,8,48,48,48,-0.5142520607719518,-0.01572946013399046,0.02700487253188516,0.5142520607719518,0.01572946013399046,0.02700487253188516,0.11972806021016756,0.12129603332386632,0.14017679636466912,0.14017679636466912,False,False,False,2.700487253188516,2.700487253188516
38,balanced,8,48,48,48,-0.09998535525896912,0.0008690954358570036,-0.0037551822551148417,0.09998535525896912,0.0008690954358570036,0.0037551822551148417,0.08406702641295087,0.06429873142099782,0.08336291773170501,0.08406702641295087,True,True,True,0.37551822551148417,0.6004787600925061
39,balanced,8,48,48,48,0.1837167798271082,0.020719620199122657,-0.02665974711446062,0.1837167798271082,0.020719620199122657,0.02665974711446062,0.16116396856953516,0.14465587427814067,0.1534306068351794,0.16116396856953516,False,False,False,2.665974711446062,2.665974711446062
40,balanced,8,48,48,48,-1.004817758124073,-0.022393505289038385,0.05353817088151408,1.004817758124073,0.022393505289038385,0.05353817088151408,0.15362586386443244,0.14729480261289407,0.18568351793997917,0.18568351793997917,False,False,False,5.353817088151408,5.353817088151408
41,balanced,8,48,48,48,-0.009473814687147808,0.007587456565219419,0.004186990754002418,0.009473814687147808,0.007587456565219419,0.004186990754002418,0.10942677269715043,0.14425944333996024,0.10032069487834895,0.14425944333996024,True,False,False,0.7587456565219419,1.0304245952854303
42,balanced,8,48,48,48,-0.34173178088759215,-0.004870709542314278,0.007216471563348592,0.34173178088759215,0.004870709542314278,0.007216471563348592,0.09253408122692416,0.0834457540471457,0.08571191896241598,0.09253408122692416,True,True,True,0.7216471563348592,0.7216471563348592
43,balanced,8,48,48,48,-1.0958540182520906,-0.027411917735021385,0.05172262737149402,1.0958540182520906,0.027411917735021385,0.05172262737149402,0.11110124964498722,0.12359178263750828,0.13291086812458583,0.13291086812458583,False,True,False,5.172262737149402,5.172262737149402
44,balanced,8,48,48,48,-0.3405582449048481,-0.01946309880801156,0.040721829210042415,0.3405582449048481,0.01946309880801156,0.040721829210042415,0.10320221527975007,0.09134478841238285,0.11594717409826753,0.11594717409826753,False,True,False,4.0721829210042415,4.0721829210042415
45,balanced,8,48,48,48,-0.1038076223144273,-0.0007049191881036698,-0.007836582832093375,0.1038076223144273,0.0007049191881036698,0.007836582832093375,0.06119828647164631,0.08119733977089842,0.09101936003029443,0.09101936003029443,True,True,True,0.7836582832093375,0.7836582832093375
46,balanced,8,48,48,48,-1.2013358216692431,-0.0388080259302076,0.04677131004253399,1.2013358216692431,0.0388080259302076,0.04677131004253399,0.17517513963836032,0.15873804790305784,0.15248982296696015,0.17517513963836032,False,False,False,4.677131004253399,4.677131004253399
47,balanced,8,48,48,48,-1.319604390979837,-0.02651778721698239,0.04127866084619786,1.319604390979837,0.02651778721698239,0.04127866084619786,0.12731349995266497,0.10090646596610811,0.12809452806967717,0.12809452806967717,False,True,False,4.127866084619786,4.127866084619786
48,balanced,8,48,48,48,-0.15703007988240003,-0.004484154794495598,-0.0024642116955724824,0.15703007988240003,0.004484154794495598,0.0024642116955724824,0.10371106693174288,0.1096752816434725,0.10919009751017704,0.1096752816434725,True,True,True,0.44841547944955984,0.7833948688819463
49,balanced,8,48,48,48,0.046431984383872305,-0.00010216038811450279,-0.0015197469952757392,0.046431984383872305,0.00010216038811450279,0.0015197469952757392,0.1194795512638455,0.08372976427151377,0.08371201363249077,0.1194795512638455,True,True,True,0.15197469952757392,0.8534253661703249
50,balanced,8,48,48,48,0.1992010333925478,-0.0017945305892640429,-0.0014781738420888146,0.1992010333925478,0.0017945305892640429,0.0014781738420888146,0.09817286755656537,0.08731539335416075,0.07742237053867272,0.09817286755656537,True,True,True,0.3984020667850956,0.7012347682611811
51,balanced,8,48,48,48,0.048428362487737076,0.011135113846379663,-0.031581594215140285,0.048428362487737076,0.011135113846379663,0.031581594215140285,0.11140892738805264,0.09271750449682856,0.16896833285998297,0.16896833285998297,False,False,False,3.1581594215140285,3.1581594215140285
52,balanced,8,48,48,48,-1.489369644841517,-0.031900944698731504,0.03885862689708136,1.489369644841517,0.031900944698731504,0.03885862689708136,0.15306376029537064,0.17588516519928052,0.13976261478746568,0.17588516519928052,False,False,False,3.885862689708136,3.885862689708136
53,balanced,8,48,48,48,-0.8106894832064597,-0.029553058136384536,0.03834887563493766,0.8106894832064597,0.029553058136384536,0.03834887563493766,0.12098243870112657,0.150702925305311,0.15137153270851084,0.15137153270851084,False,False,False,3.834887563493766,3.834887563493766
54,balanced,8,48,48,48,-0.1395124933331715,0.00927723148079651,-0.010288815707023446,0.1395124933331715,0.00927723148079651,0.010288815707023446,0.10683517939979173,0.07993704440026507,0.09863438417116349,0.10683517939979173,False,True,False,1.0288815707023446,1.0288815707023446
55,balanced,8,48,48,48,-0.9811359784215092,-0.023362376927217987,0.044790605709522424,0.9811359784215092,0.023362376927217987,0.044790605709522424,0.15736533181861215,0.10458676512354445,0.13010035027927672,0.15736533181861215,False,False,False,4.479060570952242,4.479060570952242
56,balanced,8,48,48,48,-0.24745020679728214,-0.008038961528620048,0.011326344534078991,0.24745020679728214,0.008038961528620048,0.011326344534078991,0.08382443434630313,0.08372384739183944,0.1193612136703588,0.1193612136703588,False,True,False,1.1326344534078991,1.1326344534078991
57,balanced,8,48,48,48,-0.3761129916916417,-0.004856034692506617,0.008085311628822978,0.3761129916916417,0.004856034692506617,0.008085311628822978,0.09712557985420808,0.0675293477231847,0.08832126289879769,0.09712557985420808,True,True,True,0.8085311628822978,0.8085311628822978
58,balanced,8,48,48,48,-1.2094356359253524,-0.023613113799573426,0.060564451313211976,1.2094356359253524,0.023613113799573426,0.060564451313211976,0.14999881662406514,0.1466084445706712,0.19590788601722994,0.19590788601722994,False,False,False,6.0564451313211976,6.0564451313211976
59,balanced,8,48,48,48,-0.2800295095850771,-0.011136522406221427,0.012282160892405858,0.2800295095850771,0.011136522406221427,0.012282160892405858,0.10779371390703399,0.11661578150146738,0.09794802612894064,0.11661578150146738,False,True,False,1.2282160892405858,1.2282160892405858
60,balanced,8,48,48,48,-0.48429390204056233,-0.007583439860622709,0.012707191680192076,0.48429390204056233,0.007583439860622709,0.012707191680192076,0.10683517939979173,0.1383603143046483,0.12036708321499574,0.1383603143046483,False,True,False,1.2707191680192076,1.2707191680192076
61,balanced,8,48,48,48,-0.3272023341268451,0.0004537522654919357,0.004136275583201954,0.3272023341268451,0.0004537522654919357,0.004136275583201954,0.08150501751396384,0.09651022436807725,0.08230971314967339,0.09651022436807725,True,True,True,0.6544046682536901,0.6893587454862661
62,balanced,8,48,48,48,0.5007144171784113,0.015466552959003455,-0.01246690345995749,0.5007144171784113,0.015466552959003455,0.01246690345995749,0.11832575972735018,0.10218451197576446,0.11268105651803464,0.11832575972735018,False,True,False,1.5466552959003455,1.5466552959003455
63,balanced,8,48,48,48,-1.3159347614854546,-0.02698456671226157,0.05980992806697233,1.3159347614854546,0.02698456671226157,0.05980992806697233,0.16244793145886585,0.1242722238000568,0.16454842374325476,0.16454842374325476,False,False,False,5.980992806697233,5.980992806697233
64,balanced,8,48,48,48,-0.5075534523735001,-0.010102622100592873,0.010278579396450549,0.5075534523735001,0.010102622100592873,0.010278579396450549,0.10853924074600019,0.11389401685127332,0.09957516803938275,0.11389401685127332,False,True,False,1.027857939645055,1.027857939645055
65,balanced,8,48,48,48,-0.5779912413368251,-0.03656043411680199,0.03287007147999538,0.5779912413368251,0.03656043411680199,0.03287007147999538,0.1003621130360693,0.1377508756981918,0.1719859414938938,0.1719859414938938,False,False,False,3.6560434116801988,3.6560434116801988
66,balanced,8,48,48,48,-0.5269263924370478,-0.01019361976671318,0.018906229491600812,0.5269263924370478,0.01019361976671318,0.018906229491600812,0.12001207043453564,0.11134384171163496,0.08725030767774307,0.12001207043453564,False,True,False,1.8906229491600812,1.8906229491600812
67,balanced,8,48,48,48,0.05117240138752521,0.0005999543876641367,-0.010055733063003613,0.05117240138752521,0.0005999543876641367,0.010055733063003613,0.07771229764271514,0.0756413897566979,0.10150407081321594,0.10150407081321594,False,True,False,1.0055733063003613,1.0055733063003613
68,balanced,8,48,48,48,-0.5142690977662596,-0.015627600142241516,0.00811580553583191,0.5142690977662596,0.015627600142241516,0.00811580553583191,0.08856385496544543,0.08156418631070718,0.08643377828268484,0.08856385496544543,False,True,False,1.5627600142241516,1.5627600142241516
69,balanced,8,48,48,48,-0.020271970948648743,0.004761289915560685,0.014705634681452362,0.020271970948648743,0.004761289915560685,0.014705634681452362,0.15934156962984,0.10803630597368172,0.11039122408406703,0.15934156962984,False,False,False,1.4705634681452362,1.4705634681452362
70,balanced,8,48,48,48,-0.5755655508448356,-0.013269964184742578,0.014222093785747514,0.5755655508448356,0.013269964184742578,0.014222093785747514,0.09691257218593202,0.0948239136608918,0.07778330019880715,0.09691257218593202,False,True,False,1.4222093785747514,1.4222093785747514
71,balanced,8,48,48,48,-0.27855997693635004,-0.004346322157860127,0.025863922672291373,0.27855997693635004,0.004346322157860127,0.025863922672291373,0.0956877780933447,0.07864716463126006,0.08694854681435199,0.0956877780933447,False,True,False,2.586392267229137,2.586392267229137
72,balanced,8,48,48,48,0.06372400708899661,0.0029601263365334196,0.0005385100431184453,0.06372400708899661,0.0029601263365334196,0.0005385100431184453,0.0915222948026129,0.08081865947174098,0.07048778756035218,0.0915222948026129,True,True,True,0.29601263365334196,0.6537306771615207
73,balanced,8,48,48,48,-0.20717386814051864,-0.01855493946758968,0.019422586003884468,0.20717386814051864,0.01855493946758968,0.019422586003884468,0.054234119094954084,0.10632632774779892,0.08869994319795513,0.10632632774779892,False,True,False,1.9422586003884468,1.9422586003884468
74,balanced,8,48,48,48,0.24513710129163258,0.0014125134658009575,0.0022216939888333176,0.24513710129163258,0.0014125134658009575,0.0022216939888333176,0.09373520780081417,0.05227563192274922,0.07062979267253622,0.09373520780081417,True,True,True,0.49027420258326515,0.669537198577244
75,balanced,8,48,48,48,-0.6732718886146998,-0.02910643991220052,0.04846778644491634,0.6732718886146998,0.02910643991220052,0.04846778644491634,0.1352598693552968,0.13843723374041467,0.1903933541607498,0.1903933541607498,False,False,False,4.846778644491634,4.846778644491634
76,balanced,8,48,48,48,-0.6184867959429639,-0.016358947891871756,0.016846585481061993,0.6184867959429639,0.016358947891871756,0.016846585481061993,0.09680606835179399,0.12081084919057086,0.07432192558932121,0.12081084919057086,False,True,False,1.6846585481061993,1.6846585481061993
77,balanced,8,48,48,48,-0.9510243476638323,-0.03308888948349176,0.05501274074360185,0.9510243476638323,0.03308888948349176,0.05501274074360185,0.17310423175234307,0.16852456688440784,0.170346965824103,0.17310423175234307,False,False,False,5.501274074360185,5.501274074360185
78,balanced,8,48,48,48,-1.1251835267950874,-0.034068551425020965,0.04250281258108146,1.1251835267950874,0.034068551425020965,0.04250281258108146,0.12459173530247089,0.1308577108775916,0.145791915175613,0.145791915175613,False,False,False,4.250281258108146,4.250281258108146
79,balanced,8,48,48,48,-0.4542704364866097,-0.004171448959788937,0.01977565240978535,0.4542704364866097,0.004171448959788937,0.01977565240978535,0.11357450534885923,0.0927589226545489,0.11723705386727255,0.11723705386727255,False,True,False,1.977565240978535,1.977565240978535
80,balanced,8,48,48,48,-1.655475233118736,-0.05658371673413232,0.08469102896992753,1.655475233118736,0.05658371673413232,0.08469102896992753,0.1652998674618953,0.17253621130360694,0.21107876550222474,0.21107876550222474,False,False,False,8.469102896992753,8.469102896992753
81,balanced,8,48,48,48,-0.270450069627163,0.0019898763409454956,0.019048441439811492,0.270450069627163,0.0019898763409454956,0.019048441439811492,0.09396596610811322,0.14671494840480925,0.09628538294045252,0.14671494840480925,False,False,False,1.9048441439811492,1.9048441439811492
82,balanced,8,48,48,48,-0.1374321720213274,-0.00397727813708848,0.009579239729116729,0.1374321720213274,0.00397727813708848,0.009579239729116729,0.0610266969610906,0.08952830635236202,0.12656797311369877,0.12656797311369877,True,True,True,0.9579239729116729,0.9579239729116729
83,balanced,8,48,48,48,-0.4369776488552084,-0.001323452729862673,0.023470346588585933,0.4369776488552084,0.001323452729862673,0.023470346588585933,0.09187139070339866,0.04798589415885639,0.10713102338350847,0.10713102338350847,False,True,False,2.3470346588585933,2.3470346588585933
84,balanced,8,48,48,48,0.12343307920203017,0.004592487698911518,-0.0005063123480038567,0.12343307920203017,0.004592487698911518,0.0005063123480038567,0.12143803843605036,0.07963528353687399,0.0899306541702168,0.12143803843605036,True,True,True,0.4592487698911518,0.8674145602575025
85,balanced,8,48,48,48,-0.22440083237584219,-0.005988786507527988,0.009660119429175384,0.22440083237584219,0.005988786507527988,0.009660119429175384,0.1155862444381331,0.11169885449209505,0.09256366562529585,0.1155862444381331,True,True,True,0.9660119429175384,0.9660119429175384
86,balanced,8,48,48,48,-1.1465703786621582,-0.028901194422325194,0.05184421813047829,1.1465703786621582,0.028901194422325194,0.05184421813047829,0.14318257123923128,0.1730391460759254,0.16757786613651424,0.1730391460759254,False,False,False,5.1844218130478295,5.1844218130478295
87,balanced,8,48,48,48,0.026786293465875133,0.005322079595047713,0.0037120798813249922,0.026786293465875133,0.005322079595047713,0.0037120798813249922,0.1133496639212345,0.1058648111332008,0.10269336362775727,0.1133496639212345,True,True,True,0.5322079595047713,0.8096404565802463
88,balanced,8,48,48,48,-0.019976252437707842,0.0045585341613681996,-0.005422116639768881,0.019976252437707842,0.0045585341613681996,0.005422116639768881,0.08668820410868125,0.10705410394774212,0.1009893022815488,0.10705410394774212,True,True,True,0.5422116639768881,0.7646721710553007
89,balanced,8,48,48,48,-0.9029968918571782,-0.013183773074429195,0.033668883305608244,0.9029968918571782,0.013183773074429195,0.033668883305608244,0.15010532045820316,0.10474652087475149,0.12864479787939032,0.15010532045820316,False,False,False,3.3668883305608244,3.3668883305608244
90,balanced,8,48,48,48,0.10461191920337853,0.0036061158886744327,-0.011872985161896388,0.10461191920337853,0.0036061158886744327,0.011872985161896388,0.08180086149768058,0.07725078102811701,0.07527454321688914,0.08180086149768058,False,True,False,1.1872985161896388,1.1872985161896388
91,balanced,8,48,48,48,-1.0601395310172812,-0.03203258341936366,0.04059162542466754,1.0601395310172812,0.03203258341936366,0.04059162542466754,0.1216983811417211,0.09813736627851936,0.11685245668844078,0.1216983811417211,False,True,False,4.059162542466754,4.059162542466754
92,balanced,8,48,48,48,0.19742657331526203,0.023970157018422422,-0.042711173877175046,0.19742657331526203,0.023970157018422422,0.042711173877175046,0.13393448830824575,0.18605628135946228,0.2168122219066553,0.2168122219066553,False,False,False,4.271117387717505,4.271117387717505
93,balanced,8,48,48,48,0.05439584044511747,-0.01062908726571099,0.02249485363495296,0.05439584044511747,0.01062908726571099,0.02249485363495296,0.12065109343936382,0.06740509325002367,0.11124325475717126,0.12065109343936382,False,True,False,2.249485363495296,2.249485363495296
94,balanced,8,48,48,48,-0.21294972709910454,-0.012987583144387305,0.028230381514200875,0.21294972709910454,0.012987583144387305,0.028230381514200875,0.09860479977279182,0.11103616396856954,0.11352717031146455,0.11352717031146455,False,True,False,2.8230381514200875,2.8230381514200875
95,balanced,8,48,48,48,-1.0989344856351764,-0.028556795680404923,0.04145278432959704,1.0989344856351764,0.028556795680404923,0.04145278432959704,0.13974486414844267,0.13024235539146076,0.1356148821357569,0.13974486414844267,False,True,False,4.145278432959704,4.145278432959704
96,balanced,8,48,48,48,-1.001341734450051,-0.027602105601509885,0.05348943655621968,1.001341734450051,0.027602105601509885,0.05348943655621968,0.1295027454321689,0.1595249928997444,0.14772673482912052,0.1595249928997444,False,False,False,5.3489436556219685,5.3489436556219685
97,balanced,8,48,48,48,-0.6749940456161738,-0.019692291084806524,0.027923931606057883,0.6749940456161738,0.019692291084806524,0.027923931606057883,0.09274708889520022,0.14762614787465683,0.1117580232888384,0.14762614787465683,False,False,False,2.7923931606057883,2.7923931606057883
98,balanced,8,48,48,48,-0.09562652719124642,0.011210349809248288,-0.015691916064724587,0.09562652719124642,0.011210349809248288,0.015691916064724587,0.06687257407933352,0.09408430370159993,0.07995479503928808,0.09408430370159993,False,True,False,1.5691916064724587,1.5691916064724587
99,balanced,8,48,48,48,-0.40709280383685353,0.009951289232690508,0.0014611575031719948,0.40709280383685353,0.009951289232690508,0.0014611575031719948,0.12162146170595475,0.10023194168323393,0.0818541134147496,0.12162146170595475,True,True,True,0.9951289232690508,0.9951289232690508
100,balanced,8,48,48,48,-0.5189768017540253,-0.018832428891341957,0.04193588564104744,0.5189768017540253,0.018832428891341957,0.04193588564104744,0.11690570860550979,0.12483432736911862,0.14163234876455552,0.14163234876455552,False,False,False,4.193588564104744,4.193588564104744
101,balanced,8,48,48,48,-1.0711810729116067,-0.026563482869547128,0.04209014874815298,1.0711810729116067,0.026563482869547128,0.04209014874815298,0.14641318754141816,0.1494367130550033,0.13040802802234214,0.1494367130550033,False,False,False,4.209014874815297,4.209014874815297
102,balanced,8,48,48,48,-0.6078907987683664,-0.013489520066857885,0.015926170013168317,0.6078907987683664,0.013489520066857885,0.015926170013168317,0.09488899933730947,0.11996473539714096,0.08863485752153744,0.11996473539714096,False,True,False,1.5926170013168317,1.5926170013168317
103,balanced,8,48,48,48,0.036521957197837907,-0.003596402594329473,0.0007888895204361535,0.036521957197837907,0.003596402594329473,0.0007888895204361535,0.09993609769951718,0.10026744296127994,0.07950511218403862,0.10026744296127994,True,True,True,0.3596402594329473,0.7161960211519995
104,balanced,8,48,48,48,-0.2684927921702922,0.004764525330185121,0.012682999334553136,0.2684927921702922,0.004764525330185121,0.012682999334553136,0.09420264129508663,0.09624396478273217,0.09814328315819369,0.09814328315819369,False,True,False,1.2682999334553136,1.2682999334553136
105,balanced,8,48,48,48,-0.3808702172051035,-0.010186859606585164,0.016495113654627747,0.3808702172051035,0.010186859606585164,0.016495113654627747,0.12815369686642053,0.11667495029821073,0.10059287134336836,0.12815369686642053,False,True,False,1.6495113654627747,1.6495113654627747
106,balanced,8,48,48,48,-0.7340499898999937,-0.014833924560627043,0.014283182803485672,0.7340499898999937,0.014833924560627043,0.014283182803485672,0.10350397614314115,0.10942677269715043,0.09027975007100256,0.10942677269715043,False,True,False,1.4833924560627043,1.4833924560627043
107,balanced,8,48,48,48,0.08525006560386572,-0.006643525524816507,0.014894959056694412,0.08525006560386572,0.006643525524816507,0.014894959056694412,0.07075996402537157,0.06948783489538957,0.10273478178547761,0.10273478178547761,False,True,False,1.4894959056694412,1.4894959056694412
108,balanced,8,48,48,48,0.26125993915301393,0.024659361800669966,-0.03109687022932467,0.26125993915301393,0.024659361800669966,0.03109687022932467,0.11625485184133295,0.1482178358420903,0.15503408122692416,0.15503408122692416,False,False,False,3.1096870229324667,3.1096870229324667
109,balanced,8,48,48,48,-0.6231901984621615,-0.017445798232039955,0.03331329976761771,0.6231901984621615,0.017445798232039955,0.03331329976761771,0.0970249928997444,0.11690570860550979,0.11267513963836032,0.11690570860550979,False,True,False,3.331329976761771,3.331329976761771
110,balanced,8,48,48,48,-0.717065229138715,-0.008340081089615925,0.03410979624769983,0.717065229138715,0.008340081089615925,0.03410979624769983,0.12591119946984758,0.07894892549465114,0.1282838682192559,0.1282838682192559,False,True,False,3.410979624769983,3.410979624769983
111,balanced,8,48,48,48,-2.0662426890144516,-0.054837894205134186,0.08105063757170572,2.0662426890144516,0.054837894205134186,0.08105063757170572,0.18984900123071097,0.2196523241503361,0.2293915080942914,0.2293915080942914,False,False,False,8.105063757170571,8.105063757170571
112,balanced,8,48,48,48,-0.5635983289490376,-0.0145381538956173,0.028764450540089637,0.5635983289490376,0.0145381538956173,0.028764450540089637,0.09864621793051216,0.10158690712865663,0.12649697055760675,0.12649697055760675,False,True,False,2.8764450540089634,2.8764450540089634
113,balanced,8,48,48,48,0.4115900654385598,0.01612690971406161,-0.017992726599232012,0.4115900654385598,0.01612690971406161,0.017992726599232012,0.09122645081889615,0.1132135756887248,0.09029158383035123,0.1132135756887248,False,True,False,1.7992726599232012,1.7992726599232012
114,balanced,8,48,48,48,-0.4104902089844167,-0.010606905335069361,0.0037427684347527412,0.4104902089844167,0.010606905335069361,0.0037427684347527412,0.08768815677364385,0.084564044305595,0.10614882135756887,0.10614882135756887,False,True,False,1.060690533506936,1.060690533506936
115,balanced,8,48,48,48,-0.24476867330169938,-0.008003974843900474,0.014955737788795165,0.24476867330169938,0.008003974843900474,0.014955737788795165,0.08265880905045915,0.08038672725551453,0.08085416074978699,0.08265880905045915,False,True,False,1.4955737788795165,1.4955737788795165
116,balanced,8,48,48,48,-0.22107129705047512,-0.006867981094997644,0.022153388481532588,0.22107129705047512,0.006867981094997644,0.022153388481532588,0.10629082646975291,0.07570055855344125,0.11140301050837831,0.11140301050837831,False,True,False,2.2153388481532588,2.2153388481532588
117,balanced,8,48,48,48,-0.49321474047597746,-0.00921054545927169,0.018278682765185406,0.49321474047597746,0.00921054545927169,0.018278682765185406,0.08903720533939222,0.07364740130644704,0.08709646880621036,0.08903720533939222,False,True,False,1.8278682765185406,1.8278682765185406
118,balanced,8,48,48,48,-0.13247823131179004,-0.010097250852864281,0.008255392240926251,0.13247823131179004,0.010097250852864281,0.008255392240926251,0.10154548897093629,0.10231468332859983,0.11907128656631638,0.11907128656631638,False,True,False,1.0097250852864281,1.0097250852864281
119,balanced,8,48,48,48,-0.016281181694097313,0.01153370997420855,-0.008498739600857397,0.016281181694097313,0.01153370997420855,0.008498739600857397,0.16375556186689388,0.12502958439837167,0.08658761715421755,0.16375556186689388,False,False,False,1.153370997420855,1.1696825847635277
120,balanced,8,48,48,48,-0.0048794687995616925,0.016198440254846513,0.012528623226975455,0.0048794687995616925,0.016198440254846513,0.012528623226975455,0.07937494083120325,0.10743278424689956,0.08663495219161223,0.10743278424689956,False,True,False,1.6198440254846513,1.6198440254846513
121,balanced,8,48,48,48,-0.8535465142339156,-0.03140956090279445,0.05333394782860468,0.8535465142339156,0.03140956090279445,0.05333394782860468,0.10746828552494557,0.1332954653034176,0.1332954653034176,0.1332954653034176,False,True,False,5.333394782860467,5.333394782860467
122,balanced,8,48,48,48,-0.2970173300514354,-0.00828376587617552,0.029123582417089344,0.2970173300514354,0.00828376587617552,0.029123582417089344,0.10788246710214901,0.12116586197103096,0.16812813594622739,0.16812813594622739,False,False,False,2.9123582417089344,2.9123582417089344
123,balanced,8,48,48,48,-0.3968732298621269,-0.006584773350636786,0.025428584394300013,0.3968732298621269,0.006584773350636786,0.025428584394300013,0.08803133579475528,0.08668228722900691,0.08074765691564896,0.08803133579475528,False,True,False,2.542858439430001,2.542858439430001
124,balanced,8,48,48,48,-0.12663647941845468,0.01583079942675303,-0.0058587559753959795,0.12663647941845468,0.01583079942675303,0.0058587559753959795,0.09181813878632965,0.12509467007478936,0.11288223042696204,0.12509467007478936,False,True,False,1.5830799426753028,1.5830799426753028
125,balanced,8,48,48,48,-1.0323229969748908,-0.01956882844505814,0.03583644664778729,1.0323229969748908,0.01956882844505814,0.03583644664778729,0.13772720817949446,0.17312789927104041,0.13914725930133484,0.17312789927104041,False,False,False,3.583644664778729,3.583644664778729
126,balanced,8,48,48,48,0.11060556359988993,0.007863653313238461,-0.010070082337961583,0.11060556359988993,0.007863653313238461,0.010070082337961583,0.0785524945564707,0.09261691754236485,0.07616799204771371,0.09261691754236485,False,True,False,1.0070082337961583,1.0070082337961583
127,balanced,8,48,48,48,-0.5120972137858288,-0.016672021909437396,0.01312171683889507,0.5120972137858288,0.016672021909437396,0.01312171683889507,0.08216770803748935,0.10868124585818423,0.10800080469563571,0.10868124585818423,False,True,False,1.6672021909437396,1.6672021909437396
128,balanced,8,48,48,48,-0.0985255779037999,0.012216728911914831,-0.00034825945651140167,0.0985255779037999,0.012216728911914831,0.00034825945651140167,0.08013230142951813,0.11667495029821073,0.0748603616396857,0.11667495029821073,False,True,False,1.2216728911914831,1.2216728911914831
129,balanced,8,48,48,48,-0.7085551958490868,-0.03633894698210649,0.057867166048481467,0.7085551958490868,0.03633894698210649,0.057867166048481467,0.13935435008993657,0.13554387957966488,0.21556967717504497,0.21556967717504497,False,False,False,5.786716604848147,5.786716604848147
130,balanced,8,48,48,48,-0.5799368362834123,-0.013980137073876575,0.03013099971159683,0.5799368362834123,0.013980137073876575,0.03013099971159683,0.12837262141437092,0.0915400454416359,0.13180441162548517,0.13180441162548517,False,True,False,3.013099971159683,3.013099971159683
131,balanced,8,48,48,48,-0.26933999272288744,-0.014474892257531513,0.0038881315128944105,0.26933999272288744,0.014474892257531513,0.0038881315128944105,0.08623260437375746,0.132313263277478,0.08142218119852315,0.132313263277478,False,True,False,1.4474892257531513,1.4474892257531513
132,balanced,8,48,48,48,-0.5358220081737102,-0.02451176899312113,0.029648455098215898,0.5358220081737102,0.02451176899312113,0.029648455098215898,0.08496639212344978,0.11779324055666004,0.10908951055571334,0.11779324055666004,False,True,False,2.96484550982159,2.96484550982159
133,balanced,8,48,48,48,-0.14854366990023493,-0.007771795505167933,0.011896879107325176,0.14854366990023493,0.007771795505167933,0.011896879107325176,0.08223279371390703,0.08186003029442393,0.08258780649436713,0.08258780649436713,False,True,False,1.1896879107325176,1.1896879107325176
134,balanced,8,48,48,48,-0.14286245318353963,-0.011351681514463419,0.01965976685528331,0.14286245318353963,0.011351681514463419,0.01965976685528331,0.09151637792293855,0.11835534412572186,0.09863438417116349,0.11835534412572186,False,True,False,1.9659766855283312,1.9659766855283312
135,balanced,8,48,48,48,-0.6472142479031504,-0.008366666002949885,0.022461684426237194,0.6472142479031504,0.008366666002949885,0.022461684426237194,0.13598764555523998,0.13296412004165484,0.15050766827605794,0.15050766827605794,False,False,False,2.2461684426237194,2.2461684426237194
136,balanced,8,48,48,48,-0.22967435332236974,-0.012814006968222214,0.020458462420795243,0.22967435332236974,0.012814006968222214,0.020458462420795243,0.06613296412004166,0.07328055476663826,0.07129840007573605,0.07328055476663826,False,True,False,2.045846242079524,2.045846242079524
137,balanced,8,48,48,48,-1.304642075420361,-0.03818510151294929,0.04653501363713952,1.304642075420361,0.03818510151294929,0.04653501363713952,0.14312931932216227,0.13967386159235065,0.14075665057275397,0.14312931932216227,False,False,False,4.653501363713952,4.653501363713952
138,balanced,8,48,48,48,-1.6324374816029952,-0.04673618750163111,0.056903962517101725,1.6324374816029952,0.04673618750163111,0.056903962517101725,0.15179163116538863,0.16344788412382846,0.1446913755561867,0.16344788412382846,False,False,False,5.6903962517101725,5.6903962517101725
139,balanced,8,48,48,48,-0.7747618696302183,-0.006181905556600142,0.029999300610218937,0.7747618696302183,0.006181905556600142,0.029999300610218937,0.1257100255609202,0.1334493041749503,0.13505277856669506,0.13505277856669506,False,True,False,2.9999300610218937,2.9999300610218937
140,balanced,8,48,48,48,-0.5029930612653359,-0.013460311307391115,0.030462663315801608,0.5029930612653359,0.013460311307391115,0.030462663315801608,0.12121911388809997,0.10975811795891319,0.10898892360124965,0.12121911388809997,False,True,False,3.046266331580161,3.046266331580161
141,balanced,8,48,48,48,-1.8788354537099003,-0.058148761790375314,0.05852497392887307,1.8788354537099003,0.058148761790375314,0.05852497392887307,0.21382419767111616,0.18369544636940263,0.18797926725362113,0.21382419767111616,False,False,False,5.852497392887307,5.852497392887307
142,balanced,8,48,48,48,1.0841403463274695,0.021255404488363494,-0.03801188043075876,1.0841403463274695,0.021255404488363494,0.03801188043075876,0.14587475149105367,0.1192428760768721,0.14123000094670074,0.14587475149105367,False,False,False,3.801188043075876,3.801188043075876
143,balanced,8,48,48,48,-1.1382794719149132,-0.019716727747402185,0.020909883708327248,1.1382794719149132,0.019716727747402185,0.020909883708327248,0.1720391934109628,0.136005396194263,0.15242473729054246,0.1720391934109628,False,False,False,2.2765589438298264,2.2765589438298264
144,balanced,8,48,48,48,-0.9045387944787606,-0.025815734529377465,0.04737303080590516,0.9045387944787606,0.025815734529377465,0.04737303080590516,0.13625390514058505,0.16366680867177885,0.15603403389188678,0.16366680867177885,False,False,False,4.737303080590515,4.737303080590515
145,balanced,8,48,48,48,-0.8596507451147097,-0.023527907718103203,0.0389395277847292,0.8596507451147097,0.023527907718103203,0.0389395277847292,0.09413755561866893,0.10327321783584209,0.1532235160465777,0.1532235160465777,False,False,False,3.89395277847292,3.89395277847292
146,balanced,8,48,48,48,0.6826794801940466,0.016331859043358765,-0.030905703542809526,0.6826794801940466,0.016331859043358765,0.030905703542809526,0.09740959007857616,0.10694168323392976,0.09355178453090977,0.10694168323392976,False,True,False,3.0905703542809526,3.0905703542809526
147,balanced,8,48,48,48,-0.5438879868596516,-0.008175687133154197,0.01806157183765772,0.5438879868596516,0.008175687133154197,0.01806157183765772,0.0895756413897567,0.1060008993657105,0.08768223989396952,0.1060008993657105,False,True,False,1.806157183765772,1.806157183765772
148,balanced,8,48,48,48,-0.45027015022529326,-0.006261451059461187,0.036394583998192065,0.45027015022529326,0.006261451059461187,0.036394583998192065,0.0934689482154691,0.10813689292814542,0.12495266496260532,0.12495266496260532,False,True,False,3.6394583998192065,3.6394583998192065
149,balanced,8,48,48,48,-0.2720102013359309,-0.009884538018585909,0.02272334159905165,0.2720102013359309,0.009884538018585909,0.02272334159905165,0.09361095332765312,0.08243988450250876,0.08186594717409827,0.09361095332765312,False,True,False,2.272334159905165,2.272334159905165
150,balanced,8,48,48,48,-0.7804540536015878,-0.016601094244799275,0.01770305595293048,0.7804540536015878,0.016601094244799275,0.01770305595293048,0.09931482533371201,0.12069842847675849,0.11899436713055003,0.12069842847675849,False,True,False,1.770305595293048,1.770305595293048
151,balanced,8,48,48,48,-0.04197517446768728,-0.015536483577272664,0.023734957218115582,0.04197517446768728,0.015536483577272664,0.023734957218115582,0.07740461989964972,0.09092468995550507,0.12121319700842563,0.12121319700842563,False,True,False,2.373495721811558,2.373495721811558
152,balanced,8,48,48,48,-0.03916151734284412,0.008525677135704957,-0.011565233342405057,0.03916151734284412,0.008525677135704957,0.011565233342405057,0.0679376124207138,0.0856645839250213,0.09430322824955031,0.09430322824955031,False,True,False,1.1565233342405057,1.1565233342405057
153,balanced,8,48,48,48,-0.2909378549664652,-0.002020218609651625,0.011026940624484727,0.2909378549664652,0.002020218609651625,0.011026940624484727,0.1068647637981634,0.0925399981065985,0.12031383129792672,0.12031383129792672,False,True,False,1.1026940624484727,1.1026940624484727
154,balanced,8,48,48,48,0.5436398246675864,0.021539614335814417,-0.021377966578484175,0.5436398246675864,0.021539614335814417,0.021377966578484175,0.11375201173908928,0.08565275016567263,0.07623899460380573,0.11375201173908928,False,True,False,2.1539614335814417,2.1539614335814417
155,balanced,8,48,48,48,-0.29546347669860396,0.010455535835145913,-0.01110773928841513,0.29546347669860396,0.010455535835145913,0.01110773928841513,0.11440286850326611,0.13371556376029536,0.09930299157436334,0.13371556376029536,False,True,False,1.110773928841513,1.110773928841513
156,balanced,8,48,48,48,0.07119223066073843,0.014306352894622787,-0.004916556562041818,0.07119223066073843,0.014306352894622787,0.004916556562041818,0.06107403199848528,0.09837995834516709,0.06299701789264414,0.09837995834516709,False,True,False,1.4306352894622787,1.4306352894622787
157,balanced,8,48,48,48,0.45963860142126833,0.013574954232691616,-0.0032428794795582583,0.45963860142126833,0.013574954232691616,0.0032428794795582583,0.067375508851652,0.09322043926914703,0.0712214806399697,0.09322043926914703,False,True,False,1.3574954232691616,1.3574954232691616
158,balanced,8,48,48,48,0.06101799595256807,0.0122334585697641,-0.026642805270285064,0.06101799595256807,0.0122334585697641,0.026642805270285064,0.08687162737858563,0.07894892549465114,0.09054600965634763,0.09054600965634763,False,True,False,2.6642805270285064,2.6642805270285064
159,balanced,8,48,48,48,-0.24657093894582616,-0.010041509334127507,0.015867151403123614,0.24657093894582616,0.010041509334127507,0.015867151403123614,0.06691399223705387,0.07079546530341758,0.08901945470036922,0.08901945470036922,False,True,False,1.5867151403123614,1.5867151403123614
160,balanced,8,48,48,48,-0.7773647845993032,-0.013870001349728489,0.023317669756654558,0.7773647845993032,0.013870001349728489,0.023317669756654558,0.11797666382656442,0.10422583546341002,0.1418631070718546,0.1418631070718546,False,False,False,2.3317669756654555,2.3317669756654555
161,balanced,8,48,48,48,-0.2932766120840462,0.00019629372767482334,0.015297749162906216,0.2932766120840462,0.00019629372767482334,0.015297749162906216,0.09734450440215847,0.09368787276341949,0.10035027927672063,0.10035027927672063,False,True,False,1.5297749162906216,1.5297749162906216
162,balanced,8,48,48,48,0.45249511388841057,0.007063377138097016,-0.010691938683446256,0.45249511388841057,0.007063377138097016,0.010691938683446256,0.11030838776862634,0.07746378869639307,0.06896123260437376,0.11030838776862634,False,True,False,1.0691938683446256,1.0691938683446256
163,balanced,8,48,48,48,-0.18149210425311324,-0.0044094906636888975,-0.005586676992531292,0.18149210425311324,0.0044094906636888975,0.005586676992531292,0.07468285524945564,0.0798542080848244,0.06810920193126953,0.0798542080848244,True,True,True,0.5586676992531292,0.5703872006058884
164,balanced,8,48,48,48,0.04504297761025455,-0.00038798701155251525,0.004666760724603591,0.04504297761025455,0.00038798701155251525,0.004666760724603591,0.10221409637413613,0.09872905424595285,0.0832090788601723,0.10221409637413613,True,True,True,0.46667607246035914,0.7301006883866865
165,balanced,8,48,48,48,-0.22172567657731435,0.009917290991663608,0.0015951103275703704,0.22172567657731435,0.009917290991663608,0.0015951103275703704,0.09051050837830162,0.10437967433494272,0.08559949824860362,0.10437967433494272,True,True,True,0.9917290991663608,0.9917290991663608
166,balanced,8,48,48,48,-0.9459058186620766,-0.022916096462688107,0.046349047766322204,0.9459058186620766,0.022916096462688107,0.046349047766322204,0.13103521726782164,0.11206570103190382,0.12837853829404525,0.13103521726782164,False,True,False,4.6349047766322204,4.6349047766322204
167,balanced,8,48,48,48,-0.07577237896224176,-0.0056009260454590315,-0.003014521434958284,0.07577237896224176,0.0056009260454590315,0.003014521434958284,0.06632822114929471,0.07274211871627378,0.10118455931080185,0.10118455931080185,True,True,True,0.5600926045459031,0.7227468522200131
168,balanced,8,48,48,48,-1.7499143224169558,-0.05656434832898882,0.0877922001971001,1.7499143224169558,0.05656434832898882,0.0877922001971001,0.15873804790305784,0.20803748934961658,0.1941209883555808,0.20803748934961658,False,False,False,8.77922001971001,8.77922001971001
169,balanced,8,48,48,48,-1.3677051306972103,-0.042762286850692055,0.05655921196807817,1.3677051306972103,0.042762286850692055,0.05655921196807817,0.1327570292530531,0.14456712108302566,0.12730758307299062,0.14456712108302566,False,False,False,5.655921196807817,5.655921196807817
170,balanced,8,48,48,48,-0.46974362345635967,-0.016445860156298453,0.014830083591807763,0.46974362345635967,0.016445860156298453,0.014830083591807763,0.11824292341190949,0.10201883934488308,0.07647566979077913,0.11824292341190949,False,True,False,1.6445860156298453,1.6445860156298453
171,balanced,8,48,48,48,0.3156938412577688,0.0035095302871062106,0.00885316993973484,0.3156938412577688,0.0035095302871062106,0.00885316993973484,0.08812600586954464,0.05500331345261763,0.13885733219729243,0.13885733219729243,True,True,True,0.885316993973484,0.9918380871235173
172,balanced,8,48,48,48,-0.8624639154681617,-0.02215043195970945,0.025461993496188995,0.8624639154681617,0.02215043195970945,0.025461993496188995,0.12414205244722143,0.12449114834800719,0.1194973019028685,0.12449114834800719,False,True,False,2.5461993496188993,2.5461993496188993
173,balanced,8,48,48,48,0.463520552594467,0.024928163847446116,-0.023080621452436723,0.463520552594467,0.024928163847446116,0.023080621452436723,0.09228557228060211,0.13615331818612136,0.10403057843415696,0.13615331818612136,False,True,False,2.4928163847446116,2.4928163847446116
174,balanced,8,48,48,48,-0.13483615132270899,-0.00012396078694032475,0.0007076584789351692,0.13483615132270899,0.00012396078694032475,0.0007076584789351692,0.08861710688251444,0.08128609296601344,0.07457043453564328,0.08861710688251444,True,True,True,0.26967230264541797,0.632979334875103
175,balanced,8,48,48,48,-0.1960339885164757,0.002037977910159472,0.024288229960272467,0.1960339885164757,0.002037977910159472,0.024288229960272467,0.07531596137460948,0.07041086812458582,0.1440641863107072,0.1440641863107072,False,False,False,2.4288229960272467,2.4288229960272467
176,balanced,8,48,48,48,-1.1475589018275159,-0.022661289710682597,0.05320868858999972,1.1475589018275159,0.022661289710682597,0.05320868858999972,0.16122905424595285,0.10631449398845025,0.14757881283726215,0.16122905424595285,False,False,False,5.3208688589999715,5.3208688589999715
177,balanced,8,48,48,48,0.28160123614375365,0.005134906730172917,-0.0011233106821090244,0.28160123614375365,0.005134906730172917,0.0011233106821090244,0.08867035879958345,0.08436287039666761,0.06438156773643851,0.08867035879958345,True,True,True,0.5632024722875073,0.6333597057113103
178,balanced,8,48,48,48,-0.1621217470576326,-0.005313243606568485,0.025114426860531003,0.1621217470576326,0.005313243606568485,0.025114426860531003,0.07691943576635425,0.08522673482912052,0.1406619804979646,0.1406619804979646,False,False,False,2.5114426860531003,2.5114426860531003
179,balanced,8,48,48,48,-1.0097990871677993,-0.012481562682867375,0.04031601207263158,1.0097990871677993,0.012481562682867375,0.04031601207263158,0.11066340054908644,0.1309109627946606,0.11046814351983338,0.1309109627946606,False,True,False,4.031601207263158,4.031601207263158
180,balanced,8,48,48,48,0.040017531195388756,0.008795415472109713,-0.008889633923824136,0.040017531195388756,0.008795415472109713,0.008889633923824136,0.0682926252011739,0.10817239420619142,0.09888289311748556,0.10817239420619142,True,True,True,0.8889633923824136,0.8889633923824136
181,balanced,8,48,48,48,0.2722427506039864,0.02005372766268132,-0.01125468802085089,0.2722427506039864,0.02005372766268132,0.01125468802085089,0.1485846823818991,0.12197055760674051,0.11129650667424028,0.1485846823818991,False,False,False,2.005372766268132,2.005372766268132
182,balanced,8,48,48,48,0.07897667674123454,-0.004364528893312514,4.119527458595895e-05,0.07897667674123454,0.004364528893312514,4.119527458595895e-05,0.07390182713244343,0.08435103663731894,0.0653105178453091,0.08435103663731894,True,True,True,0.43645288933125137,0.602507404552278
183,balanced,8,48,48,48,-0.29960744989015353,-0.006387223689636512,0.009914832428042863,0.29960744989015353,0.006387223689636512,0.009914832428042863,0.09058151093439364,0.12010082362965067,0.10987645555239989,0.12010082362965067,True,True,True,0.9914832428042863,0.9914832428042863
184,balanced,8,48,48,48,-0.30341143818798244,-0.006246988240759199,0.021919130120370944,0.30341143818798244,0.006246988240759199,0.021919130120370944,0.08371201363249077,0.09636230237621887,0.09422039193410962,0.09636230237621887,False,True,False,2.1919130120370944,2.1919130120370944
185,balanced,8,48,48,48,-0.6938535115330282,-0.011068972959002332,0.02543414656315729,0.6938535115330282,0.011068972959002332,0.02543414656315729,0.12465682097888857,0.10800080469563571,0.14802849569251159,0.14802849569251159,False,False,False,2.5434146563157287,2.5434146563157287
186,balanced,8,48,48,48,-0.44145754389066383,-0.012099743399899276,0.031205425975788237,0.44145754389066383,0.012099743399899276,0.031205425975788237,0.12322493609769952,0.10590031241124681,0.13726569156489635,0.13726569156489635,False,True,False,3.1205425975788237,3.1205425975788237
187,balanced,8,48,48,48,-0.8348525306790364,-0.004511589694897844,0.02322464941312352,0.8348525306790364,0.004511589694897844,0.02322464941312352,0.10727894537536685,0.10016685600681624,0.12288767395626242,0.12288767395626242,False,True,False,2.322464941312352,2.322464941312352
188,balanced,8,48,48,48,-0.46129108878079705,-0.012600013254961295,0.018625934691423485,0.46129108878079705,0.012600013254961295,0.018625934691423485,0.10068754141815772,0.07598456877780933,0.0789252579759538,0.10068754141815772,False,True,False,1.8625934691423485,1.8625934691423485
189,balanced,8,48,48,48,-0.1131439746628331,-0.005489691360673232,0.008706852333565274,0.1131439746628331,0.005489691360673232,0.008706852333565274,0.07951694594338729,0.05415719965918773,0.08509656347628515,0.08509656347628515,True,True,True,0.8706852333565274,0.8706852333565274
190,balanced,8,48,48,48,-0.2781151872087939,-0.000857528809588004,0.0053662872773354575,0.2781151872087939,0.000857528809588004,0.0053662872773354575,0.08843960049228439,0.10736769857048187,0.08862302376218877,0.10736769857048187,True,True,True,0.5562303744175878,0.766912132646299
191,balanced,8,48,48,48,-0.7437367579549239,-0.01702847879517244,0.03742337413685437,0.7437367579549239,0.01702847879517244,0.03742337413685437,0.10165199280507431,0.08855793808577109,0.12589344883082457,0.12589344883082457,False,True,False,3.742337413685437,3.742337413685437
192,balanced,8,48,48,48,-0.6971102497190635,-0.0030996394792018878,0.012116952804792858,0.6971102497190635,0.0030996394792018878,0.012116952804792858,0.13382798447410774,0.10079996213197008,0.07124514815866705,0.13382798447410774,False,True,False,1.394220499438127,1.394220499438127
193,balanced,8,48,48,48,0.16904859332145605,0.004033203036704069,-0.003006221643393925,0.16904859332145605,0.004033203036704069,0.003006221643393925,0.10663400549086434,0.07995479503928808,0.05761265738899934,0.10663400549086434,True,True,True,0.40332030367040694,0.7616714677918881
194,balanced,8,48,48,48,-0.9639846624146706,-0.02216276701676967,0.03277474013710435,0.9639846624146706,0.02216276701676967,0.03277474013710435,0.13608823250970367,0.1406323960995929,0.14996923222569347,0.14996923222569347,False,False,False,3.2774740137104352,3.2774740137104352
195,balanced,8,48,48,48,-0.46927574686307594,-0.002244569871704627,0.006424691611224498,0.46927574686307594,0.002244569871704627,0.006424691611224498,0.09265241882041086,0.08693671305500332,0.05593226356148821,0.09265241882041086,True,True,True,0.9385514937261519,0.9385514937261519
196,balanced,8,48,48,48,0.6508508581708412,0.020056863736232056,-0.014958132596120888,0.6508508581708412,0.020056863736232056,0.014958132596120888,0.11432003218782542,0.12365686831392597,0.1506378396288933,0.1506378396288933,False,False,False,2.0056863736232056,2.0056863736232056
197,balanced,8,48,48,48,0.2322651802291169,0.008414835469045978,-0.018076324364225793,0.2322651802291169,0.008414835469045978,0.018076324364225793,0.06583712013632491,0.08100208274164536,0.08972948026128941,0.08972948026128941,False,True,False,1.8076324364225793,1.8076324364225793
198,balanced,8,48,48,48,-0.492070947210955,-0.004118660354496151,0.016390217473675583,0.492070947210955,0.004118660354496151,0.016390217473675583,0.10616657199659188,0.07630408028022342,0.133532140490391,0.133532140490391,False,True,False,1.6390217473675583,1.6390217473675583
199,balanced,8,48,48,48,-0.094769332926532,0.0005952884615658682,0.02284761425660997,0.094769332926532,0.0005952884615658682,0.02284761425660997,0.05873094764744864,0.08504922843889047,0.10467551831865947,0.10467551831865947,False,True,False,2.284761425660997,2.284761425660997
200,balanced,8,48,48,48,-2.095505052925155,-0.053225786004345466,0.07881357110037857,2.095505052925155,0.053225786004345466,0.07881357110037857,0.17745313831297926,0.19648182334564043,0.15112302376218878,0.19648182334564043,False,False,False,7.8813571100378566,7.8813571100378566
201,balanced,8,48,48,48,-0.028726075213157287,-0.010143421479941628,0.00936090581982807,0.028726075213157287,0.010143421479941628,0.00936090581982807,0.0737775726592824,0.09309618479598598,0.07591948310139165,0.09309618479598598,False,True,False,1.0143421479941628,1.0143421479941628
202,balanced,8,48,48,48,-0.17040236206942794,-0.0011740735559471194,0.023007571081884892,0.17040236206942794,0.0011740735559471194,0.023007571081884892,0.12421897188298779,0.1216451292246521,0.13698168134052827,0.13698168134052827,False,True,False,2.300757108188489,2.300757108188489
203,balanced,8,48,48,48,0.5679960408598497,0.009883715571084362,-0.009256154991742038,0.5679960408598497,0.009883715571084362,0.009256154991742038,0.13869165956641105,0.10559855154785572,0.09771135094196724,0.13869165956641105,False,True,False,1.1359920817196993,1.1359920817196993
204,balanced,8,48,48,48,0.012776499866419044,0.00732823720685527,-0.008600627377064074,0.012776499866419044,0.00732823720685527,0.008600627377064074,0.12098835558080091,0.08365876171542176,0.0798897093628704,0.12098835558080091,True,True,True,0.8600627377064074,0.8642025398628636
205,balanced,8,48,48,48,0.7817248164405868,0.01768197999509158,-0.044328096550013574,0.7817248164405868,0.01768197999509158,0.044328096550013574,0.12442606267158951,0.08687162737858563,0.1595782448168134,0.1595782448168134,False,False,False,4.432809655001357,4.432809655001357
206,balanced,8,48,48,48,-0.7348147174924406,-0.015965713698546713,0.022714445295377028,0.7348147174924406,0.015965713698546713,0.022714445295377028,0.10368739941304554,0.1204617532897851,0.10807772413140207,0.1204617532897851,False,True,False,2.271444529537703,2.271444529537703
207,balanced,8,48,48,48,-0.844232066592582,-0.03068166153021723,0.04904901516245763,0.844232066592582,0.03068166153021723,0.04904901516245763,0.16480284956925115,0.1343960049228439,0.15730024614219446,0.16480284956925115,False,False,False,4.904901516245763,4.904901516245763
208,balanced,8,48,48,48,-1.6245156865527122,-0.04150296922910257,0.07512716755513693,1.6245156865527122,0.04150296922910257,0.07512716755513693,0.20020354066079712,0.1352598693552968,0.20160584114361452,0.20160584114361452,False,False,False,7.512716755513693,7.512716755513693
209,balanced,8,48,48,48,-0.14050612262978746,0.0030175293347428633,-0.0003384087024186355,0.14050612262978746,0.0030175293347428633,0.0003384087024186355,0.09687707090788601,0.09809594812079901,0.1083380668370728,0.1083380668370728,True,True,True,0.30175293347428633,0.7738433345505199
210,balanced,8,48,48,48,-1.196016107123043,-0.03597113727418699,0.05287923547992468,1.196016107123043,0.03597113727418699,0.05287923547992468,0.15758425636656254,0.1552293382561772,0.1792873710120231,0.1792873710120231,False,False,False,5.2879235479924676,5.2879235479924676
211,balanced,8,48,48,48,-0.6199388147602889,-0.011662606039524737,0.02011087715868548,0.6199388147602889,0.011662606039524737,0.02011087715868548,0.0993799110101297,0.08426228344220392,0.0731858846918489,0.0993799110101297,False,True,False,2.011087715868548,2.011087715868548
212,balanced,8,48,48,48,-0.6176993391126402,-0.02044041319577039,0.0423373043747679,0.6176993391126402,0.02044041319577039,0.0423373043747679,0.09077676796364668,0.09322635614882135,0.11496497207232793,0.11496497207232793,False,True,False,4.23373043747679,4.23373043747679
213,balanced,8,48,48,48,-1.064103855809492,-0.020175392939528303,0.027579997516491872,1.064103855809492,0.020175392939528303,0.027579997516491872,0.12021324434346303,0.11386443245290163,0.1255088516519928,0.1255088516519928,False,True,False,2.757999751649187,2.757999751649187
214,balanced,8,48,48,48,0.3284214197387776,0.015351567527769783,-0.031089757175550292,0.3284214197387776,0.015351567527769783,0.031089757175550292,0.12656205623402442,0.09231515667897378,0.12949091167282023,0.12949091167282023,False,True,False,3.108975717555029,3.108975717555029
215,balanced,8,48,48,48,-0.4933825474192304,-0.007550638058663406,0.008463633873134091,0.4933825474192304,0.007550638058663406,0.008463633873134091,0.10004851841332954,0.09052825901732463,0.09024424879295655,0.10004851841332954,True,True,True,0.9867650948384608,0.9867650948384608
216,balanced,8,48,48,48,-0.6747240564435586,-0.01637694973635795,0.0293159365398874,0.6747240564435586,0.01637694973635795,0.0293159365398874,0.09854563097604847,0.09732675376313547,0.09844504402158477,0.09854563097604847,False,True,False,2.93159365398874,2.93159365398874
217,balanced,8,48,48,48,-0.23529268713890517,-0.00478681724655694,-0.0006835924716597774,0.23529268713890517,0.00478681724655694,0.0006835924716597774,0.06874230805642337,0.08442203919341096,0.09249857994887815,0.09249857994887815,True,True,True,0.47868172465569403,0.6607041424919867
218,balanced,8,48,48,48,0.0636557001659952,0.0027006809772240903,-0.016751023159106926,0.0636557001659952,0.0027006809772240903,0.016751023159106926,0.0732864716463126,0.09495408501372717,0.10925518318659472,0.10925518318659472,False,True,False,1.6751023159106926,1.6751023159106926
219,balanced,8,48,48,48,0.11329325624208764,0.0016390850008702884,-0.01837095167555497,0.11329325624208764,0.0016390850008702884,0.01837095167555497,0.06583712013632491,0.07221551642525798,0.11246213197008426,0.11246213197008426,False,True,False,1.837095167555497,1.837095167555497
220,balanced,8,48,48,48,-0.13402850838598468,-0.004669512822112587,-0.004326708221242592,0.13402850838598468,0.004669512822112587,0.004326708221242592,0.09413755561866893,0.11747372905424595,0.08977681529868409,0.11747372905424595,True,True,True,0.4669512822112587,0.8390980646731853
221,balanced,8,48,48,48,0.6894397197951889,0.015350422001003228,-0.03847106103232051,0.6894397197951889,0.015350422001003228,0.03847106103232051,0.0982971220297264,0.12534317902111142,0.16851273312505916,0.16851273312505916,False,False,False,3.8471061032320506,3.8471061032320506
222,balanced,8,48,48,48,-0.26013898265464164,0.0006732525786949939,0.001193356007281543,0.26013898265464164,0.0006732525786949939,0.001193356007281543,0.08788933068257124,0.09375295843983716,0.08989515289217079,0.09375295843983716,True,True,True,0.5202779653092833,0.6696639888559797
223,balanced,8,48,48,48,-0.02937159351603924,-0.004353684883695252,0.0015271205976056246,0.02937159351603924,0.004353684883695252,0.0015271205976056246,0.08962297642715138,0.12033158193694973,0.0819724510082363,0.12033158193694973,True,True,True,0.43536848836952524,0.8595112995496409
224,balanced,8,48,48,48,-0.10914228769241419,0.007995282720644648,-0.010022699827383463,0.10914228769241419,0.007995282720644648,0.010022699827383463,0.10545062955599735,0.08397827321783584,0.0946227397519644,0.10545062955599735,False,True,False,1.0022699827383463,1.0022699827383463
225,balanced,8,48,48,48,0.43770806578698895,0.0023203133157084777,0.0011982540655330887,0.43770806578698895,0.0023203133157084777,0.0011982540655330887,0.07825073369307962,0.09659306068351795,0.08305523998863959,0.09659306068351795,True,True,True,0.8754161315739779,0.8754161315739779
226,balanced,8,48,48,48,-0.8223417541593534,-0.028637192412099166,0.03757111720983619,0.8223417541593534,0.028637192412099166,0.03757111720983619,0.11128467291489161,0.14282755845877118,0.12617154217551832,0.14282755845877118,False,False,False,3.757111720983619,3.757111720983619
227,balanced,8,48,48,48,0.10927665817641952,0.006668177854139978,-0.004124879598672804,0.10927665817641952,0.006668177854139978,0.004124879598672804,0.08267655968948215,0.08867627567925779,0.07971811985231468,0.08867627567925779,True,True,True,0.6668177854139978,0.6668177854139978
228,balanced,8,48,48,48,-0.6047485809733786,-0.005238979944468203,0.00722076690067297,0.6047485809733786,0.005238979944468203,0.00722076690067297,0.09552210546246331,0.096788317712771,0.10233835084729717,0.10233835084729717,False,True,False,1.2094971619467572,1.2094971619467572
229,balanced,8,48,48,48,-0.11292790782542994,-0.0034619947412420915,0.01339712553279504,0.11292790782542994,0.0034619947412420915,0.01339712553279504,0.06693174287607687,0.1102018839344883,0.11188819464167377,0.11188819464167377,False,True,False,1.339712553279504,1.339712553279504
230,balanced,8,48,48,48,-0.6617465556869604,-0.011420860776187203,0.02162577359869422,0.6617465556869604,0.011420860776187203,0.02162577359869422,0.12382254094480735,0.0908122692416927,0.07868266590930607,0.12382254094480735,False,True,False,2.162577359869422,2.162577359869422
231,balanced,8,48,48,48,-0.7572988014628841,-0.0018950960426349361,0.028400709159616788,0.7572988014628841,0.0018950960426349361,0.028400709159616788,0.1381236391176749,0.11775773927861403,0.14911720155258923,0.14911720155258923,False,False,False,2.840070915961679,2.840070915961679
232,balanced,8,48,48,48,-0.243930294236538,0.00011117332788268541,-0.002806626642798904,0.243930294236538,0.00011117332788268541,0.002806626642798904,0.06641697434440973,0.0708664678595096,0.09343344693742309,0.09343344693742309,True,True,True,0.487860588473076,0.6673817638387363
233,balanced,8,48,48,48,-0.5966810128301177,-0.022022046659272765,0.015873665616482124,0.5966810128301177,0.022022046659272765,0.015873665616482124,0.0885756887247941,0.08543974249739657,0.09878230616302187,0.09878230616302187,False,True,False,2.2022046659272765,2.2022046659272765
234,balanced,8,48,48,48,-0.7458958766072925,-0.011154611174147289,0.028331808363343203,0.7458958766072925,0.011154611174147289,0.028331808363343203,0.11226095806115687,0.077162027833002,0.11588800530152418,0.11588800530152418,False,True,False,2.83318083633432,2.83318083633432
235,balanced,8,48,48,48,0.02552788046898513,-0.00026861939716404937,0.010983853606451432,0.02552788046898513,0.00026861939716404937,0.010983853606451432,0.08546341001609391,0.07432192558932121,0.10312529584398372,0.10312529584398372,False,True,False,1.0983853606451432,1.0983853606451432
236,balanced,8,48,48,48,-1.1264781297454896,-0.0189404983211372,0.02589518173840588,1.1264781297454896,0.0189404983211372,0.02589518173840588,0.1379224652087475,0.11090599261573417,0.12381070718545868,0.1379224652087475,False,True,False,2.589518173840588,2.589518173840588
237,balanced,8,48,48,48,0.14392722237010602,0.008220094056048288,-0.01811572016284524,0.14392722237010602,0.008220094056048288,0.01811572016284524,0.1194973019028685,0.11161010129698003,0.1018531667140017,0.1194973019028685,False,True,False,1.811572016284524,1.811572016284524
238,balanced,8,48,48,48,-0.02035283458329218,0.0014759452254753391,0.0007896549899812366,0.02035283458329218,0.0014759452254753391,0.0007896549899812366,0.104172583546341,0.07865308151093439,0.05986107166524662,0.104172583546341,True,True,True,0.1475945225475339,0.7440898824738642
239,balanced,8,48,48,48,-0.6241780063718316,-0.012869482128701204,0.0186891321458606,0.6241780063718316,0.012869482128701204,0.0186891321458606,0.11000662690523526,0.0932855249455647,0.11404785572280603,0.11404785572280603,False,True,False,1.8689132145860599,1.8689132145860599
240,balanced,8,48,48,48,-0.05276472779224051,-0.0012539307414300982,-0.01601852359628253,0.05276472779224051,0.0012539307414300982,0.01601852359628253,0.06575428382088422,0.07139307015052541,0.08457587806494367,0.08457587806494367,False,True,False,1.601852359628253,1.601852359628253
241,balanced,8,48,48,48,-0.10992715172071144,0.009059680736183018,-0.009779556571250847,0.10992715172071144,0.009059680736183018,0.009779556571250847,0.08103166714001704,0.09825570387200606,0.0959777051973871,0.09825570387200606,True,True,True,0.9779556571250847,0.9779556571250847
242,balanced,8,48,48,48,-0.5898002327690008,-0.017180027950685073,0.005537035414893143,0.5898002327690008,0.017180027950685073,0.005537035414893143,0.10862207706144088,0.11355083783016189,0.09245124491148347,0.11355083783016189,False,True,False,1.7180027950685073,1.7180027950685073
243,balanced,8,48,48,48,-0.31501908513005006,-0.001369447026531856,-0.001154535056457462,0.31501908513005006,0.001369447026531856,0.001154535056457462,0.1367035879958345,0.09065843037016,0.07799630786708321,0.1367035879958345,True,True,True,0.6300381702601001,0.9764541999702464
244,balanced,8,48,48,48,0.33289055613577645,0.006448652705669078,0.0015791307724452586,0.33289055613577645,0.006448652705669078,0.0015791307724452586,0.08497230900312411,0.09680015147211966,0.0757064754331156,0.09680015147211966,True,True,True,0.6657811122715529,0.6914296533722832
245,balanced,8,48,48,48,-0.7933713536669948,-0.02112289569167425,0.034579671071166274,0.7933713536669948,0.02112289569167425,0.034579671071166274,0.10856290826469753,0.12949682855249456,0.11842042980213954,0.12949682855249456,False,True,False,3.457967107116627,3.457967107116627
246,balanced,8,48,48,48,-1.2066537282079288,-0.03646287062653042,0.05074394991553788,1.2066537282079288,0.03646287062653042,0.05074394991553788,0.120124491148348,0.1227811701221244,0.16436500047335037,0.16436500047335037,False,False,False,5.074394991553787,5.074394991553787
247,balanced,8,48,48,48,-0.25442364227869874,-0.01951512993760951,0.017439013895833466,0.25442364227869874,0.01951512993760951,0.017439013895833466,0.07287820694878348,0.113976853166714,0.10318446464072707,0.113976853166714,False,True,False,1.951512993760951,1.951512993760951
248,balanced,8,48,48,48,-0.20922437719603693,0.005567508549609634,0.010909607949921796,0.20922437719603693,0.005567508549609634,0.010909607949921796,0.1107580706238758,0.08633319132822115,0.08128609296601344,0.1107580706238758,False,True,False,1.0909607949921796,1.0909607949921796
249,balanced,8,48,48,48,-0.7676436246643092,-0.02350988103834928,0.024946995007439687,0.7676436246643092,0.02350988103834928,0.024946995007439687,0.1055275489917637,0.09464640727066174,0.07795488970936287,0.1055275489917637,False,True,False,2.4946995007439687,2.4946995007439687
250,balanced,8,48,48,48,-1.2528270523955065,-0.033226521575332346,0.05497813667723905,1.2528270523955065,0.033226521575332346,0.05497813667723905,0.12859746284199564,0.1306565369686642,0.12864479787939032,0.1306565369686642,False,True,False,5.497813667723905,5.497813667723905
251,balanced,8,48,48,48,-0.5728218894411548,-0.0055828378984139615,0.0203342017152095,0.5728218894411548,0.0055828378984139615,0.0203342017152095,0.09174713623023763,0.09911365142478462,0.11660394774211871,0.11660394774211871,False,True,False,2.03342017152095,2.03342017152095
252,balanced,8,48,48,48,0.7465187965621922,0.019066500277438614,-0.02409779978362736,0.7465187965621922,0.019066500277438614,0.02409779978362736,0.09982367698570482,0.1220711445612042,0.09757526270945754,0.1220711445612042,False,True,False,2.409779978362736,2.409779978362736
253,balanced,8,48,48,48,-0.24576915713243963,0.004610379026452227,0.003815464448128303,0.24576915713243963,0.004610379026452227,0.003815464448128303,0.09848054529963078,0.0933506106219824,0.11971622645081889,0.11971622645081889,True,True,True,0.49153831426487926,0.8551159032201349
254,balanced,8,48,48,48,0.3449381648292942,0.014674076299983962,-0.019780138501952316,0.3449381648292942,0.014674076299983962,0.019780138501952316,0.1297749218971883,0.132295512638455,0.09465824103001041,0.132295512638455,False,True,False,1.9780138501952316,1.9780138501952316
255,balanced,8,48,48,48,-1.1627162835210392,-0.02692647826063721,0.02652513539040502,1.1627162835210392,0.02692647826063721,0.02652513539040502,0.1257455268389662,0.10375248508946322,0.12361545015620562,0.1257455268389662,False,True,False,2.692647826063721,2.692647826063721
256,balanced,8,48,48,48,-0.07540569118755869,0.008144090062498055,0.0012193837568851285,0.07540569118755869,0.008144090062498055,0.0012193837568851285,0.08265880905045915,0.091930559500142,0.06250591687967433,0.091930559500142,True,True,True,0.8144090062498055,0.8144090062498055
257,balanced,8,48,48,48,-1.2813521068503562,-0.019173363734166893,0.050111645682969885,1.2813521068503562,0.019173363734166893,0.050111645682969885,0.1484663447884124,0.14743089084540376,0.15917589699895862,0.15917589699895862,False,False,False,5.011164568296988,5.011164568296988
258,balanced,8,48,48,48,0.2658080715725788,0.014749595384915049,0.00743935777738125,0.2658080715725788,0.014749595384915049,0.00743935777738125,0.08678287418347061,0.08836859793619237,0.07506745242828741,0.08836859793619237,False,True,False,1.4749595384915049,1.4749595384915049
259,balanced,8,48,48,48,-0.17259958795801822,0.00316175953658282,-0.006038994445210055,0.17259958795801822,0.00316175953658282,0.006038994445210055,0.08879461327274449,0.09911956830445896,0.07562955599734923,0.09911956830445896,True,True,True,0.6038994445210055,0.7079969164604211
260,balanced,8,48,48,48,-0.4975162686119248,0.007202824067194302,-0.00559645261993591,0.4975162686119248,0.007202824067194302,0.00559645261993591,0.09955150052068541,0.11376976237811227,0.09022649815393353,0.11376976237811227,True,True,True,0.9950325372238495,0.9950325372238495
261,balanced,8,48,48,48,0.208610699454006,0.0007897126040048441,0.0037835708408993085,0.208610699454006,0.0007897126040048441,0.0037835708408993085,0.11710688251443718,0.10028519360030294,0.07639283347533844,0.11710688251443718,True,True,True,0.417221398908012,0.8364777322459798
262,balanced,8,48,48,48,-0.7380252024740166,-0.02390082728254972,0.030547958260968622,0.7380252024740166,0.02390082728254972,0.030547958260968622,0.1116396856953517,0.1380881378396289,0.14652560825523053,0.14652560825523053,False,False,False,3.054795826096862,3.054795826096862
263,balanced,8,48,48,48,-0.5326664389380973,-0.020262421929718055,0.00770655546580179,0.5326664389380973,0.020262421929718055,0.00770655546580179,0.1436973397708984,0.0935044494935151,0.0996343368361261,0.1436973397708984,False,False,False,2.0262421929718055,2.0262421929718055
264,balanced,8,48,48,48,-0.33830965968076043,-0.010091315223655029,0.012999487347845395,0.33830965968076043,0.010091315223655029,0.012999487347845395,0.06746426204676702,0.07157649342042981,0.08100208274164536,0.08100208274164536,False,True,False,1.2999487347845395,1.2999487347845395
265,balanced,8,48,48,48,-0.9544735095112848,-0.01690620855875946,0.02587073164924414,0.9544735095112848,0.01690620855875946,0.02587073164924414,0.13862065701031903,0.11287631354728771,0.1265738899933731,0.13862065701031903,False,True,False,2.587073164924414,2.587073164924414
266,balanced,8,48,48,48,-0.2207128943214407,-0.012697170378149658,0.020023960858528422,0.2207128943214407,0.012697170378149658,0.020023960858528422,0.08391318754141816,0.10629674334942725,0.11623710120230996,0.11623710120230996,False,True,False,2.0023960858528422,2.0023960858528422
267,balanced,8,48,48,48,0.025851056852999932,-0.006540906815609593,0.00937064559131251,0.025851056852999932,0.006540906815609593,0.00937064559131251,0.08013821830919246,0.06705599734923791,0.07873591782637508,0.08013821830919246,True,True,True,0.937064559131251,0.937064559131251
268,balanced,8,48,48,48,-0.5766399444351151,-0.029291481290142585,0.02650941218181857,0.5766399444351151,0.029291481290142585,0.02650941218181857,0.11319582504970178,0.13606456499100633,0.11952688630124018,0.13606456499100633,False,True,False,2.9291481290142585,2.9291481290142585
269,balanced,8,48,48,48,0.005869930862356654,0.004799945390342564,-0.01226452403769468,0.005869930862356654,0.004799945390342564,0.01226452403769468,0.09640963741361355,0.07533962889330682,0.10691801571523242,0.10691801571523242,False,True,False,1.226452403769468,1.226452403769468
270,balanced,8,48,48,48,-0.23792749059295204,-0.005579382691662138,0.022802777283458697,0.23792749059295204,0.005579382691662138,0.022802777283458697,0.11137934298968097,0.08419719776578624,0.10201883934488308,0.11137934298968097,False,True,False,2.2802777283458697,2.2802777283458697
271,balanced,8,48,48,48,0.8490373550643184,0.023825793947894858,-0.02046287299822347,0.8490373550643184,0.023825793947894858,0.02046287299822347,0.14567949446180062,0.14054955978415223,0.15022365805168986,0.15022365805168986,False,False,False,2.3825793947894858,2.3825793947894858
272,balanced,8,48,48,48,0.020190701761880092,-0.0017624694991918988,-0.016938850200479916,0.020190701761880092,0.0017624694991918988,0.016938850200479916,0.10135614882135757,0.11443836978131212,0.09848054529963078,0.11443836978131212,False,True,False,1.6938850200479916,1.6938850200479916
273,balanced,8,48,48,48,-0.6611066203524487,-0.03561525656668407,0.038992376305108045,0.6611066203524487,0.03561525656668407,0.038992376305108045,0.1313843131686074,0.12562127236580517,0.13886916595664112,0.13886916595664112,False,True,False,3.8992376305108043,3.8992376305108043
274,balanced,8,48,48,48,-0.5566459637095065,-0.007635015263042111,0.016018537111524622,0.5566459637095065,0.007635015263042111,0.016018537111524622,0.12060375840196914,0.10011952096942156,0.12675139638360314,0.12675139638360314,False,True,False,1.6018537111524622,1.6018537111524622
275,balanced,8,48,48,48,1.1015381474088706,0.031333848944424036,-0.035610237774184594,1.1015381474088706,0.031333848944424036,0.035610237774184594,0.17885543879579666,0.19165364953138314,0.13707043453564327,0.19165364953138314,False,False,False,3.5610237774184594,3.5610237774184594
276,balanced,8,48,48,48,0.23386035946902695,0.014278642322738011,-0.019540056813563578,0.23386035946902695,0.014278642322738011,0.019540056813563578,0.09948049796459339,0.1529750071002556,0.12238473918394395,0.1529750071002556,False,False,False,1.9540056813563578,1.9540056813563578
277,balanced,8,48,48,48,-0.17790167939764245,0.009791169425962476,0.010332655865642693,0.17790167939764245,0.009791169425962476,0.010332655865642693,0.0993444097320837,0.07987195872384739,0.07845782448168134,0.0993444097320837,False,True,False,1.0332655865642693,1.0332655865642693
278,balanced,8,48,48,48,-0.8593632917810936,-0.02243835095453428,0.02359750991619558,0.8593632917810936,0.02243835095453428,0.02359750991619558,0.10975811795891319,0.11020780081416265,0.11886419577771466,0.11886419577771466,False,True,False,2.359750991619558,2.359750991619558
279,balanced,8,48,48,48,-0.18119016699093393,-2.8707597535149176e-05,-0.000855070067624919,0.18119016699093393,2.8707597535149176e-05,0.000855070067624919,0.07987195872384739,0.09906631638738994,0.07462368645271229,0.09906631638738994,True,True,True,0.36238033398186786,0.7076165456242138
280,balanced,8,48,48,48,-0.6537286183447151,-0.017210732414206564,0.05166687669475356,0.6537286183447151,0.017210732414206564,0.05166687669475356,0.10791205150052069,0.08205528732367699,0.15265549559784153,0.15265549559784153,False,False,False,5.166687669475356,5.166687669475356
281,balanced,8,48,48,48,-0.20236396205521956,0.010465434552350494,0.005306187945052165,0.20236396205521956,0.010465434552350494,0.005306187945052165,0.13060920193126951,0.13527170311464545,0.08296056991385023,0.13527170311464545,False,True,False,1.0465434552350494,1.0465434552350494
282,balanced,8,48,48,48,0.27663346715667103,0.020631084329008287,-0.02090097156110482,0.27663346715667103,0.020631084329008287,0.02090097156110482,0.13256177222380006,0.10949185837356812,0.11442061914228913,0.13256177222380006,False,True,False,2.090097156110482,2.090097156110482
283,balanced,8,48,48,48,-0.534030848861768,-0.0035560142386765747,0.01094925893092591,0.534030848861768,0.0035560142386765747,0.01094925893092591,0.11770448736154501,0.07201434251633058,0.09207848149200037,0.11770448736154501,False,True,False,1.094925893092591,1.094925893092591
284,balanced,8,48,48,48,0.311837063112943,0.013996970018862687,-0.026099945413004866,0.311837063112943,0.013996970018862687,0.026099945413004866,0.11104799772791821,0.11121367035879959,0.10113722427340717,0.11121367035879959,False,True,False,2.6099945413004866,2.6099945413004866
285,balanced,8,48,48,48,-0.26312378458280605,0.003735734260200352,0.006867815202668381,0.26312378458280605,0.003735734260200352,0.006867815202668381,0.07375390514058507,0.09525584587711824,0.08132159424405945,0.09525584587711824,True,True,True,0.6867815202668381,0.6867815202668381
286,balanced,8,48,48,48,-0.7119285803247877,-0.0037196631370794986,0.03054488062790961,0.7119285803247877,0.0037196631370794986,0.03054488062790961,0.11889378017608634,0.10014910536779324,0.13603498059263466,0.13603498059263466,False,True,False,3.054488062790961,3.054488062790961
287,balanced,8,48,48,48,-0.43276388855874615,-0.0004810863622833894,0.017736077158966856,0.43276388855874615,0.0004810863622833894,0.017736077158966856,0.14412335510745053,0.11508922654548898,0.10409566411057465,0.14412335510745053,False,False,False,1.7736077158966856,1.7736077158966856
288,balanced,8,48,48,48,-0.6426987788289757,-0.009464121002834447,0.015740357810575867,0.6426987788289757,0.009464121002834447,0.015740357810575867,0.14599308908454037,0.16256626905235255,0.14646052257881284,0.16256626905235255,False,False,False,1.5740357810575867,1.5740357810575867
289,balanced,8,48,48,48,-0.7063183130035924,-0.008340379112840468,0.0172170418525186,0.7063183130035924,0.008340379112840468,0.0172170418525186,0.11660986462179306,0.09151637792293855,0.08819109154596232,0.11660986462179306,False,True,False,1.72170418525186,1.72170418525186
290,balanced,8,48,48,48,-0.031190329910359083,0.015585964655994156,0.00045822134484230226,0.031190329910359083,0.015585964655994156,0.00045822134484230226,0.07235160465776767,0.1020898419009751,0.06886064564991007,0.1020898419009751,False,True,False,1.5585964655994156,1.5585964655994156
291,balanced,8,48,48,48,-0.2349285226275022,0.0034610605350325896,0.005424765487457683,0.2349285226275022,0.0034610605350325896,0.005424765487457683,0.09910181766543595,0.10394774211871627,0.09437423080564233,0.10394774211871627,True,True,True,0.5424765487457683,0.7424838722765447
292,balanced,8,48,48,48,-0.5932515602518684,-0.024109763293346242,0.016928536434913155,0.5932515602518684,0.024109763293346242,0.016928536434913155,0.12308293098551548,0.15582694310328504,0.11459812553251918,0.15582694310328504,False,False,False,2.4109763293346242,2.4109763293346242
293,balanced,8,48,48,48,-0.4507318676719656,-0.02017992165076843,0.023690212911561037,0.4507318676719656,0.02017992165076843,0.023690212911561037,0.09577061440878538,0.14386892928145414,0.13736627851936004,0.14386892928145414,False,False,False,2.3690212911561037,2.3690212911561037
294,balanced,8,48,48,48,0.0249630072504452,0.003439545120914156,-0.0011421396186508948,0.0249630072504452,0.003439545120914156,0.0011421396186508948,0.06953516993278425,0.0780791441825239,0.07617982580706238,0.0780791441825239,True,True,True,0.3439545120914156,0.5577081727323135
295,balanced,8,48,48,48,-0.7440550268898107,-0.007893637954077048,0.04232376201321103,0.7440550268898107,0.007893637954077048,0.04232376201321103,0.16035927293382563,0.13236059831487268,0.19358846918489064,0.19358846918489064,False,False,False,4.232376201321103,4.232376201321103
296,balanced,8,48,48,48,-1.749280893922844,-0.05430235143888096,0.08535721161335075,1.749280893922844,0.05430235143888096,0.08535721161335075,0.1963575688724794,0.17375508851651994,0.2453434156962984,0.2453434156962984,False,False,False,8.535721161335074,8.535721161335074
297,balanced,8,48,48,48,0.013865347583184473,0.012707746387639718,-0.012026726417919686,0.013865347583184473,0.012707746387639718,0.012026726417919686,0.09537418347060495,0.10995929186784058,0.13174524282874184,0.13174524282874184,False,True,False,1.2707746387639718,1.2707746387639718
298,balanced,8,48,48,48,0.3019582687606288,0.024018434918046228,-0.02006878004787427,0.3019582687606288,0.024018434918046228,0.02006878004787427,0.0927411720155259,0.1036637318943482,0.09111403010508379,0.1036637318943482,False,True,False,2.4018434918046228,2.4018434918046228
299,balanced,8,48,48,48,0.14828150061676126,0.0004812536002386514,-0.009587522745808874,0.14828150061676126,0.0004812536002386514,0.009587522745808874,0.08707280128751302,0.09784152229480261,0.1034270567073748,0.1034270567073748,True,True,True,0.9587522745808874,0.9587522745808874
300,balanced,8,48,48,48,-0.24201221676766238,-0.006592107205471542,0.010371213163503645,0.24201221676766238,0.006592107205471542,0.010371213163503645,0.07657033986556849,0.06767135283536874,0.09235657483669413,0.09235657483669413,False,True,False,1.0371213163503645,1.0371213163503645
301,balanced,8,48,48,48,0.24243971296046496,0.00757651787114022,-0.019597124147594347,0.24243971296046496,0.00757651787114022,0.019597124147594347,0.07392549465114077,0.07039903436523715,0.07488402915838303,0.07488402915838303,False,True,False,1.9597124147594347,1.9597124147594347
302,balanced,8,48,48,48,-0.5907104354310988,0.0005081030091828032,0.006915392437273904,0.5907104354310988,0.0005081030091828032,0.006915392437273904,0.1118763608823251,0.08459954558364101,0.12465682097888857,0.12465682097888857,False,True,False,1.1814208708621976,1.1814208708621976
303,balanced,8,48,48,48,-0.20377090982698576,0.003218769516665443,0.02099919009265222,0.20377090982698576,0.003218769516665443,0.02099919009265222,0.08154051879200984,0.09711374609485941,0.0991432358231563,0.0991432358231563,False,True,False,2.099919009265222,2.099919009265222
304,balanced,8,48,48,48,0.1853600500812469,0.009121531731008825,-0.008735967561658509,0.1853600500812469,0.009121531731008825,0.008735967561658509,0.12240248982296696,0.11491763703493325,0.10288862065701032,0.12240248982296696,True,True,True,0.9121531731008825,0.9121531731008825
305,balanced,8,48,48,48,0.02233221717577294,0.0013971851379859235,0.009032318141256102,0.02233221717577294,0.0013971851379859235,0.009032318141256102,0.13072753952475621,0.11547382372432075,0.13240793335226736,0.13240793335226736,True,True,True,0.9032318141256102,0.9457709525161954
306,balanced,8,48,48,48,-0.13270276200872289,-0.007117397351941612,0.0030832283719823272,0.13270276200872289,0.007117397351941612,0.0030832283719823272,0.08564091640632396,0.10080587901164442,0.10401282779513396,0.10401282779513396,True,True,True,0.7117397351941612,0.7429487699652425
307,balanced,8,48,48,48,0.20289574650828612,0.015229459341485008,0.0037451874675301644,0.20289574650828612,0.015229459341485008,0.0037451874675301644,0.13742544731610337,0.14955505064849,0.1485018460664584,0.14955505064849,False,False,False,1.5229459341485008,1.5229459341485008
308,balanced,8,48,48,48,-0.37045651090243226,-0.006416826088111671,0.02622697114876793,0.37045651090243226,0.006416826088111671,0.02622697114876793,0.07168299725456784,0.07978320552873237,0.09355178453090977,0.09355178453090977,False,True,False,2.622697114876793,2.622697114876793
309,balanced,8,48,48,48,-0.42196026853824264,-0.01022986870396303,0.02667331928940525,0.42196026853824264,0.01022986870396303,0.02667331928940525,0.11314257313263278,0.08696629745337499,0.1145507904951245,0.1145507904951245,False,True,False,2.667331928940525,2.667331928940525
310,balanced,8,48,48,48,-1.3754892886886125,-0.054758600159368065,0.09104924494332989,1.3754892886886125,0.054758600159368065,0.09104924494332989,0.18977799867461895,0.2155400927766733,0.2442073747988261,0.2442073747988261,False,False,False,9.10492449433299,9.10492449433299
311,balanced,8,48,48,48,-0.2808697562624971,-0.002341564013442765,-0.005215404239228172,0.2808697562624971,0.002341564013442765,0.005215404239228172,0.10051595190760201,0.08376526554955978,0.07810281170122124,0.10051595190760201,True,True,True,0.5617395125249942,0.7179710850543001
312,balanced,8,48,48,48,-0.16831755054090536,-0.0215150613475652,0.014631435746271904,0.16831755054090536,0.0215150613475652,0.014631435746271904,0.07875958534507242,0.10266377922938559,0.12085818422796554,0.12085818422796554,False,True,False,2.15150613475652,2.15150613475652
313,balanced,8,48,48,48,-0.8461203318049186,-0.018150772168121,0.029903991929510543,0.8461203318049186,0.018150772168121,0.029903991929510543,0.1341474959765218,0.10397732651708795,0.11441470226261478,0.1341474959765218,False,True,False,2.9903991929510543,2.9903991929510543
314,balanced,8,48,48,48,0.05091314105106193,0.004649141913770971,-0.0026343907950379664,0.05091314105106193,0.004649141913770971,0.0026343907950379664,0.08612610053961943,0.09103711066931743,0.07570055855344125,0.09103711066931743,True,True,True,0.4649141913770971,0.6502650762094101
315,balanced,8,48,48,48,0.32510673590394035,0.01400544039767837,0.0033327822318370837,0.32510673590394035,0.01400544039767837,0.0033327822318370837,0.06016874940831203,0.11026105273123166,0.07610882325097036,0.11026105273123166,False,True,False,1.400544039767837,1.400544039767837
316,balanced,8,48,48,48,-0.008382433772979425,0.007370119403917963,-0.003167661987921566,0.008382433772979425,0.007370119403917963,0.003167661987921566,0.11095924453280318,0.09428547761052732,0.10772271135094197,0.11095924453280318,True,True,True,0.7370119403917963,0.7925660323771655
317,balanced,8,48,48,48,-0.1231446803817775,-0.002832233174523857,0.011518657911513575,0.1231446803817775,0.002832233174523857,0.011518657911513575,0.0714404051879201,0.08771182429234119,0.07681884881189056,0.08771182429234119,False,True,False,1.1518657911513575,1.1518657911513575
318,balanced,8,48,48,48,-0.19252476505532812,-0.019027981175861575,0.017611600464154165,0.19252476505532812,0.019027981175861575,0.017611600464154165,0.09985917826375083,0.11327866136514247,0.10411933162927199,0.11327866136514247,False,True,False,1.9027981175861575,1.9027981175861575
319,balanced,8,48,48,48,-0.03482201111416572,-0.0023424649128134245,0.0002111531073295536,0.03482201111416572,0.0023424649128134245,0.0002111531073295536,0.07206167755372526,0.07129840007573605,0.07260011360408974,0.07260011360408974,True,True,True,0.23424649128134245,0.5185722400292124
320,balanced,8,48,48,48,0.5242543676287497,0.007640551886079816,-0.02449483447154921,0.5242543676287497,0.007640551886079816,0.02449483447154921,0.11111900028401023,0.08898395342232321,0.09727350184606647,0.11111900028401023,False,True,False,2.449483447154921,2.449483447154921
321,balanced,8,48,48,48,-0.08260654819105895,0.006596207729100079,-0.0051300625727133675,0.08260654819105895,0.006596207729100079,0.0051300625727133675,0.07557630408028022,0.0720853450724226,0.08010271703114645,0.08010271703114645,True,True,True,0.6596207729100079,0.6596207729100079
322,balanced,8,48,48,48,-0.09651165616610058,0.011936574663836907,-0.00986283054642978,0.09651165616610058,0.011936574663836907,0.00986283054642978,0.09440381520401402,0.15225906465966108,0.09722616680867179,0.15225906465966108,False,False,False,1.1936574663836907,1.1936574663836907
323,balanced,8,48,48,48,-1.4471053422699214,-0.02794750955093006,0.052832911339843136,1.4471053422699214,0.02794750955093006,0.052832911339843136,0.15887413613556756,0.14023004828173813,0.14864976805831676,0.15887413613556756,False,False,False,5.283291133984314,5.283291133984314
324,balanced,8,48,48,48,-0.3315649172871282,-0.013772111275674459,0.027439766180956393,0.3315649172871282,0.013772111275674459,0.027439766180956393,0.08517939979172584,0.091895058222096,0.10556305026980971,0.10556305026980971,False,True,False,2.743976618095639,2.743976618095639
325,balanced,8,48,48,48,-0.12163759680684905,-0.012161173126479019,0.0038086873689726075,0.12163759680684905,0.012161173126479019,0.0038086873689726075,0.08320316198049796,0.09094835747420241,0.08110858657578339,0.09094835747420241,False,True,False,1.216117312647902,1.216117312647902
326,balanced,8,48,48,48,0.21633420971935635,0.010025870786229074,-0.009799788079590477,0.21633420971935635,0.010025870786229074,0.009799788079590477,0.08561724888762662,0.07567689103474391,0.0959244532803181,0.0959244532803181,False,True,False,1.0025870786229074,1.0025870786229074
327,balanced,8,48,48,48,0.26293133286543124,0.023339031995454285,-0.014882612735087841,0.26293133286543124,0.023339031995454285,0.014882612735087841,0.08121509040992142,0.14601083972356338,0.0881555902679163,0.14601083972356338,False,False,False,2.3339031995454285,2.3339031995454285
328,balanced,8,48,48,48,-1.0015529832452756,-0.009935205691934623,0.03234050935687527,1.0015529832452756,0.009935205691934623,0.03234050935687527,0.12505916879674334,0.09149862728391556,0.11127283915554294,0.12505916879674334,False,True,False,3.234050935687527,3.234050935687527
329,balanced,8,48,48,48,-0.39171277892689815,0.0073895343751895215,-0.0021748444165347047,0.39171277892689815,0.0073895343751895215,0.0021748444165347047,0.11543832244627474,0.14898703019975384,0.10835581747609581,0.14898703019975384,True,False,False,0.7834255578537963,1.0641930728553846
330,balanced,8,48,48,48,-0.9831852258453608,-0.021537585073591048,0.01196059437711472,0.9831852258453608,0.021537585073591048,0.01196059437711472,0.15550151472119664,0.14653152513490486,0.08944547003692133,0.15550151472119664,False,False,False,2.153758507359105,2.153758507359105
331,balanced,8,48,48,48,0.41220284092325343,0.005145053800064803,-0.016851400252486493,0.41220284092325343,0.005145053800064803,0.016851400252486493,0.14524164536589984,0.13356172488876267,0.12066884407838682,0.14524164536589984,False,False,False,1.6851400252486493,1.6851400252486493
332,balanced,8,48,48,48,-0.27760157398481056,0.0156282255909036,-0.014569147406821747,0.27760157398481056,0.0156282255909036,0.014569147406821747,0.1108113225409448,0.18797926725362113,0.11488805263656159,0.18797926725362113,False,False,False,1.56282255909036,1.56282255909036
333,balanced,8,48,48,48,-0.36608049682868327,-0.001786223812779486,0.00851408897210576,0.36608049682868327,0.001786223812779486,0.00851408897210576,0.11852693363627757,0.09730308624443813,0.0801618858278898,0.11852693363627757,True,True,True,0.851408897210576,0.851408897210576
334,balanced,8,48,48,48,-0.48403918159103654,-0.012571452075124445,0.022608516432910064,0.48403918159103654,0.012571452075124445,0.022608516432910064,0.10014910536779324,0.06736959197197766,0.1031726308813784,0.1031726308813784,False,True,False,2.2608516432910064,2.2608516432910064
335,balanced,8,48,48,48,-0.004538013657914064,0.0012678741029092944,-0.009887273573061628,0.004538013657914064,0.0012678741029092944,0.009887273573061628,0.11149768058316765,0.09613746094859416,0.0659377070907886,0.11149768058316765,True,True,True,0.9887273573061628,0.9887273573061628
336,balanced,8,48,48,48,-1.0184541484922711,-0.021822233884415176,0.05675243579094014,1.0184541484922711,0.021822233884415176,0.05675243579094014,0.1683470604941778,0.16532353498059263,0.20262946132727444,0.20262946132727444,False,False,False,5.675243579094014,5.675243579094014
337,balanced,8,48,48,48,-0.19682388913734883,-0.002133581676961094,-0.007779517593538898,0.19682388913734883,0.002133581676961094,0.007779517593538898,0.08695446369402632,0.07870041654832907,0.10474652087475149,0.10474652087475149,True,True,True,0.7779517593538898,0.7779517593538898
338,balanced,8,48,48,48,-0.07645546805964187,0.00913006885460943,-0.001293838173826778,0.07645546805964187,0.00913006885460943,0.001293838173826778,0.07268886679920478,0.08170619142289122,0.10110172299536116,0.10110172299536116,True,True,True,0.913006885460943,0.913006885460943
339,balanced,8,48,48,48,-0.6130164306570869,-0.020924246449154027,0.0201899833877337,0.6130164306570869,0.020924246449154027,0.0201899833877337,0.09373520780081417,0.0909128561961564,0.09854563097604847,0.09854563097604847,False,True,False,2.0924246449154027,2.0924246449154027
340,balanced,8,48,48,48,-0.4564030310719964,-0.007084118091941649,0.0031759351702475014,0.4564030310719964,0.007084118091941649,0.0031759351702475014,0.09588895200227208,0.07903176181009183,0.08791891508094292,0.09588895200227208,True,True,True,0.9128060621439928,0.9128060621439928
341,balanced,8,48,48,48,-0.2576642375399345,-0.010571635528287215,0.010823223046902697,0.2576642375399345,0.010571635528287215,0.010823223046902697,0.06877780933446938,0.08942771939789833,0.07583072990627662,0.08942771939789833,False,True,False,1.0823223046902697,1.0823223046902697
342,balanced,8,48,48,48,0.020313467461903656,0.004682253535706948,0.016540481792086226,0.020313467461903656,0.004682253535706948,0.016540481792086226,0.05087924831960617,0.07021561109533277,0.08414394584871722,0.08414394584871722,False,True,False,1.6540481792086226,1.6540481792086226
343,balanced,8,48,48,48,-0.41562801015469475,-0.02505501659103282,0.019800793928348603,0.41562801015469475,0.02505501659103282,0.019800793928348603,0.0721504307488403,0.12111261005396194,0.07983054056612705,0.12111261005396194,False,True,False,2.505501659103282,2.505501659103282
344,balanced,8,48,48,48,0.18455164221826692,-0.004252818613132536,-0.0055160838279182944,0.18455164221826692,0.004252818613132536,0.0055160838279182944,0.12270425068635804,0.08488355580800909,0.1445079522862823,0.1445079522862823,True,False,False,0.5516083827918294,1.0321996591877307
345,balanced,8,48,48,48,-0.2438063165754123,-0.00693629546848995,-0.009260412222451664,0.2438063165754123,0.00693629546848995,0.009260412222451664,0.09916690334185364,0.07963528353687399,0.07975362113036069,0.09916690334185364,True,True,True,0.9260412222451664,0.9260412222451664
346,balanced,8,48,48,48,-0.8470309318313589,-0.008060258392374675,0.013026285766879031,0.8470309318313589,0.008060258392374675,0.013026285766879031,0.09722616680867179,0.07419767111616019,0.10755112184038626,0.10755112184038626,False,True,False,1.6940618636627178,1.6940618636627178
347,balanced,8,48,48,48,-1.86710166347126,-0.04246586115547035,0.06484791675825308,1.86710166347126,0.04246586115547035,0.06484791675825308,0.1516022910158099,0.17160134431506202,0.1631816245384834,0.17160134431506202,False,False,False,6.484791675825307,6.484791675825307
348,balanced,8,48,48,48,-0.769941463193252,-0.021543430054069446,0.04268577967081921,0.769941463193252,0.021543430054069446,0.04268577967081921,0.12416571996591877,0.1193789643093818,0.09837404146549275,0.12416571996591877,False,True,False,4.268577967081921,4.268577967081921
349,balanced,8,48,48,48,-0.3109109343299892,-0.0036199271816823586,-0.0017219767850448209,0.3109109343299892,0.0036199271816823586,0.0017219767850448209,0.10516070245195494,0.09368787276341949,0.09724391744769478,0.10516070245195494,True,True,True,0.6218218686599783,0.751147874656821
350,balanced,8,48,48,48,0.639729624866419,0.0274219638219666,-0.034987051267231783,0.639729624866419,0.0274219638219666,0.034987051267231783,0.12013040802802234,0.14341924642620468,0.1816600397614314,0.1816600397614314,False,False,False,3.4987051267231783,3.4987051267231783
351,balanced,8,48,48,48,-0.8979217947731257,-0.0156913398592482,0.03507508757146105,0.8979217947731257,0.0156913398592482,0.03507508757146105,0.12211847959859888,0.12546151661459812,0.12668039382751112,0.12668039382751112,False,True,False,3.507508757146105,3.507508757146105
352,balanced,8,48,48,48,-0.7418557943115758,-0.019656388599555097,0.017339296566887874,0.7418557943115758,0.019656388599555097,0.017339296566887874,0.10235018460664584,0.09244532803180915,0.10077037773359841,0.10235018460664584,False,True,False,1.9656388599555097,1.9656388599555097
353,balanced,8,48,48,48,-0.6324031691958467,0.0043127183974970285,0.0004219845147865886,0.6324031691958467,0.0043127183974970285,0.0004219845147865886,0.10775229574931364,0.10484710782921519,0.10714877402253148,0.10775229574931364,False,True,False,1.2648063383916934,1.2648063383916934
354,balanced,8,48,48,48,0.5906994202524309,0.019653846930581476,-0.03413575149829806,0.5906994202524309,0.019653846930581476,0.03413575149829806,0.10897117296222664,0.12174571617911578,0.11473421376502888,0.12174571617911578,False,True,False,3.413575149829806,3.413575149829806
355,balanced,8,48,48,48,-0.12188340636190631,-0.0012114568440924067,0.007738182481944356,0.12188340636190631,0.0012114568440924067,0.007738182481944356,0.08752248414276247,0.10248627283915554,0.12208889520022721,0.12208889520022721,True,True,True,0.7738182481944356,0.87206353714448
356,balanced,8,48,48,48,0.3077653903554065,0.010889185082036512,-0.02522536894374111,0.3077653903554065,0.010889185082036512,0.02522536894374111,0.08048731420997822,0.08559949824860362,0.10882325097036827,0.10882325097036827,False,True,False,2.522536894374111,2.522536894374111
357,balanced,8,48,48,48,-0.7732300898640894,-0.02292517468470434,0.010794997764074443,0.7732300898640894,0.02292517468470434,0.010794997764074443,0.13987503550127806,0.14483929754804506,0.08922654548897094,0.14483929754804506,False,False,False,2.292517468470434,2.292517468470434
358,balanced,8,48,48,48,-0.7473214607646277,-0.015889515369018836,0.021841339229240475,0.7473214607646277,0.015889515369018836,0.021841339229240475,0.12373970462936666,0.10016685600681624,0.1117580232888384,0.12373970462936666,False,True,False,2.1841339229240475,2.1841339229240475
359,balanced,8,48,48,48,-0.3759373964081192,-0.014426167943955459,0.017233166461133376,0.3759373964081192,0.014426167943955459,0.017233166461133376,0.06391413424216605,0.08893070150525419,0.06203256650572754,0.08893070150525419,False,True,False,1.7233166461133376,1.7233166461133376
360,balanced,8,48,48,48,0.14917749750514986,0.0037566157540868117,0.004972568485830775,0.14917749750514986,0.0037566157540868117,0.004972568485830775,0.11734947458108493,0.08414394584871722,0.0825818896146928,0.11734947458108493,True,True,True,0.4972568485830775,0.838210532722035
361,balanced,8,48,48,48,-0.7597914081026751,-0.01843798335778779,0.004446099750641863,0.7597914081026751,0.01843798335778779,0.004446099750641863,0.13299962131970083,0.08851060304837641,0.11291773170500805,0.13299962131970083,False,True,False,1.843798335778779,1.843798335778779
362,balanced,8,48,48,48,-0.17869863323466006,0.011700999102114973,-0.0004877988193739413,0.17869863323466006,0.011700999102114973,0.0004877988193739413,0.06680748840291584,0.0721504307488403,0.06976001136040898,0.0721504307488403,False,True,False,1.1700999102114973,1.1700999102114973
363,balanced,8,48,48,48,0.014953996617634857,0.010012382130939801,0.0059979366349128815,0.014953996617634857,0.010012382130939801,0.0059979366349128815,0.08810825523052163,0.1357864716463126,0.10350989302281549,0.1357864716463126,False,True,False,1.00123821309398,1.00123821309398
364,balanced,8,48,48,48,-1.5098542313982755,-0.029494481050850174,0.04859869547431134,1.5098542313982755,0.029494481050850174,0.04859869547431134,0.1554127615260816,0.11985823156300293,0.1439813499952665,0.1554127615260816,False,False,False,4.859869547431134,4.859869547431134
365,balanced,8,48,48,48,-0.38574359230300104,-0.01721991898008257,0.017101143414720243,0.38574359230300104,0.01721991898008257,0.017101143414720243,0.10711327274448547,0.06876597557512071,0.10779963078670832,0.10779963078670832,False,True,False,1.7219918980082571,1.7219918980082571
366,balanced,8,48,48,48,-0.22750158520634756,-0.0036173095443656766,0.0012100834144347372,0.22750158520634756,0.0036173095443656766,0.0012100834144347372,0.06667731705008047,0.0872384739183944,0.09422039193410962,0.09422039193410962,True,True,True,0.4550031704126951,0.6730027995293544
367,balanced,8,48,48,48,-1.240975950281758,-0.03628348299749906,0.03227403224999159,1.240975950281758,0.03628348299749906,0.03227403224999159,0.16872574079333522,0.18483148726687493,0.11561582883650479,0.18483148726687493,False,False,False,3.628348299749906,3.628348299749906
368,balanced,8,48,48,48,-0.44694029700858096,0.0016475606571820789,0.009651128596261271,0.44694029700858096,0.0016475606571820789,0.009651128596261271,0.13015360219634572,0.14168560068162453,0.0916938843131686,0.14168560068162453,True,False,False,0.9651128596261271,1.0120400048687466
369,balanced,8,48,48,48,-0.2863775433311133,-0.003966741774360738,0.03006766612884304,0.2863775433311133,0.003966741774360738,0.03006766612884304,0.07880100350279277,0.0580978415222948,0.10687659755751207,0.10687659755751207,False,True,False,3.006766612884304,3.006766612884304
370,balanced,8,48,48,48,0.5508486488253013,0.016101379678764682,-0.025392627803664025,0.5508486488253013,0.016101379678764682,0.025392627803664025,0.11671045157625674,0.1308399602385686,0.10374065133011455,0.1308399602385686,False,True,False,2.5392627803664025,2.5392627803664025
371,balanced,8,48,48,48,-0.49214912863680027,-0.028735690950235204,0.041726475742281,0.49214912863680027,0.028735690950235204,0.041726475742281,0.11027288649058033,0.11149176370349333,0.13750236675186972,0.13750236675186972,False,True,False,4.1726475742281,4.1726475742281
372,balanced,8,48,48,48,-0.08525325270592532,0.006154360980907159,0.0038833848721714914,0.08525325270592532,0.006154360980907159,0.0038833848721714914,0.11373426110006626,0.1283016188582789,0.15274424879295653,0.15274424879295653,True,False,False,0.6154360980907159,1.091030348521118
373,balanced,8,48,48,48,-0.06918890686930013,0.008131366954364672,-0.02145899156486636,0.06918890686930013,0.008131366954364672,0.02145899156486636,0.08819109154596232,0.11071073558648112,0.14262046767016945,0.14262046767016945,False,False,False,2.1458991564866357,2.1458991564866357
374,balanced,8,48,48,48,-0.027500206352293333,-0.00047950994360568266,-0.00539464479690388,0.027500206352293333,0.00047950994360568266,0.00539464479690388,0.08410844457067121,0.11234379437659756,0.09871130360692985,0.11234379437659756,True,True,True,0.539464479690388,0.8024556741185539
375,balanced,8,48,48,48,0.5028753339042638,0.015063089118519724,-0.018964345716616204,0.5028753339042638,0.015063089118519724,0.018964345716616204,0.10390632396099593,0.10755112184038626,0.09126195209694216,0.10755112184038626,False,True,False,1.8964345716616204,1.8964345716616204
376,balanced,8,48,48,48,0.5749897419204899,0.009274593975264533,-0.02980651232481568,0.5749897419204899,0.009274593975264533,0.02980651232481568,0.10128514626526555,0.06990793335226735,0.09163471551642526,0.10128514626526555,False,True,False,2.980651232481568,2.980651232481568
377,balanced,8,48,48,48,-0.8773295920302928,-0.017551782120149628,0.0193061654821729,0.8773295920302928,0.017551782120149628,0.0193061654821729,0.14298731420997823,0.13296412004165484,0.15341285619615638,0.15341285619615638,False,False,False,1.93061654821729,1.93061654821729
378,balanced,8,48,48,48,-0.18809772940574732,-0.004391244191806365,0.004944755856513217,0.18809772940574732,0.004391244191806365,0.004944755856513217,0.11378159613746094,0.10188866799204771,0.1309760484710783,0.1309760484710783,True,True,True,0.49447558565132166,0.9355432033648449
379,balanced,8,48,48,48,-1.1235041957308667,-0.026336698372046996,0.03226053536801887,1.1235041957308667,0.026336698372046996,0.03226053536801887,0.13950818896146927,0.09530318091451292,0.13776862633721482,0.13950818896146927,False,True,False,3.2260535368018872,3.2260535368018872
380,balanced,8,48,48,48,-1.9075402956416276,-0.035867878435930756,0.04727293683458805,1.9075402956416276,0.035867878435930756,0.04727293683458805,0.1639153176181009,0.1671814351983338,0.18768934014957872,0.18768934014957872,False,False,False,4.7272936834588055,4.7272936834588055
381,balanced,8,48,48,48,-0.2121600052922794,0.0017789522668911761,0.006605945300255545,0.2121600052922794,0.0017789522668911761,0.006605945300255545,0.09585345072422607,0.08396052257881284,0.06621580043548235,0.09585345072422607,True,True,True,0.6605945300255545,0.6846675051730433
382,balanced,8,48,48,48,-0.24096528105043546,0.010648097953318447,-0.009430345996027933,0.24096528105043546,0.010648097953318447,0.009430345996027933,0.08481255325191707,0.07836907128656631,0.10987645555239989,0.10987645555239989,False,True,False,1.0648097953318447,1.0648097953318447
383,balanced,8,48,48,48,-0.19736730468373764,0.005313648642220947,-0.007256626844461211,0.19736730468373764,0.005313648642220947,0.007256626844461211,0.08401377449588185,0.10423175234308435,0.08621485373473445,0.10423175234308435,True,True,True,0.7256626844461211,0.7445125167363167
384,balanced,8,48,48,48,-0.4158994993775593,-0.006547879938165746,0.00697490488111463,0.4158994993775593,0.006547879938165746,0.00697490488111463,0.08553441257218593,0.06990201647259302,0.05221646312600587,0.08553441257218593,True,True,True,0.8317989987551186,0.8317989987551186
385,balanced,8,48,48,48,-0.34539075108462924,-0.0029499511061914507,0.004449953563455344,0.34539075108462924,0.0029499511061914507,0.004449953563455344,0.13677459055192653,0.1255621035690618,0.12339060872858089,0.13677459055192653,True,True,True,0.6907815021692585,0.9769613610851894
386,balanced,8,48,48,48,-0.5472119789530439,-0.008422984320800797,0.014874237207019192,0.5472119789530439,0.008422984320800797,0.014874237207019192,0.0922678216415791,0.08917921045157626,0.12912406513301145,0.12912406513301145,False,True,False,1.4874237207019192,1.4874237207019192
387,balanced,8,48,48,48,-0.05262096138894634,-0.01467483821151716,0.021114875956072365,0.05262096138894634,0.01467483821151716,0.021114875956072365,0.06660039761431412,0.1152963173340907,0.08921471172962227,0.1152963173340907,False,True,False,2.1114875956072363,2.1114875956072363
388,balanced,8,48,48,48,0.244605864961013,0.005389195666828495,-0.011899193200027691,0.244605864961013,0.005389195666828495,0.011899193200027691,0.0582161791157815,0.08752248414276247,0.09677648395342232,0.09677648395342232,False,True,False,1.1899193200027691,1.1899193200027691
389,balanced,8,48,48,48,-0.6698825201600407,-0.02930853691089297,0.028360907459576534,0.6698825201600407,0.02930853691089297,0.028360907459576534,0.1443896146927956,0.1321771750449683,0.12497633248130266,0.1443896146927956,False,False,False,2.930853691089297,2.930853691089297
390,balanced,8,48,48,48,0.10881023196277084,0.013699609896659193,-0.02789145792902087,0.10881023196277084,0.013699609896659193,0.02789145792902087,0.06314493988450251,0.12173388241976711,0.09418489065606361,0.12173388241976711,False,True,False,2.7891457929020866,2.7891457929020866
391,balanced,8,48,48,48,-0.04336716147357578,-0.005582076697430272,-0.005642817194939642,0.04336716147357578,0.005582076697430272,0.005642817194939642,0.06651164441919909,0.12062742592066648,0.08746331534601913,0.12062742592066648,True,True,True,0.5642817194939642,0.8616244708619034
392,balanced,8,48,48,48,-0.13841427775324533,0.009847023324289661,-0.020953864474525796,0.13841427775324533,0.009847023324289661,0.020953864474525796,0.11758023288838398,0.06058884786518982,0.09465824103001041,0.11758023288838398,False,True,False,2.0953864474525794,2.0953864474525794
393,balanced,8,48,48,48,-0.24434029471976615,0.0003486152600434833,0.0033904179830793746,0.24434029471976615,0.0003486152600434833,0.0033904179830793746,0.11752106409164063,0.05722806021016757,0.0743692606267159,0.11752106409164063,True,True,True,0.4886805894395323,0.8394361720831474
394,balanced,8,48,48,48,-0.39764373910529827,0.020260170212507367,-0.004926452019617278,0.39764373910529827,0.020260170212507367,0.004926452019617278,0.11320174192937613,0.11857426867367225,0.0971965824103001,0.11857426867367225,False,True,False,2.0260170212507367,2.0260170212507367
395,balanced,8,48,48,48,0.06469905960463862,0.006912730123717736,-0.014794452498411492,0.06469905960463862,0.006912730123717736,0.014794452498411492,0.09697765786234971,0.09016141247751586,0.11876360882325097,0.11876360882325097,False,True,False,1.4794452498411492,1.4794452498411492
396,balanced,8,48,48,48,-0.4873036683807257,-0.0051878646154015495,0.014101425346552787,0.4873036683807257,0.0051878646154015495,0.014101425346552787,0.10277028306352362,0.09890064375650857,0.09177080374893497,0.10277028306352362,False,True,False,1.4101425346552787,1.4101425346552787
397,balanced,8,48,48,48,-0.13443632336552724,0.004991417240220786,0.007740487582926114,0.13443632336552724,0.004991417240220786,0.007740487582926114,0.0873745621509041,0.08843960049228439,0.15877354918110384,0.15877354918110384,True,False,False,0.7740487582926114,1.1340967798650272
398,balanced,8,48,48,48,0.11024539259969401,0.006301767613609011,-0.012739097305939251,0.11024539259969401,0.006301767613609011,0.012739097305939251,0.07557038720060588,0.0904750071002556,0.07936310707185458,0.0904750071002556,False,True,False,1.273909730593925,1.273909730593925
399,balanced,8,48,48,48,-0.23809698633451148,-0.009655571742734903,0.009473323905164477,0.23809698633451148,0.009655571742734903,0.009473323905164477,0.13269786045630977,0.08546341001609391,0.07883650478083877,0.13269786045630977,True,True,True,0.9655571742734903,0.9655571742734903
0,balanced,10,60,60,60,-0.9854952237218093,-0.032295795916399195,0.043438393643691675,0.9854952237218093,0.032295795916399195,0.043438393643691675,0.1478604563097605,0.12644135188866798,0.15203067310423174,0.15203067310423174,False,False,False,4.343839364369168,4.343839364369168
1,balanced,10,60,60,60,0.07561330187215631,0.013456157705306282,-0.006823023387596772,0.07561330187215631,0.013456157705306282,0.006823023387596772,0.09848054529963078,0.0973113698759822,0.07788033702546625,0.09848054529963078,False,True,False,1.3456157705306282,1.3456157705306282
2,balanced,10,60,60,60,-0.5234549901097125,-0.01950894980518092,0.023485100911254164,0.5234549901097125,0.01950894980518092,0.023485100911254164,0.07476095806115687,0.07864716463126006,0.09165483290731799,0.09165483290731799,False,True,False,2.348510091125416,2.348510091125416
3,balanced,10,60,60,60,-0.2765620610326778,-0.000967833041033539,-0.0015596612456496572,0.2765620610326778,0.000967833041033539,0.0015596612456496572,0.10369686642052448,0.08115592161317807,0.0820221527975007,0.10369686642052448,True,True,True,0.5531241220653556,0.7406919030037462
4,balanced,10,60,60,60,-0.590524091443406,-0.004223170021057654,0.0017762912647869555,0.590524091443406,0.004223170021057654,0.0017762912647869555,0.11982864716463126,0.09777998674618953,0.06573416642999148,0.11982864716463126,False,True,False,1.181048182886812,1.181048182886812
5,balanced,10,60,60,60,-0.624500312527978,-0.011148440230767998,0.007640746381078589,0.624500312527978,0.011148440230767998,0.007640746381078589,0.09114361450345546,0.08792009845687779,0.10858657578339487,0.10858657578339487,False,True,False,1.249000625055956,1.249000625055956
6,balanced,10,60,60,60,0.05549047179925637,0.017702859502155888,-0.006753955015346869,0.05549047179925637,0.017702859502155888,0.006753955015346869,0.08868692606267159,0.12350184606645839,0.0644892549465114,0.12350184606645839,False,True,False,1.7702859502155888,1.7702859502155888
7,balanced,10,60,60,60,0.2198210496495605,0.012256232759473962,-0.026582687947954542,0.2198210496495605,0.012256232759473962,0.026582687947954542,0.11625485184133295,0.08366467859509609,0.14157436334374704,0.14157436334374704,False,False,False,2.658268794795454,2.658268794795454
8,balanced,10,60,60,60,-0.22207573862965901,0.0014699134837773409,0.0010806009383935722,0.22207573862965901,0.0014699134837773409,0.0010806009383935722,0.0733977089841901,0.09133295465303418,0.10940547193032282,0.10940547193032282,True,True,True,0.44415147725931803,0.7814676566451629
9,balanced,10,60,60,60,-0.38341457657113764,-0.011684365211806269,0.017020967623784022,0.38341457657113764,0.011684365211806269,0.017020967623784022,0.08472971693647638,0.1155826943103285,0.09979645933920288,0.1155826943103285,False,True,False,1.7020967623784022,1.7020967623784022
10,balanced,10,60,60,60,-0.2998574953486326,0.007305353245257273,-0.0032039380111359983,0.2998574953486326,0.007305353245257273,0.0032039380111359983,0.08570008520306731,0.10079522862823062,0.09127615260816056,0.10079522862823062,True,True,True,0.7305353245257273,0.7305353245257273
11,balanced,10,60,60,60,-0.24285452179213962,-0.004058137674015194,0.005449997965191411,0.24285452179213962,0.004058137674015194,0.005449997965191411,0.11137934298968097,0.07032093155353593,0.08659945091356622,0.11137934298968097,True,True,True,0.5449997965191411,0.7955667356405782
12,balanced,10,60,60,60,0.38232783663174885,0.008414866388954834,-0.010298830684329907,0.38232783663174885,0.008414866388954834,0.010298830684329907,0.09209978225882798,0.16386443245290164,0.07709457540471457,0.16386443245290164,False,False,False,1.0298830684329907,1.17046023180644
13,balanced,10,60,60,60,-0.9540677290370176,-0.017425595361869495,0.03172669853637039,0.9540677290370176,0.017425595361869495,0.03172669853637039,0.12458108491905709,0.10875224841427625,0.09483101391650099,0.12458108491905709,False,True,False,3.172669853637039,3.172669853637039
14,balanced,10,60,60,60,-1.6294176480381921,-0.0386044354626347,0.061951675411258234,1.6294176480381921,0.0386044354626347,0.061951675411258234,0.1819937517750639,0.21643472498343275,0.17593960049228438,0.21643472498343275,False,False,False,6.195167541125823,6.195167541125823
15,balanced,10,60,60,60,-0.8160670341263412,-0.025215686498960777,0.0285867876894218,0.8160670341263412,0.025215686498960777,0.0285867876894218,0.11408690712865663,0.11482060020827417,0.13015715232415034,0.13015715232415034,False,True,False,2.85867876894218,2.85867876894218
16,balanced,10,60,60,60,-0.1415174704005686,0.00030405706278402445,0.002054481974436917,0.1415174704005686,0.00030405706278402445,0.002054481974436917,0.08008614976805832,0.06081132254094481,0.07133863485752154,0.08008614976805832,True,True,True,0.2830349408011372,0.5720439269147022
17,balanced,10,60,60,60,-0.1947104514846849,0.004058703642208283,0.007725543425673165,0.1947104514846849,0.004058703642208283,0.007725543425673165,0.1094386064564991,0.11259111994698476,0.07725551453185649,0.11259111994698476,True,True,True,0.7725543425673165,0.8042222853356054
18,balanced,10,60,60,60,-0.065619617820726,0.013859123350301705,-0.015316396620180472,0.065619617820726,0.013859123350301705,0.015316396620180472,0.08622077061440879,0.12266401590457257,0.0759538010035028,0.12266401590457257,False,True,False,1.5316396620180472,1.5316396620180472
19,balanced,10,60,60,60,-0.625327919047038,-0.015163858372848504,0.02724510526527385,0.625327919047038,0.015163858372848504,0.02724510526527385,0.1022010792388526,0.11966297453374988,0.10923033229196251,0.11966297453374988,False,True,False,2.724510526527385,2.724510526527385
20,balanced,10,60,60,60,0.5478057482630412,0.002332803469020539,-0.012225518975462313,0.5478057482630412,0.002332803469020539,0.012225518975462313,0.1050506484900123,0.0433683612610054,0.07844362397046294,0.1050506484900123,False,True,False,1.2225518975462313,1.2225518975462313
21,balanced,10,60,60,60,-0.5958533506800734,-0.019255078970274564,0.038624500566416864,0.5958533506800734,0.019255078970274564,0.038624500566416864,0.12931932216226452,0.14049985799488782,0.1392738805263656,0.14049985799488782,False,False,False,3.8624500566416864,3.8624500566416864
22,balanced,10,60,60,60,-0.6820942303747337,-0.02244378590472651,0.02803699065863513,0.6820942303747337,0.02244378590472651,0.02803699065863513,0.10388147306636372,0.10744106787844362,0.11806778377354918,0.11806778377354918,False,True,False,2.803699065863513,2.803699065863513
23,balanced,10,60,60,60,-0.14270436577104206,-0.0024751895555662484,0.005369984814220852,0.14270436577104206,0.0024751895555662484,0.005369984814220852,0.06153081510934394,0.07419293761242071,0.04836694120988356,0.07419293761242071,True,True,True,0.5369984814220852,0.5369984814220852
24,balanced,10,60,60,60,-0.9650270522842455,-0.027922711411000223,0.025356758841568905,0.9650270522842455,0.027922711411000223,0.025356758841568905,0.09081700274543217,0.11665719965918774,0.08369781312127236,0.11665719965918774,False,True,False,2.7922711411000223,2.7922711411000223
25,balanced,10,60,60,60,-0.781605297447328,-0.027784169851622686,0.054904784966204656,0.781605297447328,0.027784169851622686,0.054904784966204656,0.1165577960806589,0.12843889046672347,0.16403010508378302,0.16403010508378302,False,False,False,5.490478496620465,5.490478496620465
26,balanced,10,60,60,60,-0.1480770012944852,0.014639047146955075,0.005950822143450052,0.1480770012944852,0.014639047146955075,0.005950822143450052,0.05356906181955884,0.09634573511313074,0.05016093912714191,0.09634573511313074,False,True,False,1.4639047146955075,1.4639047146955075
27,balanced,10,60,60,60,-0.2006298443883665,-0.0022213370987583803,-0.0012070028521666831,0.2006298443883665,0.0022213370987583803,0.0012070028521666831,0.060484710782921516,0.07327463788696394,0.0959670548139733,0.0959670548139733,True,True,True,0.401259688776733,0.6854789629569521
28,balanced,10,60,60,60,-0.34664868327078224,-0.0019273496060382422,0.006113567596867153,0.34664868327078224,0.0019273496060382422,0.006113567596867153,0.08561014863201742,0.09007857616207517,0.09679068446464073,0.09679068446464073,True,True,True,0.6932973665415645,0.6932973665415645
29,balanced,10,60,60,60,-0.9535037101516721,-0.01508187566089747,0.030416507543319038,0.9535037101516721,0.01508187566089747,0.030416507543319038,0.1819511502414087,0.12881283726214143,0.11607497869923317,0.1819511502414087,False,False,False,3.041650754331904,3.041650754331904
30,balanced,10,60,60,60,-0.14950767171483648,0.004407101234912281,-0.023581008405790138,0.14950767171483648,0.004407101234912281,0.023581008405790138,0.06375556186689388,0.06931742876076873,0.10817949446180063,0.10817949446180063,False,True,False,2.358100840579014,2.358100840579014
31,balanced,10,60,60,60,-0.2513045053888838,0.0031885652354547434,-0.001724268785422367,0.2513045053888838,0.0031885652354547434,0.001724268785422367,0.11980971314967338,0.08987030199753858,0.10310044494935151,0.11980971314967338,True,True,True,0.5026090107777677,0.8557836653548098
32,balanced,10,60,60,60,-0.07171140325166903,-0.004070863265674407,0.01308342872430307,0.07171140325166903,0.004070863265674407,0.01308342872430307,0.07788980403294518,0.0805026980971315,0.08235823156300294,0.08235823156300294,False,True,False,1.308342872430307,1.308342872430307
33,balanced,10,60,60,60,0.03190430986781578,0.0004824850570355199,-0.008487680967952826,0.03190430986781578,0.0004824850570355199,0.008487680967952826,0.09129035311937897,0.07057180725172772,0.0858941588563855,0.09129035311937897,True,True,True,0.8487680967952826,0.8487680967952826
34,balanced,10,60,60,60,0.156124259908065,0.014224624992528856,-0.01333459874372278,0.156124259908065,0.014224624992528856,0.01333459874372278,0.08705860077629461,0.09834800719492569,0.10752627094575405,0.10752627094575405,False,True,False,1.4224624992528856,1.4224624992528856
35,balanced,10,60,60,60,0.0035295425643688816,-0.001851173876604717,-0.003102033626343259,0.0035295425643688816,0.001851173876604717,0.003102033626343259,0.061620751680393826,0.06842753005774875,0.05185079996213197,0.06842753005774875,True,True,True,0.3102033626343259,0.48876807184106247
36,balanced,10,60,60,60,-0.380917555213923,-0.002337557712078775,0.021268831773295638,0.380917555213923,0.002337557712078775,0.021268831773295638,0.09571617911578151,0.08863012401779798,0.1296932689576825,0.1296932689576825,False,True,False,2.126883177329564,2.126883177329564
37,balanced,10,60,60,60,-0.8431720953394155,-0.023625237881025885,0.03470080968856243,0.8431720953394155,0.023625237881025885,0.03470080968856243,0.121343368361261,0.11424311275205908,0.10676891034743917,0.121343368361261,False,True,False,3.4700809688562426,3.4700809688562426
38,balanced,10,60,60,60,-0.8135904372939926,-0.010450194914024102,0.04231082563220867,0.8135904372939926,0.010450194914024102,0.04231082563220867,0.13242923411909496,0.11295086623118432,0.18610716652466155,0.18610716652466155,False,False,False,4.231082563220867,4.231082563220867
39,balanced,10,60,60,60,-0.005828672767641763,0.006540654461700379,-0.004004363942946676,0.005828672767641763,0.006540654461700379,0.004004363942946676,0.07160371106693174,0.06338161507147591,0.06833285998295939,0.07160371106693174,True,True,True,0.6540654461700379,0.6540654461700379
40,balanced,10,60,60,60,-0.3445095599899375,-0.011164559065183988,0.0413944170710388,0.3445095599899375,0.011164559065183988,0.0413944170710388,0.07015999242639402,0.08867745905519266,0.11890561393543501,0.11890561393543501,False,True,False,4.13944170710388,4.13944170710388
41,balanced,10,60,60,60,0.2765650847345853,0.009583894770461732,-0.016314393571322694,0.2765650847345853,0.009583894770461732,0.016314393571322694,0.08255230521632112,0.1196014389851368,0.09372810754520496,0.1196014389851368,False,True,False,1.6314393571322694,1.6314393571322694
42,balanced,10,60,60,60,-0.3964377940903603,-0.0011687185753200824,0.009013313200269546,0.3964377940903603,0.0011687185753200824,0.009013313200269546,0.09934677648395342,0.12066174382277763,0.11282779513395816,0.12066174382277763,True,True,True,0.9013313200269546,0.9013313200269546
43,balanced,10,60,60,60,-1.5714332959264077,-0.043244929749648886,0.049113101533248715,1.5714332959264077,0.043244929749648886,0.049113101533248715,0.16730568967149484,0.15274543216889142,0.15451102906371297,0.16730568967149484,False,False,False,4.911310153324871,4.911310153324871
44,balanced,10,60,60,60,-0.23022959045664138,-0.010884624360880113,0.02540864282220079,0.23022959045664138,0.010884624360880113,0.02540864282220079,0.08752721764650194,0.09858941588563855,0.09716936476379816,0.09858941588563855,False,True,False,2.540864282220079,2.540864282220079
45,balanced,10,60,60,60,-0.812290094416344,-0.016477773724875022,0.03974476452538794,0.812290094416344,0.016477773724875022,0.03974476452538794,0.08490959007857617,0.08493799110101297,0.11208936855060116,0.11208936855060116,False,True,False,3.974476452538794,3.974476452538794
46,balanced,10,60,60,60,0.411507377901696,0.008626290024438266,-0.029934892347758313,0.411507377901696,0.008626290024438266,0.029934892347758313,0.09625106503834138,0.09281454132348764,0.11040897472309003,0.11040897472309003,False,True,False,2.993489234775831,2.993489234775831
47,balanced,10,60,60,60,0.48764045425158287,0.01363334443283093,-0.009330932526594837,0.48764045425158287,0.01363334443283093,0.009330932526594837,0.09673388241976712,0.07886963930701506,0.05162359178263751,0.09673388241976712,False,True,False,1.363334443283093,1.363334443283093
48,balanced,10,60,60,60,-0.11238286308547174,0.0007867876302389831,0.0017210940730512103,0.11238286308547174,0.0007867876302389831,0.0017210940730512103,0.07374325475717126,0.09060399507715611,0.08838398182334564,0.09060399507715611,True,True,True,0.22476572617094348,0.6471713934082578
49,balanced,10,60,60,60,-0.782111062726397,-0.03128316912937201,0.039148102473412716,0.782111062726397,0.03128316912937201,0.039148102473412716,0.13217835842090314,0.11135567547098363,0.10838303512259774,0.13217835842090314,False,True,False,3.9148102473412716,3.9148102473412716
50,balanced,10,60,60,60,-0.8391802212804507,-0.014555833875021018,0.03186962383110775,0.8391802212804507,0.014555833875021018,0.03186962383110775,0.09644987219539904,0.08662785193600303,0.13703493325759727,0.13703493325759727,False,True,False,3.186962383110775,3.186962383110775
51,balanced,10,60,60,60,-0.7238598089625299,-0.025263599195958886,0.03486173539975718,0.7238598089625299,0.025263599195958886,0.03486173539975718,0.09656820978888574,0.11248698286471646,0.10857237527217646,0.11248698286471646,False,True,False,3.4861735399757174,3.4861735399757174
52,balanced,10,60,60,60,-0.9902847986628025,-0.0310287248481117,0.05044652033219177,0.9902847986628025,0.0310287248481117,0.05044652033219177,0.11015809902489823,0.1220391934109628,0.1294092587333144,0.1294092587333144,False,True,False,5.044652033219177,5.044652033219177
53,balanced,10,60,60,60,0.07579937962590222,0.008079304159799627,-0.0015392901786224211,0.07579937962590222,0.008079304159799627,0.0015392901786224211,0.08230616302186879,0.09342516330587901,0.09888289311748556,0.09888289311748556,True,True,True,0.8079304159799627,0.8079304159799627
54,balanced,10,60,60,60,-0.4713894586969971,-0.004436173179627856,0.020859656690254358,0.4713894586969971,0.004436173179627856,0.020859656690254358,0.09607592539998107,0.11491053677932406,0.11519454700369214,0.11519454700369214,False,True,False,2.085965669025436,2.085965669025436
55,balanced,10,60,60,60,0.01633576738741027,0.00628478711954672,-0.01064029172440939,0.01633576738741027,0.00628478711954672,0.01064029172440939,0.06577203445990722,0.06654832907317997,0.0747704250686358,0.0747704250686358,False,True,False,1.064029172440939,1.064029172440939
56,balanced,10,60,60,60,-0.2511227827479381,-0.0022035123297380332,0.004847454052362754,0.2511227827479381,0.0022035123297380332,0.004847454052362754,0.08906087285808956,0.09456593770709079,0.1080942913944902,0.1080942913944902,True,True,True,0.5022455654958762,0.7721020813892157
57,balanced,10,60,60,60,-0.36107313446306577,-0.004543624459585671,0.004708928573821269,0.36107313446306577,0.004543624459585671,0.004708928573821269,0.08272744485468143,0.08001988071570576,0.08080090883271798,0.08272744485468143,True,True,True,0.7221462689261315,0.7221462689261315
58,balanced,10,60,60,60,-0.020586671552074165,0.009559751412390738,-0.014045934668487303,0.020586671552074165,0.009559751412390738,0.014045934668487303,0.11092966013443151,0.08550601154974913,0.10918299725456783,0.11092966013443151,False,True,False,1.4045934668487303,1.4045934668487303
59,balanced,10,60,60,60,-0.22472277295686638,-0.008812068044027566,0.008933678476705398,0.22472277295686638,0.008812068044027566,0.008933678476705398,0.0821404903909874,0.10299630786708322,0.07100728959575878,0.10299630786708322,True,True,True,0.8933678476705398,0.8933678476705398
60,balanced,10,60,60,60,0.07923325884249621,0.006005126596608568,-0.015401110777065907,0.07923325884249621,0.006005126596608568,0.015401110777065907,0.09985326138407649,0.07377165577960806,0.11311180535832624,0.11311180535832624,False,True,False,1.5401110777065907,1.5401110777065907
61,balanced,10,60,60,60,-0.9854926329066238,-0.0273083226272276,0.044914984103236355,0.9854926329066238,0.0273083226272276,0.044914984103236355,0.12610527312316577,0.10791441825239043,0.15377733598409543,0.15377733598409543,False,False,False,4.4914984103236355,4.4914984103236355
62,balanced,10,60,60,60,0.3872348247756534,0.0027795795213372276,-0.013273828269348698,0.3872348247756534,0.0027795795213372276,0.013273828269348698,0.11193316292719871,0.060678784436239704,0.10523525513585155,0.11193316292719871,False,True,False,1.3273828269348698,1.3273828269348698
63,balanced,10,60,60,60,-0.30236645352941594,-0.0002274887153317362,-0.0004748763926881172,0.30236645352941594,0.0002274887153317362,0.0004748763926881172,0.12674429612799393,0.12948026128940643,0.10936287039666762,0.12948026128940643,True,True,True,0.6047329070588319,0.9248590092100458
64,balanced,10,60,60,60,-1.0635536969910184,-0.0360843354353122,0.044749611016307256,1.0635536969910184,0.0360843354353122,0.044749611016307256,0.12876550222474675,0.15259396004922843,0.13262330777241313,0.15259396004922843,False,False,False,4.474961101630726,4.474961101630726
65,balanced,10,60,60,60,0.6621166486332974,0.013975864014147299,-0.03201447183023509,0.6621166486332974,0.013975864014147299,0.03201447183023509,0.1356290826469753,0.10178453090977942,0.1343557701410584,0.1356290826469753,False,True,False,3.201447183023509,3.201447183023509
66,balanced,10,60,60,60,-0.29607177388762906,0.00017771856101234107,-0.00017086066683719148,0.29607177388762906,0.00017771856101234107,0.00017086066683719148,0.1259396004922844,0.10408501372716085,0.08695446369402632,0.1259396004922844,True,True,True,0.5921435477752581,0.8995685749448884
67,balanced,10,60,60,60,-0.8707925062587165,-0.018820315240702157,0.040759981320494576,0.8707925062587165,0.018820315240702157,0.040759981320494576,0.09888289311748556,0.10426488686926062,0.11255325191706901,0.11255325191706901,False,True,False,4.075998132049458,4.075998132049458
68,balanced,10,60,60,60,-0.635124419253053,-0.019843161740781157,0.032599543242349205,0.635124419253053,0.019843161740781157,0.032599543242349205,0.08916974344409732,0.11975291110479977,0.1044163589889236,0.11975291110479977,False,True,False,3.2599543242349203,3.2599543242349203
69,balanced,10,60,60,60,-0.5528166990686998,-0.009205382206918133,0.015536625766450318,0.5528166990686998,0.009205382206918133,0.015536625766450318,0.12884123828457825,0.10384833854018745,0.1258212628987977,0.12884123828457825,False,True,False,1.5536625766450318,1.5536625766450318
70,balanced,10,60,60,60,-0.7570271473337868,-0.012935382265727657,0.023323536685301904,0.7570271473337868,0.012935382265727657,0.023323536685301904,0.12281548802423554,0.11770330398561014,0.12223326706428098,0.12281548802423554,False,True,False,2.33235366853019,2.33235366853019
71,balanced,10,60,60,60,-0.9425461353073743,-0.026683496076743807,0.0225438886843069,0.9425461353073743,0.026683496076743807,0.0225438886843069,0.11739089273880526,0.13614976805831677,0.09762851462652655,0.13614976805831677,False,True,False,2.6683496076743807,2.6683496076743807
72,balanced,10,60,60,60,0.4001348116785266,0.012348654728252084,-0.0030393513950755513,0.4001348116785266,0.012348654728252084,0.0030393513950755513,0.09961658619710309,0.11508567641768437,0.08475811795891319,0.11508567641768437,False,True,False,1.2348654728252084,1.2348654728252084
73,balanced,10,60,60,60,-0.6118203223953174,-0.018387568631650253,0.019129225570653108,0.6118203223953174,0.018387568631650253,0.019129225570653108,0.0985089463220676,0.08845498437943766,0.09379911010129698,0.0985089463220676,False,True,False,1.9129225570653108,1.9129225570653108
74,balanced,10,60,60,60,-0.39311719548797086,-0.013971056182067398,0.02341937772551589,0.39311719548797086,0.013971056182067398,0.02341937772551589,0.09585818422796553,0.08083404335889426,0.09641200416548329,0.09641200416548329,False,True,False,2.3419377725515886,2.3419377725515886
75,balanced,10,60,60,60,0.02848647622170475,0.0022044940403288527,0.00040317248174998044,0.02848647622170475,0.0022044940403288527,0.00040317248174998044,0.11037584019691375,0.09782258827984475,0.09625106503834138,0.11037584019691375,True,True,True,0.22044940403288527,0.7883988585493839
76,balanced,10,60,60,60,0.613294801989241,0.006522407989819734,-0.008215194050278318,0.613294801989241,0.006522407989819734,0.008215194050278318,0.08570008520306731,0.08596989491621698,0.07957493136419577,0.08596989491621698,False,True,False,1.226589603978482,1.226589603978482
77,balanced,10,60,60,60,-0.5963028809636981,-0.011362828452270657,0.015235725687140766,0.5963028809636981,0.011362828452270657,0.015235725687140766,0.1114929470794282,0.06625011833759349,0.0610195967054814,0.1114929470794282,False,True,False,1.5235725687140766,1.5235725687140766
78,balanced,10,60,60,60,0.7092287718048098,0.014099208375929373,-0.004110237376198533,0.7092287718048098,0.014099208375929373,0.004110237376198533,0.15138218309192464,0.12214333049323109,0.09918583735681151,0.15138218309192464,False,False,False,1.4184575436096196,1.4184575436096196
79,balanced,10,60,60,60,-0.6521445494104618,-0.019461763043086666,0.01629432019709992,0.6521445494104618,0.019461763043086666,0.01629432019709992,0.12600113604089747,0.1154785572280602,0.10659850421281833,0.12600113604089747,False,True,False,1.9461763043086666,1.9461763043086666
80,balanced,10,60,60,60,-0.2678532343317208,0.0015948080630284744,-0.002051331826851799,0.2678532343317208,0.0015948080630284744,0.002051331826851799,0.0748319606172489,0.08024235539146075,0.09000284010224369,0.09000284010224369,True,True,True,0.5357064686634416,0.6428774293017405
81,balanced,10,60,60,60,-0.9325001141637799,-0.024799615779400597,0.02618964515248362,0.9325001141637799,0.024799615779400597,0.02618964515248362,0.10203540660797122,0.08765502224746757,0.12626621225030768,0.12626621225030768,False,True,False,2.618964515248362,2.618964515248362
82,balanced,10,60,60,60,-0.6220603844731798,-0.006472879289469158,0.030605708828761347,0.6220603844731798,0.006472879289469158,0.030605708828761347,0.10770141058411437,0.09587711824292341,0.09771845119757644,0.10770141058411437,False,True,False,3.0605708828761347,3.0605708828761347
83,balanced,10,60,60,60,-0.584507256866516,-0.019020928083738453,0.017930492096835282,0.584507256866516,0.019020928083738453,0.017930492096835282,0.08856858846918489,0.1184795985988829,0.11822398939695163,0.1184795985988829,False,True,False,1.9020928083738453,1.9020928083738453
84,balanced,10,60,60,60,-0.37554231298068075,-0.015756976742428153,0.025195898447130494,0.37554231298068075,0.015756976742428153,0.025195898447130494,0.061668086717788506,0.07848149200037868,0.10648016661933163,0.10648016661933163,False,True,False,2.519589844713049,2.519589844713049
85,balanced,10,60,60,60,-0.826806408287112,-0.006284295160453257,0.030966232986443853,0.826806408287112,0.006284295160453257,0.030966232986443853,0.11049891129413993,0.1094528069677175,0.1166619331629272,0.1166619331629272,False,True,False,3.0966232986443853,3.0966232986443853
86,balanced,10,60,60,60,0.042797305066432756,0.012082075438021755,0.002130592076673765,0.042797305066432756,0.012082075438021755,0.002130592076673765,0.09505822209599546,0.10853924074600019,0.06987124869828647,0.10853924074600019,False,True,False,1.2082075438021755,1.2082075438021755
87,balanced,10,60,60,60,0.3832738338699855,0.009207081656772975,-0.00501115537316188,0.3832738338699855,0.009207081656772975,0.00501115537316188,0.08870586007762946,0.0820221527975007,0.05307677743065417,0.08870586007762946,True,True,True,0.9207081656772975,0.9207081656772975
88,balanced,10,60,60,60,-1.147731342038469,-0.041789454359691725,0.06173275040705439,1.147731342038469,0.041789454359691725,0.06173275040705439,0.19359556944049985,0.20079996213197007,0.2288743728107545,0.2288743728107545,False,False,False,6.173275040705439,6.173275040705439
89,balanced,10,60,60,60,-0.698243067782137,-0.017326152959348584,0.03337638690689626,0.698243067782137,0.017326152959348584,0.03337638690689626,0.1146691280886112,0.1320221527975007,0.11740509325002367,0.1320221527975007,False,True,False,3.337638690689626,3.337638690689626
90,balanced,10,60,60,60,0.6074969866663871,0.016054979325452523,-0.027715579337185103,0.6074969866663871,0.016054979325452523,0.027715579337185103,0.08179967812174571,0.08238663258543974,0.1256555902679163,0.1256555902679163,False,True,False,2.77155793371851,2.77155793371851
91,balanced,10,60,60,60,-0.32899679156242456,-0.010850604016463872,0.02032945418973181,0.32899679156242456,0.010850604016463872,0.02032945418973181,0.12456215090409921,0.08108018555334659,0.09311275205907413,0.12456215090409921,False,True,False,2.032945418973181,2.032945418973181
92,balanced,10,60,60,60,-0.11270035715996585,0.0044604439150481845,-0.0050605176427021,0.11270035715996585,0.0044604439150481845,0.0050605176427021,0.09302281548802424,0.10986935529679069,0.08659471740982676,0.10986935529679069,True,True,True,0.50605176427021,0.7847811092627905
93,balanced,10,60,60,60,-0.236336539309157,-0.003679595032216265,-0.0009208522526480967,0.236336539309157,0.003679595032216265,0.0009208522526480967,0.12237053867272556,0.07344504402158478,0.048338540187446745,0.12237053867272556,True,True,True,0.472673078618314,0.8740752762337539
94,balanced,10,60,60,60,-1.0267912130762546,-0.028048123557250282,0.03492831080773945,1.0267912130762546,0.028048123557250282,0.03492831080773945,0.12192558932121557,0.1002508756981918,0.09073179967812174,0.12192558932121557,False,True,False,3.4928310807739447,3.4928310807739447
95,balanced,10,60,60,60,-0.5275447588374078,-0.012765666980426138,0.017908134580844448,0.5275447588374078,0.012765666980426138,0.017908134580844448,0.11178642431127521,0.10761620751680394,0.10435955694404998,0.11178642431127521,False,True,False,1.7908134580844448,1.7908134580844448
96,balanced,10,60,60,60,-0.6508456290970734,-0.01737796827046245,0.024606753782624335,0.6508456290970734,0.01737796827046245,0.024606753782624335,0.13226356148821358,0.12903531193789644,0.17966486793524566,0.17966486793524566,False,False,False,2.4606753782624335,2.4606753782624335
97,balanced,10,60,60,60,-0.1906499764531553,-0.007275630671660593,-0.0009021671278339194,0.1906499764531553,0.007275630671660593,0.0009021671278339194,0.08139259680015147,0.0530436429044779,0.0772223800056802,0.08139259680015147,True,True,True,0.7275630671660593,0.7275630671660593
98,balanced,10,60,60,60,-0.21851560882826604,-0.01388745272048375,0.01539606031894103,0.21851560882826604,0.01388745272048375,0.01539606031894103,0.05978888573321973,0.08281264792199186,0.08973303038909401,0.08973303038909401,False,True,False,1.539606031894103,1.539606031894103
99,balanced,10,60,60,60,-0.4905723950475256,-0.010049477854252586,0.022351740570062617,0.4905723950475256,0.010049477854252586,0.022351740570062617,0.10684937991101012,0.10296317334090693,0.10163305879011644,0.10684937991101012,False,True,False,2.2351740570062617,2.2351740570062617
100,balanced,10,60,60,60,-0.9321838280766812,-0.012186790147305615,0.03128248542169121,0.9321838280766812,0.012186790147305615,0.03128248542169121,0.10044021584777052,0.09217551831865947,0.12444854681435198,0.12444854681435198,False,True,False,3.128248542169121,3.128248542169121
101,balanced,10,60,60,60,-0.18778906476591928,-0.0013461541522358234,-0.0045474175774110615,0.18778906476591928,0.0013461541522358234,0.0045474175774110615,0.09756697907791347,0.07861403010508378,0.08845025087569819,0.09756697907791347,True,True,True,0.45474175774110615,0.6969069934136676
102,balanced,10,60,60,60,-0.2507840535252974,0.0005887683343087646,0.023396576837892036,0.2507840535252974,0.0005887683343087646,0.023396576837892036,0.08428003408122692,0.08438417116349523,0.09743444097320837,0.09743444097320837,False,True,False,2.3396576837892034,2.3396576837892034
103,balanced,10,60,60,60,-0.8828342498549979,-0.020032213269552623,0.031340970678820024,0.8828342498549979,0.020032213269552623,0.031340970678820024,0.1216557796080659,0.12186405377260248,0.13952948972829687,0.13952948972829687,False,True,False,3.1340970678820024,3.1340970678820024
104,balanced,10,60,60,60,0.005634349464454402,0.0015857983242660856,-0.010887822674022052,0.005634349464454402,0.0015857983242660856,0.010887822674022052,0.07108302565559027,0.05839723563381615,0.06385023194168324,0.07108302565559027,False,True,False,1.0887822674022052,1.0887822674022052
105,balanced,10,60,60,60,-1.3425080837021106,-0.02454962843545394,0.029798414455050493,1.3425080837021106,0.02454962843545394,0.029798414455050493,0.15777714664394585,0.1471788317712771,0.1423506579570198,0.15777714664394585,False,False,False,2.9798414455050493,2.9798414455050493
106,balanced,10,60,60,60,0.019957901913961962,0.009127345046518687,-0.002338685198431556,0.019957901913961962,0.009127345046518687,0.002338685198431556,0.08991290353119379,0.09124301808198429,0.0758638644324529,0.09124301808198429,True,True,True,0.9127345046518687,0.9127345046518687
107,balanced,10,60,60,60,-0.9802101196060349,-0.03573419316498572,0.04332148503134042,0.9802101196060349,0.03573419316498572,0.04332148503134042,0.13747041560162832,0.13216415790968475,0.12042506863580422,0.13747041560162832,False,True,False,4.332148503134042,4.332148503134042
108,balanced,10,60,60,60,0.11433537193031285,0.005345069727419771,-0.015153581131305993,0.11433537193031285,0.005345069727419771,0.015153581131305993,0.0748603616396857,0.07372905424595286,0.08433683612610055,0.08433683612610055,False,True,False,1.5153581131305993,1.5153581131305993
109,balanced,10,60,60,60,-0.6909477294694177,0.0025732272477140272,0.0015991158373100944,0.6909477294694177,0.0025732272477140272,0.0015991158373100944,0.13704440026507622,0.16876360882325098,0.1661175802328884,0.16876360882325098,False,False,False,1.3818954589388355,1.3818954589388355
110,balanced,10,60,60,60,-0.2102353633652143,0.0037496982625312425,-0.005398864588444852,0.2102353633652143,0.0037496982625312425,0.005398864588444852,0.0650951434251633,0.09005017513963837,0.08930228154880242,0.09005017513963837,True,True,True,0.5398864588444852,0.6432155367117025
111,balanced,10,60,60,60,0.2590675452142932,0.008578800023713473,-0.01739134730528369,0.2590675452142932,0.008578800023713473,0.01739134730528369,0.08343273691186216,0.07447694783678879,0.08450724226072139,0.08450724226072139,False,True,False,1.7391347305283689,1.7391347305283689
112,balanced,10,60,60,60,-1.2389193277766104,-0.025564148166657197,0.05368026838570228,1.2389193277766104,0.025564148166657197,0.05368026838570228,0.10906465966108113,0.10461516614598125,0.13594622739751963,0.13594622739751963,False,True,False,5.368026838570228,5.368026838570228
113,balanced,10,60,60,60,-1.1645807565460693,-0.03073211872466486,0.04143278811990658,1.1645807565460693,0.03073211872466486,0.04143278811990658,0.1529253053109912,0.16098172867556565,0.1339723563381615,0.16098172867556565,False,False,False,4.143278811990658,4.143278811990658
114,balanced,10,60,60,60,-1.2381566982676446,-0.034680331884702986,0.04007126597930449,1.2381566982676446,0.034680331884702986,0.04007126597930449,0.13328126479219918,0.15867651235444477,0.13416169648774023,0.15867651235444477,False,False,False,4.00712659793045,4.00712659793045
115,balanced,10,60,60,60,0.8444007494837287,0.016229234497863176,-0.026000291895176553,0.8444007494837287,0.016229234497863176,0.026000291895176553,0.09296601344315061,0.08783962889330682,0.11698381141721102,0.11698381141721102,False,True,False,2.600029189517655,2.600029189517655
116,balanced,10,60,60,60,-0.45489626538844874,-0.015896068651359174,0.014294674082293402,0.45489626538844874,0.015896068651359174,0.014294674082293402,0.08998863959102528,0.10731326327747799,0.08553441257218593,0.10731326327747799,False,True,False,1.5896068651359174,1.5896068651359174
117,balanced,10,60,60,60,-0.9452569704463265,-0.01967981272824748,0.033384421737187975,0.9452569704463265,0.01967981272824748,0.033384421737187975,0.11592350657957019,0.10607308529773739,0.10753573795323298,0.11592350657957019,False,True,False,3.3384421737187973,3.3384421737187973
118,balanced,10,60,60,60,-0.1008836330185332,0.003975402177491705,0.008601190543367887,0.1008836330185332,0.003975402177491705,0.008601190543367887,0.0696014389851368,0.0933399602385686,0.08650478083877686,0.0933399602385686,True,True,True,0.8601190543367887,0.8601190543367887
119,balanced,10,60,60,60,-0.5614795586675392,-0.022054801025868764,0.018064004576399006,0.5614795586675392,0.022054801025868764,0.018064004576399006,0.08879106314493988,0.09919530436429044,0.09756697907791347,0.09919530436429044,False,True,False,2.2054801025868764,2.2054801025868764
120,balanced,10,60,60,60,-0.5956212342986724,-0.012996838131428712,0.02512259820719054,0.5956212342986724,0.012996838131428712,0.02512259820719054,0.0795133958155827,0.10636182902584493,0.08737574552683897,0.10636182902584493,False,True,False,2.512259820719054,2.512259820719054
121,balanced,10,60,60,60,-0.8255128285497833,-0.03117855254697921,0.04448805124431282,0.8255128285497833,0.03117855254697921,0.04448805124431282,0.15657483669412098,0.13041749502982108,0.13185174666287985,0.15657483669412098,False,False,False,4.448805124431282,4.448805124431282
122,balanced,10,60,60,60,-0.875143073122711,-0.012624953825156049,0.02738760401427226,0.875143073122711,0.012624953825156049,0.02738760401427226,0.13024235539146076,0.10729906276625958,0.11070718545867651,0.13024235539146076,False,True,False,2.7387604014272258,2.7387604014272258
123,balanced,10,60,60,60,-1.1589287659733927,-0.025187410552184875,0.03307861451923172,1.1589287659733927,0.025187410552184875,0.03307861451923172,0.10406134620846351,0.11686547382372432,0.12266401590457257,0.12266401590457257,False,True,False,3.3078614519231717,3.3078614519231717
124,balanced,10,60,60,60,-0.2006128213018421,-0.008119366704306241,0.02124925307551423,0.2006128213018421,0.008119366704306241,0.02124925307551423,0.07036353308719114,0.08985610148632017,0.11520874751491053,0.11520874751491053,False,True,False,2.1249253075514227,2.1249253075514227
125,balanced,10,60,60,60,-0.7785690765788402,-0.02216989908504574,0.019428492296431676,0.7785690765788402,0.02216989908504574,0.019428492296431676,0.0953611663353214,0.09887342611000663,0.10322351604657767,0.10322351604657767,False,True,False,2.216989908504574,2.216989908504574
126,balanced,10,60,60,60,-0.12992050461069127,0.007694110633054252,-0.005299281618303009,0.12992050461069127,0.007694110633054252,0.005299281618303009,0.11707374798826091,0.12661175802328883,0.11122787087001798,0.12661175802328883,True,True,True,0.7694110633054252,0.9043697001663488
127,balanced,10,60,60,60,-0.5205729068526743,-2.0923355103952268e-05,0.01625381741294646,0.5205729068526743,2.0923355103952268e-05,0.01625381741294646,0.07507336930796175,0.08450250875698191,0.09797406039950772,0.09797406039950772,False,True,False,1.6253817412946459,1.6253817412946459
128,balanced,10,60,60,60,-0.3724186640192855,-0.008008182186763912,0.01891620341310357,0.3724186640192855,0.008008182186763912,0.01891620341310357,0.1097936192369592,0.09293287891697434,0.09774685222001325,0.1097936192369592,False,True,False,1.8916203413103572,1.8916203413103572
129,balanced,10,60,60,60,0.43940980621076875,0.010150064141669302,-0.029925247881616712,0.43940980621076875,0.010150064141669302,0.029925247881616712,0.09764744864148443,0.07947079428192748,0.11906181955883745,0.11906181955883745,False,True,False,2.992524788161671,2.992524788161671
130,balanced,10,60,60,60,-0.4481921813100733,-0.004176624257247297,0.008137827015115784,0.4481921813100733,0.004176624257247297,0.008137827015115784,0.07976900501751397,0.06690807535737953,0.07345924453280318,0.07976900501751397,True,True,True,0.8963843626201466,0.8963843626201466
131,balanced,10,60,60,60,-0.25926245661673875,-0.010184260844072979,0.004300715671175903,0.25926245661673875,0.010184260844072979,0.004300715671175903,0.06390230048281738,0.09615639496355202,0.07828268484332103,0.09615639496355202,False,True,False,1.0184260844072979,1.0184260844072979
132,balanced,10,60,60,60,-0.9898530385106987,-0.019798275469621984,0.031406133022103544,0.9898530385106987,0.019798275469621984,0.031406133022103544,0.12379058979456593,0.14528543027548993,0.1165435955694405,0.14528543027548993,False,False,False,3.140613302210354,3.140613302210354
133,balanced,10,60,60,60,-0.548032019655853,-0.015201610961438683,0.02206259049097148,0.548032019655853,0.015201610961438683,0.02206259049097148,0.08824671021490108,0.10970368266590931,0.12175991669033419,0.12175991669033419,False,True,False,2.206259049097148,2.206259049097148
134,balanced,10,60,60,60,0.8329666235833884,0.02069174087158787,-0.029346693720724293,0.8329666235833884,0.02069174087158787,0.029346693720724293,0.11159708416169649,0.10235255135851558,0.10220581274259206,0.11159708416169649,False,True,False,2.9346693720724293,2.9346693720724293
135,balanced,10,60,60,60,0.10391282427213255,-0.0009811437516225041,-0.017529421899522724,0.10391282427213255,0.0009811437516225041,0.017529421899522724,0.09217078481492,0.07304742970746947,0.12665435955694404,0.12665435955694404,False,True,False,1.7529421899522724,1.7529421899522724
136,balanced,10,60,60,60,-1.5696928561936119,-0.03968053920952597,0.06132610982526776,1.5696928561936119,0.03968053920952597,0.06132610982526776,0.1643993183754615,0.1645933920287797,0.18287418347060494,0.18287418347060494,False,False,False,6.132610982526776,6.132610982526776
137,balanced,10,60,60,60,-0.385184230527301,-0.008263856807232628,0.012847764314407484,0.385184230527301,0.008263856807232628,0.012847764314407484,0.07715137744958818,0.07109722616680868,0.10498437943765976,0.10498437943765976,False,True,False,1.2847764314407484,1.2847764314407484
138,balanced,10,60,60,60,-0.10351733179982858,0.01611461178572926,-0.01969129143040005,0.10351733179982858,0.01611461178572926,0.01969129143040005,0.14028685032661176,0.12507336930796176,0.1344599072233267,0.14028685032661176,False,False,False,1.9691291430400049,1.9691291430400049
139,balanced,10,60,60,60,-0.40197047205867875,-0.007580445844809547,0.014429563118710909,0.40197047205867875,0.007580445844809547,0.014429563118710909,0.07065701031903815,0.08142573132632774,0.08084351036637319,0.08142573132632774,False,True,False,1.4429563118710909,1.4429563118710909
140,balanced,10,60,60,60,0.1394194065323049,-0.00858295474338644,0.022226474206839097,0.1394194065323049,0.00858295474338644,0.022226474206839097,0.08564801666193317,0.11460285903625864,0.1116396856953517,0.11460285903625864,False,True,False,2.2226474206839097,2.2226474206839097
141,balanced,10,60,60,60,-0.31025626472737144,-0.015348959603787349,0.008745928998981467,0.31025626472737144,0.015348959603787349,0.008745928998981467,0.09130928713433684,0.09841900975101771,0.05763514153176181,0.09841900975101771,False,True,False,1.5348959603787349,1.5348959603787349
142,balanced,10,60,60,60,-0.40326915395352714,-0.01117175334580911,0.010394640412126954,0.40326915395352714,0.01117175334580911,0.010394640412126954,0.10523525513585155,0.10360692984947457,0.08755088516519928,0.10523525513585155,False,True,False,1.117175334580911,1.117175334580911
143,balanced,10,60,60,60,0.30849985468287144,0.0032617989789628377,0.0031381489298685783,0.30849985468287144,0.0032617989789628377,0.0031381489298685783,0.11405850610621983,0.09825807062387579,0.09949824860361639,0.11405850610621983,True,True,True,0.6169997093657429,0.8147036150444272
144,balanced,10,60,60,60,-0.058489122113549286,0.002230838796614787,-0.0006975213476074216,0.058489122113549286,0.002230838796614787,0.0006975213476074216,0.06442298589415886,0.0658335700085203,0.0764981539335416,0.0764981539335416,True,True,True,0.2230838796614787,0.5464153852395829
145,balanced,10,60,60,60,0.4261691827367464,0.013389607629297529,-0.0004746969578724447,0.4261691827367464,0.013389607629297529,0.0004746969578724447,0.09819653507526271,0.08067783773549181,0.04911956830445896,0.09819653507526271,False,True,False,1.3389607629297529,1.3389607629297529
146,balanced,10,60,60,60,-0.45369366618093565,-0.011701385814827159,0.021300745403959098,0.45369366618093565,0.011701385814827159,0.021300745403959098,0.08625390514058506,0.10840670264129508,0.0907081321594244,0.10840670264129508,False,True,False,2.13007454039591,2.13007454039591
147,balanced,10,60,60,60,0.17481312143707228,0.005419926207382519,0.0011390357799275774,0.17481312143707228,0.005419926207382519,0.0011390357799275774,0.07416927009372337,0.09310801855533465,0.07825428382088422,0.09310801855533465,True,True,True,0.5419926207382519,0.6650572753952475
148,balanced,10,60,60,60,-1.056189463656107,-0.04165149692583214,0.06134432252118416,1.056189463656107,0.04165149692583214,0.06134432252118416,0.14851841332954652,0.13431790211114267,0.1553772602480356,0.1553772602480356,False,False,False,6.134432252118415,6.134432252118415
149,balanced,10,60,60,60,-0.39325544647469357,-0.009036193926016511,0.01567246773212544,0.39325544647469357,0.009036193926016511,0.01567246773212544,0.07593960049228439,0.07857142857142857,0.0876644892549465,0.0876644892549465,False,True,False,1.567246773212544,1.567246773212544
150,balanced,10,60,60,60,0.36617030489352587,-0.005485836802802124,0.0029734793640114887,0.36617030489352587,0.005485836802802124,0.0029734793640114887,0.10916879674334942,0.10533465871438039,0.09023004828173814,0.10916879674334942,True,True,True,0.7323406097870517,0.7797771195953529
151,balanced,10,60,60,60,0.2502313076247624,0.008506823938209007,-0.0008059090413707892,0.2502313076247624,0.008506823938209007,0.0008059090413707892,0.07987314209978226,0.08792956546435672,0.05778661365142478,0.08792956546435672,True,True,True,0.8506823938209007,0.8506823938209007
152,balanced,10,60,60,60,-0.20182274790703048,-0.006579948602995045,0.012078003482216937,0.20182274790703048,0.006579948602995045,0.012078003482216937,0.0751396383603143,0.0863059736817192,0.07374798826091072,0.0863059736817192,False,True,False,1.2078003482216937,1.2078003482216937
153,balanced,10,60,60,60,-0.5963643055369552,-0.008477814136824247,0.013318532229655955,0.5963643055369552,0.008477814136824247,0.013318532229655955,0.11083972356338162,0.11867367225220107,0.12548991763703493,0.12548991763703493,False,True,False,1.3318532229655955,1.3318532229655955
154,balanced,10,60,60,60,-1.0000858765055298,-0.03012065702565614,0.03551333598414508,1.0000858765055298,0.03012065702565614,0.03551333598414508,0.15833570008520306,0.14087853829404526,0.13147306636372244,0.15833570008520306,False,False,False,3.551333598414508,3.551333598414508
155,balanced,10,60,60,60,-1.0800521911392842,-0.024096216399352555,0.03667547350992201,1.0800521911392842,0.024096216399352555,0.03667547350992201,0.1384502508756982,0.13357947552778568,0.13625390514058505,0.1384502508756982,False,True,False,3.6675473509922005,3.6675473509922005
156,balanced,10,60,60,60,-0.3057629963963642,-0.00016959174362995988,-0.0006998949784098318,0.3057629963963642,0.00016959174362995988,0.0006998949784098318,0.07338350847297169,0.09052825901732463,0.060782921518508,0.09052825901732463,True,True,True,0.6115259927927283,0.6466304215523188
157,balanced,10,60,60,60,-0.3290180426050533,-0.007783168195566237,0.004546557387902772,0.3290180426050533,0.007783168195566237,0.004546557387902772,0.10294897282968854,0.07267821641579097,0.07655022247467576,0.10294897282968854,True,True,True,0.7783168195566237,0.7783168195566237
158,balanced,10,60,60,60,0.7024649400303602,0.02140618151537521,-0.018363343592788905,0.7024649400303602,0.02140618151537521,0.018363343592788905,0.0919199091167282,0.12520590741266685,0.10617722238000568,0.12520590741266685,False,True,False,2.140618151537521,2.140618151537521
159,balanced,10,60,60,60,-0.6615451078821906,-0.01712172094869724,0.02659910944222804,0.6615451078821906,0.01712172094869724,0.02659910944222804,0.09493515099876929,0.12321783584209031,0.09755277856669507,0.12321783584209031,False,True,False,2.659910944222804,2.659910944222804
160,balanced,10,60,60,60,-0.8976532361119745,-0.026811790107569178,0.04055894783009478,0.8976532361119745,0.026811790107569178,0.04055894783009478,0.10235728486225504,0.12364385117864243,0.12863296412004166,0.12863296412004166,False,True,False,4.055894783009478,4.055894783009478
161,balanced,10,60,60,60,-0.49784097484847223,-0.01813220445203889,0.009074559021685302,0.49784097484847223,0.01813220445203889,0.009074559021685302,0.1334564044305595,0.14185837356811512,0.13117012212439647,0.14185837356811512,False,False,False,1.8132204452038891,1.8132204452038891
162,balanced,10,60,60,60,-0.22768157931262678,-0.009235498943806597,0.0127569735260743,0.22768157931262678,0.009235498943806597,0.0127569735260743,0.10966581463599356,0.06876834232699044,0.10824576351415317,0.10966581463599356,False,True,False,1.27569735260743,1.27569735260743
163,balanced,10,60,60,60,-0.5800730925013227,-0.005831433225553684,0.028492876908376208,0.5800730925013227,0.005831433225553684,0.028492876908376208,0.11653886206570103,0.10640443055950015,0.10398561014863202,0.11653886206570103,False,True,False,2.849287690837621,2.849287690837621
164,balanced,10,60,60,60,-0.048598867774970245,-0.0009218266992577773,0.0016974500280557692,0.048598867774970245,0.0009218266992577773,0.0016974500280557692,0.09644513869165956,0.08296412004165483,0.08637224273407176,0.09644513869165956,True,True,True,0.16974500280557692,0.6888938477975682
165,balanced,10,60,60,60,0.6340217847417478,0.012510868769008532,-0.024034805264380066,0.6340217847417478,0.012510868769008532,0.024034805264380066,0.10627189245479504,0.127179778472025,0.11662879863675092,0.127179778472025,False,True,False,2.4034805264380066,2.4034805264380066
166,balanced,10,60,60,60,-0.6622348528314852,-0.017133690554778425,0.022335981412424433,0.6622348528314852,0.017133690554778425,0.022335981412424433,0.11753763135472876,0.10114077440121177,0.1160134431506201,0.11753763135472876,False,True,False,2.2335981412424433,2.2335981412424433
167,balanced,10,60,60,60,0.17891530382535592,0.010615208607036464,-0.012618684313005446,0.17891530382535592,0.010615208607036464,0.012618684313005446,0.0699990532992521,0.09631260058695447,0.07273028495692511,0.09631260058695447,False,True,False,1.2618684313005446,1.2618684313005446
168,balanced,10,60,60,60,-0.07331766100818626,0.002945210398355713,0.00037406685073582135,0.07331766100818626,0.002945210398355713,0.00037406685073582135,0.10762567452428287,0.11166808671778851,0.073558648111332,0.11166808671778851,True,True,True,0.2945210398355713,0.7976291908413464
169,balanced,10,60,60,60,-0.8010032635142466,-0.028234008589269166,0.032614933223718834,0.8010032635142466,0.028234008589269166,0.032614933223718834,0.10857710877591593,0.10996875887531951,0.12796554009277666,0.12796554009277666,False,True,False,3.261493322371883,3.261493322371883
170,balanced,10,60,60,60,0.2880579569726933,0.013654271623610326,-0.022014291935966712,0.2880579569726933,0.013654271623610326,0.022014291935966712,0.062411246804884975,0.10754047145697244,0.11428098078197482,0.11428098078197482,False,True,False,2.201429193596671,2.201429193596671
171,balanced,10,60,60,60,0.16158111282094012,0.003256497145810666,-0.001734544253653325,0.16158111282094012,0.003256497145810666,0.001734544253653325,0.09409258733314399,0.08596989491621698,0.07055760674050933,0.09409258733314399,True,True,True,0.3256497145810666,0.672089909522457
172,balanced,10,60,60,60,-0.3463314752985944,-0.0028018858421655635,0.01812220813949328,0.3463314752985944,0.0028018858421655635,0.01812220813949328,0.09428192748272271,0.08232509703682665,0.0752437754425826,0.09428192748272271,False,True,False,1.8122208139493279,1.8122208139493279
173,balanced,10,60,60,60,-0.5244086803207111,0.007585134467601007,-0.00197946681708705,0.5244086803207111,0.007585134467601007,0.00197946681708705,0.08404335889425353,0.08516046577676796,0.056002082741645365,0.08516046577676796,False,True,False,1.0488173606414222,1.0488173606414222
174,balanced,10,60,60,60,-0.6039868971914117,-0.02433150871483558,0.029176999525422076,0.6039868971914117,0.02433150871483558,0.029176999525422076,0.09552210546246331,0.1019644040518792,0.0831013916500994,0.1019644040518792,False,True,False,2.9176999525422076,2.9176999525422076
175,balanced,10,60,60,60,-0.9494395475794875,-0.02107088877646257,0.039410730969104746,0.9494395475794875,0.02107088877646257,0.039410730969104746,0.129172583546341,0.11398750355012781,0.13210262236107168,0.13210262236107168,False,True,False,3.9410730969104746,3.9410730969104746
176,balanced,10,60,60,60,0.23412783332567955,0.0034725540490145868,-0.01078738319755157,0.23412783332567955,0.0034725540490145868,0.01078738319755157,0.06602291015809902,0.06363722427340718,0.09140869071286567,0.09140869071286567,False,True,False,1.078738319755157,1.078738319755157
177,balanced,10,60,60,60,-1.0402966401189886,-0.03299637301651692,0.03569799011815983,1.0402966401189886,0.03299637301651692,0.03569799011815983,0.1269431032850516,0.1332528637697624,0.12235160465776768,0.1332528637697624,False,True,False,3.5697990118159826,3.5697990118159826
178,balanced,10,60,60,60,-0.39644480359653045,-0.02329375459639338,0.016029078472350078,0.39644480359653045,0.02329375459639338,0.016029078472350078,0.10485184133295465,0.09234592445328031,0.08367414560257502,0.10485184133295465,False,True,False,2.329375459639338,2.329375459639338
179,balanced,10,60,60,60,-0.2437802852401667,0.0035878646980915807,-0.005357732789025738,0.2437802852401667,0.0035878646980915807,0.005357732789025738,0.10803275584587711,0.11003502792767206,0.11719208558174761,0.11719208558174761,True,True,True,0.5357732789025738,0.8370863255839114
180,balanced,10,60,60,60,-1.1438749453633932,-0.028009589154403658,0.048743016976807996,1.1438749453633932,0.028009589154403658,0.048743016976807996,0.11963457351131307,0.12303322919625106,0.12812647921991857,0.12812647921991857,False,True,False,4.874301697680799,4.874301697680799
181,balanced,10,60,60,60,-0.5847714325993536,0.00892849948119967,0.01365260123828499,0.5847714325993536,0.00892849948119967,0.01365260123828499,0.11330587901164442,0.11300766827605793,0.11728675565653697,0.11728675565653697,False,True,False,1.365260123828499,1.365260123828499
182,balanced,10,60,60,60,-0.5579255403290091,-0.018178189435482772,0.017876345933670323,0.5579255403290091,0.018178189435482772,0.017876345933670323,0.07582126289879769,0.10736059831487267,0.09538483385401875,0.10736059831487267,False,True,False,1.8178189435482772,1.8178189435482772
183,balanced,10,60,60,60,-0.8958581111043848,-0.013991272090753792,0.004975488678807538,0.8958581111043848,0.013991272090753792,0.004975488678807538,0.10097036826659093,0.10134904856574836,0.10647543311559216,0.10647543311559216,False,True,False,1.7917162222087697,1.7917162222087697
184,balanced,10,60,60,60,-0.10939619354510555,-0.0006771019487391561,0.011607739288304164,0.10939619354510555,0.0006771019487391561,0.011607739288304164,0.07623781122787086,0.11235444476001136,0.09227018839344883,0.11235444476001136,False,True,False,1.1607739288304164,1.1607739288304164
185,balanced,10,60,60,60,-1.2037818810552245,-0.048533742267768964,0.06561813412476936,1.2037818810552245,0.048533742267768964,0.06561813412476936,0.17196819085487078,0.16560162832528638,0.1527785666950677,0.17196819085487078,False,False,False,6.561813412476935,6.561813412476935
186,balanced,10,60,60,60,-0.5906397880325684,-0.000837626694521143,0.010086497685506401,0.5906397880325684,0.000837626694521143,0.010086497685506401,0.11738615923506579,0.06804411625485184,0.07595853450724226,0.11738615923506579,False,True,False,1.181279576065137,1.181279576065137
187,balanced,10,60,60,60,-0.6849010210444355,-0.010703161496799174,0.017662335642868676,0.6849010210444355,0.010703161496799174,0.017662335642868676,0.14377070907886016,0.13372621414370917,0.14178263750828363,0.14377070907886016,False,False,False,1.7662335642868676,1.7662335642868676
188,balanced,10,60,60,60,0.5717316248804636,0.014248472810903245,-0.016419285638934633,0.5717316248804636,0.014248472810903245,0.016419285638934633,0.11102906371296033,0.08325759727350185,0.07529111047997727,0.11102906371296033,False,True,False,1.6419285638934633,1.6419285638934633
189,balanced,10,60,60,60,0.1657639601618328,0.01042174385102479,-0.023082260145550926,0.1657639601618328,0.01042174385102479,0.023082260145550926,0.09946511407744012,0.10371106693174288,0.12546151661459812,0.12546151661459812,False,True,False,2.3082260145550926,2.3082260145550926
190,balanced,10,60,60,60,-0.4466289740015448,-0.01808892402935114,0.03165003168949937,0.4466289740015448,0.01808892402935114,0.03165003168949937,0.1306210356906182,0.09123355107450534,0.13835084729716937,0.13835084729716937,False,True,False,3.1650031689499367,3.1650031689499367
191,balanced,10,60,60,60,-0.6604412775447273,-0.012535161911329085,0.0054348670156736945,0.6604412775447273,0.012535161911329085,0.0054348670156736945,0.1371816718735208,0.14875035501278047,0.11664299914796933,0.14875035501278047,False,False,False,1.3208825550894545,1.3208825550894545
192,balanced,10,60,60,60,0.034206543245922205,0.005067355296133891,-0.0040299475603361445,0.034206543245922205,0.005067355296133891,0.0040299475603361445,0.07964593392028779,0.09879295654643568,0.09858468238189909,0.09879295654643568,True,True,True,0.5067355296133891,0.7056639753316833
193,balanced,10,60,60,60,0.564288435259499,0.014283572992800808,-0.015274070430602638,0.564288435259499,0.014283572992800808,0.015274070430602638,0.10747893590835937,0.09036258638644325,0.10372526744296127,0.10747893590835937,False,True,False,1.5274070430602638,1.5274070430602638
194,balanced,10,60,60,60,0.6246837873051305,0.01792673603804784,-0.015937983223602514,0.6246837873051305,0.01792673603804784,0.015937983223602514,0.1001467386159235,0.12996781217457162,0.10050648490012307,0.12996781217457162,False,True,False,1.7926736038047841,1.7926736038047841
195,balanced,10,60,60,60,-0.8209438543726968,-0.023180818695704763,0.042904655097618094,0.8209438543726968,0.023180818695704763,0.042904655097618094,0.16403010508378302,0.11220770614408786,0.16743822777619993,0.16743822777619993,False,False,False,4.290465509761809,4.290465509761809
196,balanced,10,60,60,60,-1.1014497976710338,-0.02850270732132676,0.03631406999746423,1.1014497976710338,0.02850270732132676,0.03631406999746423,0.1430133484805453,0.13357947552778568,0.10384833854018745,0.1430133484805453,False,False,False,3.6314069997464227,3.6314069997464227
197,balanced,10,60,60,60,-0.5116502902119713,-0.0176944808551478,0.013864246528540458,0.5116502902119713,0.0176944808551478,0.013864246528540458,0.0922607213859699,0.07594433399602386,0.07608633910820789,0.0922607213859699,False,True,False,1.7694480855147798,1.7694480855147798
198,balanced,10,60,60,60,-0.12180961581173477,-0.014348574120681024,0.014919175290757758,0.12180961581173477,0.014348574120681024,0.014919175290757758,0.09915270283063524,0.12688156773643852,0.1109911956830446,0.12688156773643852,False,True,False,1.4919175290757758,1.4919175290757758
199,balanced,10,60,60,60,-0.7139285148391536,-0.03536659070738313,0.027234566853636732,0.7139285148391536,0.03536659070738313,0.027234566853636732,0.11609391271419105,0.15618668938748462,0.12838208842184987,0.15618668938748462,False,False,False,3.5366590707383128,3.5366590707383128
200,balanced,10,60,60,60,0.8517479358901276,0.03232800996414653,-0.03521665556113518,0.8517479358901276,0.03232800996414653,0.03521665556113518,0.12096468806210357,0.16973871059358137,0.14117201552589226,0.16973871059358137,False,False,False,3.521665556113518,3.521665556113518
201,balanced,10,60,60,60,-1.6000871639658847,-0.0430744510281893,0.057414268350794107,1.6000871639658847,0.0430744510281893,0.057414268350794107,0.14591498627283916,0.12848149200037867,0.16761810091829973,0.16761810091829973,False,False,False,5.741426835079411,5.741426835079411
202,balanced,10,60,60,60,-0.6410628061701971,-0.016278811930498516,0.019091820303295592,0.6410628061701971,0.016278811930498516,0.019091820303295592,0.1166619331629272,0.11981444665341286,0.1263940168512733,0.1263940168512733,False,True,False,1.9091820303295592,1.9091820303295592
203,balanced,10,60,60,60,-0.693948831281034,-0.02597829911995031,0.039425225514863216,0.693948831281034,0.02597829911995031,0.039425225514863216,0.12207232793713907,0.12870870017987315,0.11341948310139165,0.12870870017987315,False,True,False,3.9425225514863214,3.9425225514863214
204,balanced,10,60,60,60,0.3737928170750422,0.010363606970627437,-0.0245838772915859,0.3737928170750422,0.010363606970627437,0.0245838772915859,0.05990248982296696,0.09226545488970936,0.0942393259490675,0.0942393259490675,False,True,False,2.4583877291585896,2.4583877291585896
205,balanced,10,60,60,60,-0.19696989667516362,-0.0076183007547073744,0.012884355047042106,0.19696989667516362,0.0076183007547073744,0.012884355047042106,0.07938559121461707,0.06395910252769099,0.09085487077534792,0.09085487077534792,False,True,False,1.2884355047042106,1.2884355047042106
206,balanced,10,60,60,60,-0.4178253234634113,-0.0008079937486654698,0.025439430049254197,0.4178253234634113,0.0008079937486654698,0.025439430049254197,0.09223232036353309,0.06527975007100256,0.09870775347912525,0.09870775347912525,False,True,False,2.5439430049254197,2.5439430049254197
207,balanced,10,60,60,60,0.13365206110379546,0.0021119657766015543,-0.012012635336623556,0.13365206110379546,0.0021119657766015543,0.012012635336623556,0.05642336457445801,0.06577203445990722,0.0559973492379059,0.06577203445990722,False,True,False,1.2012635336623556,1.2012635336623556
208,balanced,10,60,60,60,-0.5871240199814238,-0.01946420385328973,0.039686987445945066,0.5871240199814238,0.01946420385328973,0.039686987445945066,0.08108491905708605,0.08881473066363722,0.11454132348764555,0.11454132348764555,False,True,False,3.9686987445945063,3.9686987445945063
209,balanced,10,60,60,60,0.0690001109033993,0.01262408431482176,-0.01054199869812078,0.0690001109033993,0.01262408431482176,0.01054199869812078,0.08024708889520023,0.09918583735681151,0.10109817286755657,0.10109817286755657,False,True,False,1.262408431482176,1.262408431482176
210,balanced,10,60,60,60,-0.46662390045426605,-0.017855930466334935,0.017187196471983912,0.46662390045426605,0.017855930466334935,0.017187196471983912,0.10664583925021301,0.07058127425920667,0.09471267632301429,0.10664583925021301,False,True,False,1.7855930466334935,1.7855930466334935
211,balanced,10,60,60,60,-0.0042613726069014035,0.0014383687189405414,0.011446088946059085,0.0042613726069014035,0.0014383687189405414,0.011446088946059085,0.07886963930701506,0.0706191422891224,0.08558174760958061,0.08558174760958061,False,True,False,1.1446088946059085,1.1446088946059085
212,balanced,10,60,60,60,-1.2064378322372526,-0.03155921314048882,0.0566580374004389,1.2064378322372526,0.03155921314048882,0.0566580374004389,0.12653602196345734,0.15522105462463315,0.15763040802802233,0.15763040802802233,False,False,False,5.66580374004389,5.66580374004389
213,balanced,10,60,60,60,-0.9039260289281295,-0.01976047966766481,0.03354374793290538,0.9039260289281295,0.01976047966766481,0.03354374793290538,0.141948310139165,0.11295086623118432,0.11550695825049702,0.141948310139165,False,False,False,3.3543747932905377,3.3543747932905377
214,balanced,10,60,60,60,-0.4790514053115871,-0.004511062442144942,0.015480535250101513,0.4790514053115871,0.004511062442144942,0.015480535250101513,0.07888383981823345,0.11718261857426868,0.1193789643093818,0.1193789643093818,False,True,False,1.5480535250101513,1.5480535250101513
215,balanced,10,60,60,60,-0.22242060315705103,-0.007077149191380805,0.007950814213548374,0.22242060315705103,0.007077149191380805,0.007950814213548374,0.09867935245668844,0.10157152324150336,0.06538862065701032,0.10157152324150336,True,True,True,0.7950814213548374,0.7950814213548374
216,balanced,10,60,60,60,0.344343767443263,0.012878327927111743,-0.009254648701653156,0.344343767443263,0.012878327927111743,0.009254648701653156,0.08413802896904289,0.10241882041086812,0.10820316198049797,0.10820316198049797,False,True,False,1.2878327927111743,1.2878327927111743
217,balanced,10,60,60,60,-0.07557807576753106,-0.0006452099868468064,0.002506343917244913,0.07557807576753106,0.0006452099868468064,0.002506343917244913,0.06629745337498817,0.06927009372337405,0.06667140017040614,0.06927009372337405,True,True,True,0.2506343917244913,0.494786383738386
218,balanced,10,60,60,60,-0.40482410403186364,-0.021762008109570075,0.013905020017121905,0.40482410403186364,0.021762008109570075,0.013905020017121905,0.0871201363249077,0.10605888478651898,0.09129035311937897,0.10605888478651898,False,True,False,2.1762008109570075,2.1762008109570075
219,balanced,10,60,60,60,-0.557349926353421,-0.012133386372408794,0.02047481501717835,0.557349926353421,0.012133386372408794,0.02047481501717835,0.08404809239799299,0.07780933446937423,0.12098362207706144,0.12098362207706144,False,True,False,2.0474815017178347,2.0474815017178347
220,balanced,10,60,60,60,0.34389366495518203,0.02328165557098283,-0.028547315899337844,0.34389366495518203,0.02328165557098283,0.028547315899337844,0.11173908927388053,0.1133390135378207,0.11982864716463126,0.11982864716463126,False,True,False,2.854731589933784,2.854731589933784
221,balanced,10,60,60,60,-1.0572969497451687,-0.030291732290269158,0.04091488485156913,1.0572969497451687,0.030291732290269158,0.04091488485156913,0.11378396288933068,0.09674334942724605,0.12309949824860361,0.12309949824860361,False,True,False,4.091488485156913,4.091488485156913
222,balanced,10,60,60,60,-0.7008593461125159,-0.02486449046818473,0.026456098465814315,0.7008593461125159,0.02486449046818473,0.026456098465814315,0.11198049796459339,0.09972545678311086,0.12586859793619237,0.12586859793619237,False,True,False,2.6456098465814315,2.6456098465814315
223,balanced,10,60,60,60,-0.6587239485193912,-0.013486279685181013,0.017100771785969027,0.6587239485193912,0.013486279685181013,0.017100771785969027,0.11149768058316765,0.11232131023383508,0.09898703019975386,0.11232131023383508,False,True,False,1.7100771785969027,1.7100771785969027
224,balanced,10,60,60,60,0.14844872343439874,0.0022920776020673994,0.008170582437211416,0.14844872343439874,0.0022920776020673994,0.008170582437211416,0.06831392596800151,0.072304269620373,0.08026128940641863,0.08026128940641863,True,True,True,0.8170582437211416,0.8170582437211416
225,balanced,10,60,60,60,-0.17801870318356094,-0.004219036935648179,-0.005657791138992563,0.17801870318356094,0.004219036935648179,0.005657791138992563,0.09025844930417495,0.09160276436618385,0.08161980497964594,0.09160276436618385,True,True,True,0.5657791138992563,0.654305459758456
226,balanced,10,60,60,60,-1.3103190323919165,-0.029648772516727928,0.0363720054638324,1.3103190323919165,0.029648772516727928,0.0363720054638324,0.14561204203351322,0.1344741077345451,0.15039288081037583,0.15039288081037583,False,False,False,3.63720054638324,3.63720054638324
227,balanced,10,60,60,60,-0.5108136078923771,-0.01880072816101852,0.03678639744340856,0.5108136078923771,0.01880072816101852,0.03678639744340856,0.07900217741172015,0.08458771182429234,0.10411814825333712,0.10411814825333712,False,True,False,3.6786397443408556,3.6786397443408556
228,balanced,10,60,60,60,-0.2983811439285553,-0.009391004481793419,0.01186689767608523,0.2983811439285553,0.009391004481793419,0.01186689767608523,0.09870301997538578,0.10142478462557986,0.07492189718829878,0.10142478462557986,False,True,False,1.186689767608523,1.186689767608523
229,balanced,10,60,60,60,-0.05709175082147766,0.006035674970466642,-0.009886009411320729,0.05709175082147766,0.006035674970466642,0.009886009411320729,0.06565369686642053,0.06744769478367887,0.05864811133200795,0.06744769478367887,True,True,True,0.9886009411320729,0.9886009411320729
230,balanced,10,60,60,60,0.47985348093409996,0.009632947406291281,0.0002179605476009816,0.47985348093409996,0.009632947406291281,0.0002179605476009816,0.13265170879484994,0.12224746757549938,0.0894537536684654,0.13265170879484994,True,True,True,0.9632947406291281,0.9632947406291281
231,balanced,10,60,60,60,0.4210365234603266,0.013988660883028192,-0.02506821557015787,0.4210365234603266,0.013988660883028192,0.02506821557015787,0.09239325949067499,0.09779418725740793,0.12795607308529774,0.12795607308529774,False,True,False,2.506821557015787,2.506821557015787
232,balanced,10,60,60,60,-0.2578400990574998,-0.0027244892109246077,0.012692476395461838,0.2578400990574998,0.0027244892109246077,0.012692476395461838,0.10684937991101012,0.08745148158667046,0.07489349616586197,0.10684937991101012,False,True,False,1.2692476395461838,1.2692476395461838
233,balanced,10,60,60,60,-0.5084632298559129,-0.005392584839345682,0.02229654226074007,0.5084632298559129,0.005392584839345682,0.02229654226074007,0.11176749029631733,0.11108113225409448,0.1107545204960712,0.11176749029631733,False,True,False,2.229654226074007,2.229654226074007
234,balanced,10,60,60,60,-0.18481596918998378,-0.0032921822258643596,0.018934744493359856,0.18481596918998378,0.0032921822258643596,0.018934744493359856,0.08471551642525797,0.08378774969232226,0.09229385591214617,0.09229385591214617,False,True,False,1.8934744493359856,1.8934744493359856
235,balanced,10,60,60,60,0.7796601234664422,0.028834676107882373,-0.0357069276683587,0.7796601234664422,0.028834676107882373,0.0357069276683587,0.11118526933636277,0.11060778188014768,0.12960806589037205,0.12960806589037205,False,True,False,3.57069276683587,3.57069276683587
236,balanced,10,60,60,60,-0.18844034485124794,0.010532524547099298,-0.009877508112595024,0.18844034485124794,0.010532524547099298,0.009877508112595024,0.0704582031619805,0.08782069487834895,0.08774969232225693,0.08782069487834895,False,True,False,1.0532524547099298,1.0532524547099298
237,balanced,10,60,60,60,-0.30976784042622896,-0.01252262258418535,0.00987396316845629,0.30976784042622896,0.01252262258418535,0.00987396316845629,0.07550411814825334,0.0703540660797122,0.09001230710972262,0.09001230710972262,False,True,False,1.252262258418535,1.252262258418535
238,balanced,10,60,60,60,-0.641256672264177,-0.012786450623354262,0.022771999819769184,0.641256672264177,0.012786450623354262,0.022771999819769184,0.1068967149484048,0.10640443055950015,0.11504307488402916,0.11504307488402916,False,True,False,2.2771999819769184,2.2771999819769184
239,balanced,10,60,60,60,-1.0332060715764584,-0.028685044883569932,0.04746334828058357,1.0332060715764584,0.028685044883569932,0.04746334828058357,0.1471078292151851,0.14387957966486795,0.19358136892928146,0.19358136892928146,False,False,False,4.746334828058357,4.746334828058357
240,balanced,10,60,60,60,-0.1993698657760632,-0.004450460909686149,0.006498971416249444,0.1993698657760632,0.004450460909686149,0.006498971416249444,0.06767016945943387,0.07631828079144183,0.07332670642809808,0.07631828079144183,True,True,True,0.6498971416249444,0.6498971416249444
241,balanced,10,60,60,60,0.458818413693713,0.01711497938744133,-0.008374902212427482,0.458818413693713,0.01711497938744133,0.008374902212427482,0.10244248792956547,0.1045488970936287,0.08303985610148631,0.1045488970936287,False,True,False,1.7114979387441331,1.7114979387441331
242,balanced,10,60,60,60,0.08669994064072029,-0.015038079906385171,0.005994989061052225,0.08669994064072029,0.015038079906385171,0.005994989061052225,0.06818138786329642,0.06942156584303702,0.07826375082836315,0.07826375082836315,False,True,False,1.5038079906385171,1.5038079906385171
243,balanced,10,60,60,60,-0.4266330461909149,-0.0007712077487320723,-0.0028974067209227017,0.4266330461909149,0.0007712077487320723,0.0028974067209227017,0.05532519170690145,0.07254567831108587,0.07402726498153933,0.07402726498153933,True,True,True,0.8532660923818298,0.8532660923818298
244,balanced,10,60,60,60,-1.0991595805893581,-0.028696948924541554,0.03518996066967167,1.0991595805893581,0.028696948924541554,0.03518996066967167,0.1280649436713055,0.09881189056139354,0.08055950014200511,0.1280649436713055,False,True,False,3.518996066967167,3.518996066967167
245,balanced,10,60,60,60,-1.0955786447932354,-0.033259681998571766,0.060217008947028916,1.0955786447932354,0.033259681998571766,0.060217008947028916,0.12244627473255704,0.13258070623875792,0.14513869165956642,0.14513869165956642,False,False,False,6.021700894702891,6.021700894702891
246,balanced,10,60,60,60,-0.2626208366164917,-0.017144177992027165,0.01787347907443243,0.2626208366164917,0.017144177992027165,0.01787347907443243,0.0654501562056234,0.09591498627283916,0.11615544826280413,0.11615544826280413,False,True,False,1.787347907443243,1.787347907443243
247,balanced,10,60,60,60,-0.08807389549514255,0.016083510082085084,-0.0042337948866743025,0.08807389549514255,0.016083510082085084,0.0042337948866743025,0.08027075641389757,0.09015431222190666,0.07285808955789075,0.09015431222190666,False,True,False,1.6083510082085084,1.6083510082085084
248,balanced,10,60,60,60,0.6367105741093901,0.004383261860529064,0.005712298200720334,0.6367105741093901,0.004383261860529064,0.005712298200720334,0.07362965066742402,0.125409448073464,0.10561866893874847,0.125409448073464,False,True,False,1.2734211482187803,1.2734211482187803
249,balanced,10,60,60,60,-0.30300352386728946,-0.012513104219119442,0.014422548397078294,0.30300352386728946,0.012513104219119442,0.014422548397078294,0.09519076020070055,0.10284483574742025,0.10523525513585155,0.10523525513585155,False,True,False,1.4422548397078294,1.4422548397078294
250,balanced,10,60,60,60,-0.824302615842246,-0.009691724815846015,0.0330588399953588,0.824302615842246,0.009691724815846015,0.0330588399953588,0.12021679447126764,0.08596989491621698,0.11664773265170879,0.12021679447126764,False,True,False,3.30588399953588,3.30588399953588
251,balanced,10,60,60,60,-0.4778152049789881,-0.01642834731825249,0.014445113473826932,0.4778152049789881,0.01642834731825249,0.014445113473826932,0.12990627662595852,0.07859036258638644,0.09306068351793997,0.12990627662595852,False,True,False,1.642834731825249,1.642834731825249
252,balanced,10,60,60,60,0.0893296022007668,0.01520752346626797,-0.011705349178418978,0.0893296022007668,0.01520752346626797,0.011705349178418978,0.14396478273217836,0.13997443907980686,0.128434156962984,0.14396478273217836,False,False,False,1.520752346626797,1.520752346626797
253,balanced,10,60,60,60,-0.8682092012176383,-0.022621575632572943,0.04754026379058207,0.8682092012176383,0.022621575632572943,0.04754026379058207,0.0870444002650762,0.11661459812553251,0.10990248982296696,0.11661459812553251,False,True,False,4.754026379058207,4.754026379058207
254,balanced,10,60,60,60,0.5147206563543136,0.014361338179428085,-0.01954029392829132,0.5147206563543136,0.014361338179428085,0.01954029392829132,0.09738710593581369,0.08089084540376787,0.08884313168607404,0.09738710593581369,False,True,False,1.954029392829132,1.954029392829132
255,balanced,10,60,60,60,0.046509482343058295,0.008303467294692446,-0.0001861993633767156,0.046509482343058295,0.008303467294692446,0.0001861993633767156,0.05712865663163874,0.054529963078670834,0.08827511123733787,0.08827511123733787,True,True,True,0.8303467294692446,0.8303467294692446
256,balanced,10,60,60,60,-0.6472566824366552,-0.025086093583585267,0.028350637501671216,0.6472566824366552,0.025086093583585267,0.028350637501671216,0.12872763419483102,0.11944523336173436,0.10518318659471741,0.12872763419483102,False,True,False,2.8350637501671216,2.8350637501671216
257,balanced,10,60,60,60,-0.16585039111071254,0.0026475025823902154,0.003481973914995329,0.16585039111071254,0.0026475025823902154,0.003481973914995329,0.09957398466344788,0.05879484994793146,0.07643661838492852,0.09957398466344788,True,True,True,0.3481973914995329,0.7112427475960562
258,balanced,10,60,60,60,-1.0017454526036431,-0.020989536383629437,0.03316646027932013,1.0017454526036431,0.020989536383629437,0.03316646027932013,0.11604657767679637,0.12882703777335985,0.12767679636466914,0.12882703777335985,False,True,False,3.316646027932013,3.316646027932013
259,balanced,10,60,60,60,-0.29042897832490766,0.0009228491396884309,-0.004399140406455226,0.29042897832490766,0.0009228491396884309,0.004399140406455226,0.059575878064943674,0.0783016188582789,0.09681908548707753,0.09681908548707753,True,True,True,0.5808579566498153,0.691564896336268
260,balanced,10,60,60,60,-0.7061911484807126,-0.02588090215015537,0.015424871155316433,0.7061911484807126,0.02588090215015537,0.015424871155316433,0.09641673766922276,0.11341948310139165,0.0646691280886112,0.11341948310139165,False,True,False,2.588090215015537,2.588090215015537
261,balanced,10,60,60,60,0.039312769849193074,-0.002565670896451877,0.0006050968753245622,0.039312769849193074,0.002565670896451877,0.0006050968753245622,0.08037015999242639,0.06909968758875319,0.06983338066837073,0.08037015999242639,True,True,True,0.2565670896451877,0.5740725713744741
262,balanced,10,60,60,60,-0.7095951617966065,-0.023178069928169953,0.014255391020272568,0.7095951617966065,0.023178069928169953,0.014255391020272568,0.1170169459433873,0.12468995550506484,0.09931837546151662,0.12468995550506484,False,True,False,2.3178069928169953,2.3178069928169953
263,balanced,10,60,60,60,-0.891381937385578,-0.015034680703164938,0.025407593966717046,0.891381937385578,0.015034680703164938,0.025407593966717046,0.11544542270188393,0.12251727728864906,0.10233835084729717,0.12251727728864906,False,True,False,2.5407593966717044,2.5407593966717044
264,balanced,10,60,60,60,-0.46808249763743603,-0.008181537329038924,0.011245517391656079,0.46808249763743603,0.008181537329038924,0.011245517391656079,0.09378017608633911,0.0709457540471457,0.08191801571523241,0.09378017608633911,False,True,False,1.124551739165608,1.124551739165608
265,balanced,10,60,60,60,-0.07922762843071851,-0.00596021030235383,-0.013887433562483287,0.07922762843071851,0.00596021030235383,0.013887433562483287,0.11953990343652371,0.11944996686547382,0.12294802612894064,0.12294802612894064,False,True,False,1.3887433562483287,1.3887433562483287
266,balanced,10,60,60,60,-0.4341639341126182,-0.007057140408834983,0.011716428730581652,0.4341639341126182,0.007057140408834983,0.011716428730581652,0.1035311937896431,0.09973492379058979,0.11668560068162454,0.11668560068162454,False,True,False,1.1716428730581652,1.1716428730581652
267,balanced,10,60,60,60,-0.9584954799423215,-0.019674264529229712,0.035898783389424316,0.9584954799423215,0.019674264529229712,0.035898783389424316,0.09712202972640348,0.10703398655684938,0.10631449398845025,0.10703398655684938,False,True,False,3.5898783389424316,3.5898783389424316
268,balanced,10,60,60,60,-0.5725072444686958,-0.011527809141954948,0.011118768114541489,0.5725072444686958,0.011527809141954948,0.011118768114541489,0.12566032377165579,0.0732509703682666,0.09320742213386349,0.12566032377165579,False,True,False,1.1527809141954948,1.1527809141954948
269,balanced,10,60,60,60,0.017841476081798646,0.0006324155739141357,0.0015454388744578496,0.017841476081798646,0.0006324155739141357,0.0015454388744578496,0.04664394584871722,0.05119757644608539,0.0892028779702736,0.0892028779702736,True,True,True,0.15454388744578496,0.6371634140733827
270,balanced,10,60,60,60,-0.2653390468368819,-0.004403658845902769,0.0005075063146095515,0.2653390468368819,0.004403658845902769,0.0005075063146095515,0.09652087475149106,0.08931648206002082,0.0897046293666572,0.09652087475149106,True,True,True,0.5306780936737638,0.6894348196535075
271,balanced,10,60,60,60,-0.96000446291864,-0.02128769123442975,0.03278313374389613,0.96000446291864,0.02128769123442975,0.03278313374389613,0.12321783584209031,0.09182997254567832,0.11173908927388053,0.12321783584209031,False,True,False,3.278313374389613,3.278313374389613
272,balanced,10,60,60,60,-0.11594768178566639,0.011093957584220826,-0.0112195751729664,0.11594768178566639,0.011093957584220826,0.0112195751729664,0.07689576824765691,0.09179683801950203,0.08901827132443435,0.09179683801950203,False,True,False,1.12195751729664,1.12195751729664
273,balanced,10,60,60,60,0.4445765593440463,-0.00409379714616287,-0.001019958137279342,0.4445765593440463,0.00409379714616287,0.001019958137279342,0.07259774685222001,0.06463126005869545,0.0689671494840481,0.07259774685222001,True,True,True,0.8891531186880925,0.8891531186880925
274,balanced,10,60,60,60,-0.2620221357752577,-0.012516366083305641,0.015010944774939916,0.2620221357752577,0.012516366083305641,0.015010944774939916,0.08719587238473918,0.10490864337782826,0.10594054719303228,0.10594054719303228,False,True,False,1.5010944774939916,1.5010944774939916
275,balanced,10,60,60,60,-1.1146602055639079,-0.024658839542549105,0.034979805743886816,1.1146602055639079,0.024658839542549105,0.034979805743886816,0.14996213197008426,0.11505727539524756,0.11858846918489066,0.14996213197008426,False,False,False,3.4979805743886816,3.4979805743886816
276,balanced,10,60,60,60,-0.7040966730524794,-0.008343960979463216,0.01581416287391818,0.7040966730524794,0.008343960979463216,0.01581416287391818,0.10894632206759443,0.05879484994793146,0.07407460001893401,0.10894632206759443,False,True,False,1.581416287391818,1.581416287391818
277,balanced,10,60,60,60,-0.7429602842737495,-0.03588614328591144,0.03893958021819022,0.7429602842737495,0.03588614328591144,0.03893958021819022,0.12833948688819463,0.1469137555618669,0.11612231373662785,0.1469137555618669,False,False,False,3.8939580218190217,3.8939580218190217
278,balanced,10,60,60,60,-0.19361893944034492,-0.006913996874174599,0.016879501214816572,0.19361893944034492,0.006913996874174599,0.016879501214816572,0.06634952191612231,0.07165577960806589,0.11410584114361451,0.11410584114361451,False,True,False,1.6879501214816572,1.6879501214816572
279,balanced,10,60,60,60,-0.0783064426193576,-0.02069707576322699,0.021896603103672252,0.0783064426193576,0.02069707576322699,0.021896603103672252,0.11880147685316672,0.08808577108775915,0.11220770614408786,0.11880147685316672,False,True,False,2.189660310367225,2.189660310367225
280,balanced,10,60,60,60,-0.02629523885348206,0.0003469088287335609,0.0002539886993112028,0.02629523885348206,0.0003469088287335609,0.0002539886993112028,0.08758401969137555,0.07321783584209031,0.09401211776957304,0.09401211776957304,True,True,True,0.05259047770696412,0.6715151269255216
281,balanced,10,60,60,60,-0.16425662648774164,2.307679367008486e-05,0.0029855131071742647,0.16425662648774164,2.307679367008486e-05,0.0029855131071742647,0.05836410110763988,0.06263372148063998,0.07434440973208369,0.07434440973208369,True,True,True,0.3285132529754833,0.531031498086312
282,balanced,10,60,60,60,0.08333086359404618,0.008824635407446824,-0.0062421460735854195,0.08333086359404618,0.008824635407446824,0.0062421460735854195,0.06269525702925305,0.11233551074505349,0.06955410394774211,0.11233551074505349,True,True,True,0.8824635407446824,0.8824635407446824
283,balanced,10,60,60,60,0.029515880226099966,0.004502604763825024,-0.011907707382048771,0.029515880226099966,0.004502604763825024,0.011907707382048771,0.09339676228344221,0.09919530436429044,0.08746094859414939,0.09919530436429044,False,True,False,1.190770738204877,1.190770738204877
284,balanced,10,60,60,60,-0.2883586149623163,0.0022952743978490453,-0.003715221935317481,0.2883586149623163,0.0022952743978490453,0.003715221935317481,0.08152986840859604,0.091138880999716,0.09468427530057749,0.09468427530057749,True,True,True,0.5767172299246326,0.676316252146982
285,balanced,10,60,60,60,0.2177163381169862,0.019482117753345518,-0.019913975500867542,0.2177163381169862,0.019482117753345518,0.019913975500867542,0.11344315062008899,0.1408122692416927,0.11777904004544164,0.1408122692416927,False,False,False,1.9913975500867542,1.9913975500867542
286,balanced,10,60,60,60,0.06265464810434551,-0.001763351399581281,-0.0002536099814433035,0.06265464810434551,0.001763351399581281,0.0002536099814433035,0.13084824387011265,0.10150525418915081,0.10488497585913092,0.13084824387011265,True,True,True,0.1763351399581281,0.9346303133579474
287,balanced,10,60,60,60,-0.8455494305699816,-0.03825667017587142,0.04345700208961395,0.8455494305699816,0.03825667017587142,0.04345700208961395,0.1041654832907318,0.13194168323392977,0.1667518697339771,0.1667518697339771,False,False,False,4.345700208961395,4.345700208961395
288,balanced,10,60,60,60,-0.09093865366874354,-0.005179650722822671,-0.00852645000200053,0.09093865366874354,0.005179650722822671,0.00852645000200053,0.08357947552778566,0.08433683612610055,0.07426394016851273,0.08433683612610055,True,True,True,0.852645000200053,0.852645000200053
289,balanced,10,60,60,60,-1.0422979892501765,-0.033878965317091336,0.04375327660013617,1.0422979892501765,0.033878965317091336,0.04375327660013617,0.13111332007952287,0.11863107071854587,0.11576730095616776,0.13111332007952287,False,True,False,4.375327660013617,4.375327660013617
290,balanced,10,60,60,60,0.2688332337926127,0.008174685002485083,-0.021323093192086418,0.2688332337926127,0.008174685002485083,0.021323093192086418,0.1182571239231279,0.07544731610337972,0.08907033986556849,0.1182571239231279,False,True,False,2.1323093192086415,2.1323093192086415
291,balanced,10,60,60,60,0.5051087477594685,0.01469331618261327,-0.02863927139968281,0.5051087477594685,0.01469331618261327,0.02863927139968281,0.13087191138881,0.13262330777241313,0.13175234308435105,0.13262330777241313,False,True,False,2.863927139968281,2.863927139968281
292,balanced,10,60,60,60,-0.391513719281555,-0.017463733145476223,0.029351847888225147,0.391513719281555,0.017463733145476223,0.029351847888225147,0.11858373568115119,0.12178358420903153,0.12368171920855818,0.12368171920855818,False,True,False,2.9351847888225144,2.9351847888225144
293,balanced,10,60,60,60,-0.5524439236730387,-0.013032186169307458,0.01641750747580717,0.5524439236730387,0.013032186169307458,0.01641750747580717,0.1184795985988829,0.12859982959386537,0.1207374798826091,0.12859982959386537,False,True,False,1.641750747580717,1.641750747580717
294,balanced,10,60,60,60,-0.05316738895674433,-0.004137617984295572,-0.0009686259342294168,0.05316738895674433,0.004137617984295572,0.0009686259342294168,0.0992473729054246,0.08727634194831015,0.06025276909968759,0.0992473729054246,True,True,True,0.4137617984295572,0.7089098064673185
295,balanced,10,60,60,60,-0.38565331113441204,-0.013839537043253913,0.01417725969969641,0.38565331113441204,0.013839537043253913,0.01417725969969641,0.09818706806778377,0.07665909306068351,0.09971125627189245,0.09971125627189245,False,True,False,1.417725969969641,1.417725969969641
296,balanced,10,60,60,60,-0.3995481075058578,-0.014895859001955336,0.008799492526744002,0.3995481075058578,0.014895859001955336,0.008799492526744002,0.10333712013632491,0.132055287323677,0.10405661270472404,0.132055287323677,False,True,False,1.4895859001955336,1.4895859001955336
297,balanced,10,60,60,60,-0.2013910195439621,-0.004349724092961305,-0.0006246276610158419,0.2013910195439621,0.004349724092961305,0.0006246276610158419,0.06594244059452807,0.05714285714285714,0.084564044305595,0.084564044305595,True,True,True,0.43497240929613046,0.6040288878971071
298,balanced,10,60,60,60,-0.220308341702804,-0.004255992312113599,0.0073516097130322255,0.220308341702804,0.004255992312113599,0.0073516097130322255,0.07655495597841522,0.06765596894821548,0.0897046293666572,0.0897046293666572,True,True,True,0.7351609713032226,0.7351609713032226
299,balanced,10,60,60,60,-0.5128943186213348,-0.005502675611655405,0.030794028524253725,0.5128943186213348,0.005502675611655405,0.030794028524253725,0.11647732651708795,0.11064564991006343,0.12886963930701506,0.12886963930701506,False,True,False,3.0794028524253725,3.0794028524253725
300,balanced,10,60,60,60,-1.001192830126488,-0.02571072741238445,0.04375374623506678,1.001192830126488,0.02571072741238445,0.04375374623506678,0.11151661459812554,0.12076588090504592,0.1693789643093818,0.1693789643093818,False,False,False,4.375374623506678,4.375374623506678
301,balanced,10,60,60,60,-1.314057880760231,-0.028486208258947432,0.04916057992348499,1.314057880760231,0.028486208258947432,0.04916057992348499,0.12695730379627,0.13323866325854397,0.14500142005112185,0.14500142005112185,False,False,False,4.916057992348499,4.916057992348499
302,balanced,10,60,60,60,0.2017928698450362,0.011387867590903489,0.0006068272105795303,0.2017928698450362,0.011387867590903489,0.0006068272105795303,0.0747704250686358,0.0885827889804033,0.0835605415128278,0.0885827889804033,False,True,False,1.1387867590903489,1.1387867590903489
303,balanced,10,60,60,60,-0.8728650471776334,-0.032186239599069966,0.06058141150444213,0.8728650471776334,0.032186239599069966,0.06058141150444213,0.12114929470794282,0.13077250781028116,0.180800908832718,0.180800908832718,False,False,False,6.058141150444213,6.058141150444213
304,balanced,10,60,60,60,-0.09784064900973277,-0.006778768339635088,0.015691262132122075,0.09784064900973277,0.006778768339635088,0.015691262132122075,0.058226829499195304,0.059145129224652086,0.06664299914796933,0.06664299914796933,False,True,False,1.5691262132122075,1.5691262132122075
305,balanced,10,60,60,60,-0.41155812553659743,0.00136887814712372,-0.000133696549937945,0.41155812553659743,0.00136887814712372,0.000133696549937945,0.08514626526554955,0.0596894821546909,0.06207990154312222,0.08514626526554955,True,True,True,0.8231162510731949,0.8231162510731949
306,balanced,10,60,60,60,-0.40210115722911155,-0.009234686333816522,0.012067204238170315,0.40210115722911155,0.009234686333816522,0.012067204238170315,0.07814541323487646,0.08816624065133011,0.0684180630502698,0.08816624065133011,False,True,False,1.2067204238170315,1.2067204238170315
307,balanced,10,60,60,60,0.11059914616646083,-0.0045545102545433425,0.005804554331991618,0.11059914616646083,0.0045545102545433425,0.005804554331991618,0.1272981160655117,0.07562245574174004,0.06121840386253905,0.1272981160655117,True,True,True,0.5804554331991618,0.9092722576107978
308,balanced,10,60,60,60,-0.3560719391912137,0.0035530406843808926,0.003862911545926273,0.3560719391912137,0.0035530406843808926,0.003862911545926273,0.08659945091356622,0.07003218782542839,0.08373094764744864,0.08659945091356622,True,True,True,0.7121438783824274,0.7121438783824274
309,balanced,10,60,60,60,-0.7972905060857336,-0.03388941401132095,0.01999790751307623,0.7972905060857336,0.03388941401132095,0.01999790751307623,0.11705008046956357,0.1402347817854776,0.09493988450250876,0.1402347817854776,False,False,False,3.388941401132095,3.388941401132095
310,balanced,10,60,60,60,-1.0738540233383453,-0.011445072431247705,0.031385819386634706,1.0738540233383453,0.011445072431247705,0.031385819386634706,0.15645176559689483,0.0866467859509609,0.12314683328599829,0.15645176559689483,False,False,False,3.1385819386634703,3.1385819386634703
311,balanced,10,60,60,60,-0.474015861869848,-0.008796472488721951,0.02200292301296597,0.474015861869848,0.008796472488721951,0.02200292301296597,0.10186500047335037,0.08425636656252958,0.10288270377733598,0.10288270377733598,False,True,False,2.2002923012965967,2.2002923012965967
312,balanced,10,60,60,60,-0.7422996343383232,-0.01921939962991126,0.015578553349966051,0.7422996343383232,0.01921939962991126,0.015578553349966051,0.0778424689955505,0.09601912335510746,0.09287607687210073,0.09601912335510746,False,True,False,1.921939962991126,1.921939962991126
313,balanced,10,60,60,60,0.15710001178484845,0.005481128753343167,-0.012682091175323151,0.15710001178484845,0.005481128753343167,0.012682091175323151,0.08227776199943199,0.05796648679352457,0.09751017703303985,0.09751017703303985,False,True,False,1.2682091175323151,1.2682091175323151
314,balanced,10,60,60,60,-0.7322421055247617,-0.026158441244443886,0.02792495218037977,0.7322421055247617,0.026158441244443886,0.02792495218037977,0.1307535737953233,0.14798826091072612,0.14626999905329927,0.14798826091072612,False,False,False,2.7924952180379767,2.7924952180379767
315,balanced,10,60,60,60,-0.10200502685808743,-0.007463591435433514,0.00962600176154993,0.10200502685808743,0.007463591435433514,0.00962600176154993,0.07464735397140963,0.07733125059168797,0.05654643567168418,0.07733125059168797,True,True,True,0.9626001761549929,0.9626001761549929
316,balanced,10,60,60,60,-0.3269209922561416,-0.0006183566042584632,0.0004137398885628585,0.3269209922561416,0.0006183566042584632,0.0004137398885628585,0.09088800530152419,0.13655211587617155,0.10749313641957778,0.13655211587617155,True,True,True,0.6538419845122831,0.9753722562583681
317,balanced,10,60,60,60,-0.1108293276240282,-0.010057336478313528,0.012159621674512344,0.1108293276240282,0.010057336478313528,0.012159621674512344,0.06566316387389946,0.07795133958155827,0.09206191422891224,0.09206191422891224,False,True,False,1.2159621674512344,1.2159621674512344
318,balanced,10,60,60,60,-0.7964644810765549,-0.025115516919772096,0.027790263192051634,0.7964644810765549,0.025115516919772096,0.027790263192051634,0.12220486604184418,0.12423553914607592,0.155836410110764,0.155836410110764,False,False,False,2.779026319205163,2.779026319205163
319,balanced,10,60,60,60,-0.9178560794601722,-0.03306290223089903,0.04449485275516313,0.9178560794601722,0.03306290223089903,0.04449485275516313,0.15123544447600112,0.12956073085297737,0.18434630313357947,0.18434630313357947,False,False,False,4.449485275516313,4.449485275516313
320,balanced,10,60,60,60,0.9598785498529487,0.026684969028949013,-0.049063484287565795,0.9598785498529487,0.026684969028949013,0.049063484287565795,0.17255987882230428,0.14411625485184135,0.18121745716179116,0.18121745716179116,False,False,False,4.906348428756579,4.906348428756579
321,balanced,10,60,60,60,-1.0017147442907195,-0.019517299670855803,0.04592962701737269,1.0017147442907195,0.019517299670855803,0.04592962701737269,0.13395342232320365,0.12002272081794944,0.12429707469468901,0.13395342232320365,False,True,False,4.592962701737268,4.592962701737268
322,balanced,10,60,60,60,-0.7250472447484739,-0.014363224445662182,0.01565262081344343,0.7250472447484739,0.014363224445662182,0.01565262081344343,0.1322304269620373,0.16420524472214332,0.15190286850326612,0.16420524472214332,False,False,False,1.565262081344343,1.565262081344343
323,balanced,10,60,60,60,-0.11462511034902789,-0.0015464237718592067,-0.002232871742353426,0.11462511034902789,0.0015464237718592067,0.002232871742353426,0.13357947552778568,0.11227870870017988,0.08223516046577677,0.13357947552778568,True,True,True,0.22925022069805578,0.9541391109127547
324,balanced,10,60,60,60,-0.49377046239470346,-0.027483216066043425,0.010081316986376543,0.49377046239470346,0.027483216066043425,0.010081316986376543,0.07633248130266022,0.11055097983527407,0.08705860077629461,0.11055097983527407,False,True,False,2.7483216066043425,2.7483216066043425
325,balanced,10,60,60,60,-0.24202123296356604,0.004017365834234732,-0.000925714191104654,0.24202123296356604,0.004017365834234732,0.000925714191104654,0.10761620751680394,0.09737290542459529,0.08360787655022248,0.10761620751680394,True,True,True,0.48404246592713207,0.7686871965485995
326,balanced,10,60,60,60,0.3311796127548057,0.015159303805350799,-0.0035777757354637507,0.3311796127548057,0.015159303805350799,0.0035777757354637507,0.15139638360314306,0.10644703209315536,0.08596989491621698,0.15139638360314306,False,False,False,1.51593038053508,1.51593038053508
327,balanced,10,60,60,60,-0.7394445639063143,-0.008857274690152295,0.026424940820728104,0.7394445639063143,0.008857274690152295,0.026424940820728104,0.1221575310044495,0.11633058790116445,0.10372526744296127,0.1221575310044495,False,True,False,2.6424940820728104,2.6424940820728104
328,balanced,10,60,60,60,-0.06631429008742984,0.00048689679415858667,0.006954940429522605,0.06631429008742984,0.00048689679415858667,0.006954940429522605,0.07203919341096279,0.0907980687304743,0.06025276909968759,0.0907980687304743,True,True,True,0.6954940429522605,0.6954940429522605
329,balanced,10,60,60,60,-0.8470771214574242,-0.026020047703267046,0.03171041696885679,0.8470771214574242,0.026020047703267046,0.03171041696885679,0.12655495597841523,0.1395436902395153,0.11354728770235728,0.1395436902395153,False,True,False,3.171041696885679,3.171041696885679
330,balanced,10,60,60,60,-0.6538967352320526,-0.006605620323499761,0.03149429530768988,0.6538967352320526,0.006605620323499761,0.03149429530768988,0.10300104137082268,0.10688251443718641,0.09576351415317617,0.10688251443718641,False,True,False,3.149429530768988,3.149429530768988
331,balanced,10,60,60,60,-0.7995561024755631,-0.019597896078110466,0.027177568732394963,0.7995561024755631,0.019597896078110466,0.027177568732394963,0.1120088989870302,0.11522294802612894,0.10773454511029064,0.11522294802612894,False,True,False,2.7177568732394963,2.7177568732394963
332,balanced,10,60,60,60,0.2188766259740227,0.007438392799217319,-0.010628812428619183,0.2188766259740227,0.007438392799217319,0.010628812428619183,0.09084067026412951,0.07249834327369119,0.09399791725835463,0.09399791725835463,False,True,False,1.0628812428619183,1.0628812428619183
333,balanced,10,60,60,60,-0.1832675199915741,-0.007845549423377118,0.01012580508609029,0.1832675199915741,0.007845549423377118,0.01012580508609029,0.08704913376881568,0.09316482060020827,0.08734734450440215,0.09316482060020827,False,True,False,1.012580508609029,1.012580508609029
334,balanced,10,60,60,60,0.06038383829492133,0.0005653618386581849,0.006608275469337566,0.06038383829492133,0.0005653618386581849,0.006608275469337566,0.09085013727160844,0.07860929660134432,0.09995266496260533,0.09995266496260533,True,True,True,0.6608275469337566,0.7139476068757522
335,balanced,10,60,60,60,-0.4544803680191585,0.006641506514070583,0.007460509882563193,0.4544803680191585,0.006641506514070583,0.007460509882563193,0.08133579475527786,0.13184227965540093,0.07593960049228439,0.13184227965540093,True,True,True,0.908960736038317,0.9417305689671495
336,balanced,10,60,60,60,0.8772060015588927,0.029577555121103605,-0.026664148187940773,0.8772060015588927,0.029577555121103605,0.026664148187940773,0.14928997443907982,0.12778093344693742,0.10384833854018745,0.14928997443907982,False,False,False,2.9577555121103605,2.9577555121103605
337,balanced,10,60,60,60,-0.47983728063207565,-0.01138306820281465,0.030625275605613178,0.47983728063207565,0.01138306820281465,0.030625275605613178,0.07525324245006154,0.06733882419767112,0.11477799867461895,0.11477799867461895,False,True,False,3.0625275605613176,3.0625275605613176
338,balanced,10,60,60,60,-0.7971127729822953,-0.024133177239578085,0.020778394759888297,0.7971127729822953,0.024133177239578085,0.020778394759888297,0.1121414370917353,0.09972072327937138,0.08296412004165483,0.1121414370917353,False,True,False,2.4133177239578085,2.4133177239578085
339,balanced,10,60,60,60,-0.5254921656061597,-0.0025999458023715505,0.02234093344081861,0.5254921656061597,0.0025999458023715505,0.02234093344081861,0.09405471930322824,0.1034270567073748,0.09368077250781028,0.1034270567073748,False,True,False,2.234093344081861,2.234093344081861
340,balanced,10,60,60,60,0.5087448218256547,0.01216982042900605,-0.0122692598440306,0.5087448218256547,0.01216982042900605,0.0122692598440306,0.08233929754804506,0.07585439742497396,0.09371864053772602,0.09371864053772602,False,True,False,1.22692598440306,1.22692598440306
341,balanced,10,60,60,60,-0.0213287255376855,0.006053577225524354,-0.0001584713447147501,0.0213287255376855,0.006053577225524354,0.0001584713447147501,0.0748319606172489,0.07181198523146834,0.06451765596894822,0.0748319606172489,True,True,True,0.6053577225524354,0.6053577225524354
342,balanced,10,60,60,60,-0.6186665754725702,-0.013532564678669923,0.019838888157103662,0.6186665754725702,0.013532564678669923,0.019838888157103662,0.09526649626053205,0.08399602385685885,0.10937707090788602,0.10937707090788602,False,True,False,1.9838888157103662,1.9838888157103662
343,balanced,10,60,60,60,-0.5785181742122596,-0.006015856205304981,0.02714254330465593,0.5785181742122596,0.006015856205304981,0.02714254330465593,0.06867840575594054,0.056167755372526745,0.09506295559973492,0.09506295559973492,False,True,False,2.714254330465593,2.714254330465593
344,balanced,10,60,60,60,-1.1672822536240126,-0.043096896150589425,0.04684734812249186,1.1672822536240126,0.043096896150589425,0.04684734812249186,0.15727539524756223,0.16902395152892172,0.16778377354918111,0.16902395152892172,False,False,False,4.684734812249186,4.684734812249186
345,balanced,10,60,60,60,-0.44481964719392053,-0.005650808055083778,0.026617042368843158,0.44481964719392053,0.005650808055083778,0.026617042368843158,0.09151756129887342,0.0876218877212913,0.0962321310233835,0.0962321310233835,False,True,False,2.6617042368843156,2.6617042368843156
346,balanced,10,60,60,60,-0.24800239217381304,0.0053376136830637355,0.0024571647457222734,0.24800239217381304,0.0053376136830637355,0.0024571647457222734,0.10828363154406892,0.06018176654359557,0.06147401306447032,0.10828363154406892,True,True,True,0.5337613683063736,0.7734545110290636
347,balanced,10,60,60,60,-0.06401890726986892,0.003439818681398088,-0.005410057098970411,0.06401890726986892,0.003439818681398088,0.005410057098970411,0.06992805074316008,0.06160181766543595,0.07590646596610812,0.07590646596610812,True,True,True,0.5410057098970411,0.542189042615058
348,balanced,10,60,60,60,-1.3015450538406768,-0.0334863688934649,0.05266652848193448,1.3015450538406768,0.0334863688934649,0.05266652848193448,0.1353450724226072,0.14748177601060306,0.14625579854208084,0.14748177601060306,False,False,False,5.2666528481934485,5.2666528481934485
349,balanced,10,60,60,60,-0.2427529077936974,0.0015111772826497116,0.010619986264601089,0.2427529077936974,0.0015111772826497116,0.010619986264601089,0.06672346871154028,0.05201173908927388,0.062434914323582315,0.06672346871154028,False,True,False,1.061998626460109,1.061998626460109
350,balanced,10,60,60,60,-0.49197222999832846,-0.02154276136446076,0.02527071723957247,0.49197222999832846,0.02154276136446076,0.02527071723957247,0.09071286566316387,0.11616964877402253,0.07280128751301713,0.11616964877402253,False,True,False,2.527071723957247,2.527071723957247
351,balanced,10,60,60,60,-0.03714167885085473,0.012425412099677957,-0.005918945661490926,0.03714167885085473,0.012425412099677957,0.005918945661490926,0.07701410584114361,0.10301050837830161,0.09036258638644325,0.10301050837830161,False,True,False,1.2425412099677957,1.2425412099677957
352,balanced,10,60,60,60,0.05995309539534688,0.010458896419524466,-0.014807405736352919,0.05995309539534688,0.010458896419524466,0.014807405736352919,0.07916785004260153,0.07421660513111805,0.09142289122408406,0.09142289122408406,False,True,False,1.4807405736352919,1.4807405736352919
353,balanced,10,60,60,60,-0.8036258599370214,-0.02094193909454467,0.006847534970635283,0.8036258599370214,0.02094193909454467,0.006847534970635283,0.11716841806305027,0.09573511313073937,0.08062576919435767,0.11716841806305027,False,True,False,2.094193909454467,2.094193909454467
354,balanced,10,60,60,60,-0.5440271120479387,-0.010417030392965265,0.028812588648194526,0.5440271120479387,0.010417030392965265,0.028812588648194526,0.06615071475906466,0.07484616112846729,0.13776862633721482,0.13776862633721482,False,True,False,2.8812588648194524,2.8812588648194524
355,balanced,10,60,60,60,-0.3922604939549821,-0.013518200952690074,0.03176114083200188,0.3922604939549821,0.013518200952690074,0.03176114083200188,0.06833759348669885,0.08427056707374798,0.10900785761620752,0.10900785761620752,False,True,False,3.1761140832001877,3.1761140832001877
356,balanced,10,60,60,60,0.21491881398259594,-0.004932611325265013,-0.011359068481927526,0.21491881398259594,0.004932611325265013,0.011359068481927526,0.08581842279655401,0.05117390892738805,0.07510177033039857,0.08581842279655401,False,True,False,1.1359068481927526,1.1359068481927526
357,balanced,10,60,60,60,-0.1763256451696087,-0.0064870264519065746,0.004404848772976977,0.1763256451696087,0.0064870264519065746,0.004404848772976977,0.06502414086907128,0.11833759348669885,0.06711634952191613,0.11833759348669885,True,True,True,0.6487026451906575,0.8452685249049917
358,balanced,10,60,60,60,-0.6019036671727704,-0.011656053998948424,0.012408786846890452,0.6019036671727704,0.011656053998948424,0.012408786846890452,0.0769999053299252,0.07927198712486982,0.0779466060778188,0.07927198712486982,False,True,False,1.2408786846890452,1.2408786846890452
359,balanced,10,60,60,60,0.2968119719415192,0.010315143924076953,-0.007443490603373126,0.2968119719415192,0.010315143924076953,0.007443490603373126,0.10027454321688914,0.09794092587333143,0.07283915554293288,0.10027454321688914,False,True,False,1.0315143924076953,1.0315143924076953
360,balanced,10,60,60,60,-0.91733227384195,-0.029578269162655713,0.047837494148506965,0.91733227384195,0.029578269162655713,0.047837494148506965,0.13330019880715704,0.12183565275016567,0.1184937991101013,0.13330019880715704,False,True,False,4.783749414850696,4.783749414850696
361,balanced,10,60,60,60,-0.5402868490626709,-0.02845994396893281,0.03002797597020318,0.5402868490626709,0.02845994396893281,0.03002797597020318,0.07780933446937423,0.15724699422512545,0.1263940168512733,0.15724699422512545,False,False,False,3.002797597020318,3.002797597020318
362,balanced,10,60,60,60,-0.30979859642286556,-0.005826023358981081,0.034894152503404885,0.30979859642286556,0.005826023358981081,0.034894152503404885,0.08846918489065607,0.08037962699990533,0.11728675565653697,0.11728675565653697,False,True,False,3.4894152503404885,3.4894152503404885
363,balanced,10,60,60,60,0.6290137071202224,0.022123270592211974,-0.03126014487575096,0.6290137071202224,0.022123270592211974,0.03126014487575096,0.10867651235444475,0.1069724510082363,0.14565464356716842,0.14565464356716842,False,False,False,3.126014487575096,3.126014487575096
364,balanced,10,60,60,60,0.2886469462304717,0.007581128042061014,-0.020954647266671234,0.2886469462304717,0.007581128042061014,0.020954647266671234,0.10638549654454227,0.08840764934204298,0.0856574836694121,0.10638549654454227,False,True,False,2.095464726667123,2.095464726667123
365,balanced,10,60,60,60,-0.8460382045517001,-0.025103118656954138,0.05016531145442926,0.8460382045517001,0.025103118656954138,0.05016531145442926,0.11372716084445707,0.09782258827984475,0.14537536684653982,0.14537536684653982,False,False,False,5.016531145442926,5.016531145442926
366,balanced,10,60,60,60,-0.24178400647741327,0.0005549196015988134,-0.0021621391587510197,0.24178400647741327,0.0005549196015988134,0.0021621391587510197,0.10151472119662974,0.10921139827700464,0.1022010792388526,0.10921139827700464,True,True,True,0.48356801295482654,0.7800814162643188
367,balanced,10,60,60,60,0.29329472569530424,0.007262202959377406,-0.01195724219461819,0.29329472569530424,0.007262202959377406,0.01195724219461819,0.08319132822114929,0.08925968001514721,0.10017040613462085,0.10017040613462085,False,True,False,1.195724219461819,1.195724219461819
368,balanced,10,60,60,60,-1.1682877919286625,-0.0329044745752024,0.029515521559808244,1.1682877919286625,0.0329044745752024,0.029515521559808244,0.13438417116349521,0.1234119094954085,0.12741172015525892,0.13438417116349521,False,True,False,3.2904474575202403,3.2904474575202403
369,balanced,10,60,60,60,0.36661457407377895,0.020421189428487474,-0.01911428605894855,0.36661457407377895,0.020421189428487474,0.01911428605894855,0.06252958439837167,0.1057890750733693,0.08994603805737006,0.1057890750733693,False,True,False,2.0421189428487474,2.0421189428487474
370,balanced,10,60,60,60,0.013576151807150438,0.003760844331105462,0.0018935373884383933,0.013576151807150438,0.003760844331105462,0.0018935373884383933,0.054160749786992333,0.062160371106693174,0.058856385496544546,0.062160371106693174,True,True,True,0.3760844331105462,0.44400265076209405
371,balanced,10,60,60,60,0.5081888932775094,0.0030163212230980285,-0.0031005685938452765,0.5081888932775094,0.0030163212230980285,0.0031005685938452765,0.08628703966676134,0.08479598598882893,0.0704724036731989,0.08628703966676134,False,True,False,1.0163777865550188,1.0163777865550188
372,balanced,10,60,60,60,-0.7915596704890291,-0.017668541410447047,0.029732266772482918,0.7915596704890291,0.017668541410447047,0.029732266772482918,0.11812458581842279,0.11652466155448263,0.11848433210262237,0.11848433210262237,False,True,False,2.9732266772482916,2.9732266772482916
373,balanced,10,60,60,60,-0.2955320419083023,-0.008084381758055037,0.011958365163399876,0.2955320419083023,0.008084381758055037,0.011958365163399876,0.07916785004260153,0.06702641295086623,0.09258733314399319,0.09258733314399319,False,True,False,1.1958365163399876,1.1958365163399876
374,balanced,10,60,60,60,-1.0752191286494295,-0.0254169674107243,0.03908766286690479,1.0752191286494295,0.0254169674107243,0.03908766286690479,0.10991669033418536,0.1256271892454795,0.1329830540566127,0.1329830540566127,False,True,False,3.9087662866904793,3.9087662866904793
375,balanced,10,60,60,60,-0.47570551844533426,-0.01656664127000218,0.024036402338438956,0.47570551844533426,0.01656664127000218,0.024036402338438956,0.08342800340812269,0.10015620562340244,0.11715421755183186,0.11715421755183186,False,True,False,2.4036402338438956,2.4036402338438956
376,balanced,10,60,60,60,-0.9009810667444711,-0.0288026095816305,0.03709834958979896,0.9009810667444711,0.0288026095816305,0.03709834958979896,0.10055855344125722,0.10691564896336268,0.10061062198239136,0.10691564896336268,False,True,False,3.7098349589798962,3.7098349589798962
377,balanced,10,60,60,60,0.42413706171414844,0.0137942576022142,-0.006667271049127288,0.42413706171414844,0.0137942576022142,0.006667271049127288,0.08156773643851178,0.09157436334374704,0.09709836220770614,0.09709836220770614,False,True,False,1.37942576022142,1.37942576022142
378,balanced,10,60,60,60,-1.2719694516271183,-0.029472541947048514,0.03677791253596013,1.2719694516271183,0.029472541947048514,0.03677791253596013,0.18739467954179684,0.1405329925210641,0.14583925021300767,0.18739467954179684,False,False,False,3.677791253596013,3.677791253596013
379,balanced,10,60,60,60,-0.8074788154373422,-0.02262621188052616,0.024757374595795356,0.8074788154373422,0.02262621188052616,0.024757374595795356,0.13763135472877022,0.09565937707090788,0.08637697623781122,0.13763135472877022,False,True,False,2.4757374595795354,2.4757374595795354
380,balanced,10,60,60,60,-0.12082749021151784,0.00010830050818055881,0.013008844066354774,0.12082749021151784,0.00010830050818055881,0.013008844066354774,0.057341664299914795,0.11888194641673767,0.09565464356716842,0.11888194641673767,False,True,False,1.3008844066354774,1.3008844066354774
381,balanced,10,60,60,60,0.19890512812039773,-0.0011032965172145248,0.0035309096387964867,0.19890512812039773,0.0011032965172145248,0.0035309096387964867,0.06896241598030863,0.08734734450440215,0.05412288175707659,0.08734734450440215,True,True,True,0.39781025624079547,0.6239096036028725
382,balanced,10,60,60,60,-0.603619152427715,-0.00808606658268074,0.017771059171551584,0.603619152427715,0.00808606658268074,0.017771059171551584,0.09846634478841239,0.0932642241787371,0.1008425636656253,0.1008425636656253,False,True,False,1.7771059171551584,1.7771059171551584
383,balanced,10,60,60,60,1.1247252721379688,0.03291023806842064,-0.040006957430447965,1.1247252721379688,0.03291023806842064,0.040006957430447965,0.13021868787276342,0.17399886395910252,0.141877307583073,0.17399886395910252,False,False,False,4.000695743044797,4.000695743044797
384,balanced,10,60,60,60,-0.16453511528280984,0.01168123767884477,-0.014725369504398178,0.16453511528280984,0.01168123767884477,0.014725369504398178,0.06840859604279087,0.09015431222190666,0.07880810375840197,0.09015431222190666,False,True,False,1.4725369504398178,1.4725369504398178
385,balanced,10,60,60,60,-0.8736242037226631,-0.015640716889382844,0.024595068043663126,0.8736242037226631,0.015640716889382844,0.024595068043663126,0.09755751207043453,0.07661175802328885,0.09123828457824482,0.09755751207043453,False,True,False,2.4595068043663124,2.4595068043663124
386,balanced,10,60,60,60,-0.29574275624847957,-0.012291661042850843,0.008325552650982337,0.29574275624847957,0.012291661042850843,0.008325552650982337,0.0936192369591972,0.08915554293287892,0.07146643945848717,0.0936192369591972,False,True,False,1.2291661042850843,1.2291661042850843
387,balanced,10,60,60,60,-0.44867907973231524,-0.01167288337040051,0.006451326133007029,0.44867907973231524,0.01167288337040051,0.006451326133007029,0.1160560446842753,0.11402537158004354,0.10033134526176275,0.1160560446842753,False,True,False,1.167288337040051,1.167288337040051
388,balanced,10,60,60,60,0.5929846543858375,0.0172730970989855,-0.02290662152449907,0.5929846543858375,0.0172730970989855,0.02290662152449907,0.14133768815677364,0.13472971693647637,0.11890088043169554,0.14133768815677364,False,False,False,2.290662152449907,2.290662152449907
389,balanced,10,60,60,60,-0.39157599421440636,0.001115402441341451,0.005679620388840012,0.39157599421440636,0.001115402441341451,0.005679620388840012,0.10108397235633816,0.059911956830445895,0.08238189908170028,0.10108397235633816,True,True,True,0.7831519884288127,0.7831519884288127
390,balanced,10,60,60,60,0.790978600461365,0.016609247387567083,-0.021969620676146273,0.790978600461365,0.016609247387567083,0.021969620676146273,0.08828931174855628,0.09006437565085676,0.06833285998295939,0.09006437565085676,False,True,False,2.1969620676146273,2.1969620676146273
391,balanced,10,60,60,60,-0.22819928141534618,0.008910790444532024,0.0021628296834173555,0.22819928141534618,0.008910790444532024,0.0021628296834173555,0.0807819748177601,0.10060115497491243,0.09444286660986462,0.10060115497491243,True,True,True,0.8910790444532024,0.8910790444532024
392,balanced,10,60,60,60,0.026692694305346265,-0.00661307115244969,0.0035128801029862267,0.026692694305346265,0.00661307115244969,0.0035128801029862267,0.08188961469279561,0.0764839534223232,0.08816624065133011,0.08816624065133011,True,True,True,0.661307115244969,0.661307115244969
393,balanced,10,60,60,60,-1.6607684037298007,-0.04115037981557901,0.07050476597864797,1.6607684037298007,0.04115037981557901,0.07050476597864797,0.12584019691375556,0.15056328694499668,0.19484048092397993,0.19484048092397993,False,False,False,7.0504765978647965,7.0504765978647965
394,balanced,10,60,60,60,-0.10895550064340398,0.004860484462101744,0.002097558064951488,0.10895550064340398,0.004860484462101744,0.002097558064951488,0.0835747420240462,0.10017040613462085,0.07060020827416454,0.10017040613462085,True,True,True,0.4860484462101744,0.7155029009615774
395,balanced,10,60,60,60,0.15920360275004342,-0.0039962809670783805,0.007685273410075799,0.15920360275004342,0.0039962809670783805,0.007685273410075799,0.054653034175897,0.06904761904761905,0.08143046483006722,0.08143046483006722,True,True,True,0.7685273410075799,0.7685273410075799
396,balanced,10,60,60,60,-0.2146516860733385,0.004882331054527733,0.0016843814613367591,0.2146516860733385,0.004882331054527733,0.0016843814613367591,0.07345451102906371,0.12496449872195399,0.08686452712297643,0.12496449872195399,True,True,True,0.4882331054527733,0.8926035622996713
397,balanced,10,60,60,60,-0.5362265568186615,-0.010095671453953847,0.02110017875452258,0.5362265568186615,0.010095671453953847,0.02110017875452258,0.0846965824103001,0.08715327085108397,0.08969516235917827,0.08969516235917827,False,True,False,2.110017875452258,2.110017875452258
398,balanced,10,60,60,60,-0.7612286787439508,-0.02545229558038853,0.030858695031398875,0.7612286787439508,0.02545229558038853,0.030858695031398875,0.11002556092019312,0.10079996213197008,0.09453753668465398,0.11002556092019312,False,True,False,3.0858695031398873,3.0858695031398873
399,balanced,10,60,60,60,-0.5364608984400654,-0.011839133639018562,0.02592049963394283,0.5364608984400654,0.011839133639018562,0.02592049963394283,0.09575878064943671,0.09841900975101771,0.12254567831108587,0.12254567831108587,False,True,False,2.592049963394283,2.592049963394283
0,balanced,12,72,72,72,-0.036470056362592373,0.009117184938111755,-0.013616336322961997,0.036470056362592373,0.009117184938111755,0.013616336322961997,0.11000662690523526,0.10662611631796523,0.10457098677774622,0.11000662690523526,False,True,False,1.3616336322961997,1.3616336322961997
1,balanced,12,72,72,72,-0.5150625581088839,-0.019515885136737965,0.010226717664080676,0.5150625581088839,0.019515885136737965,0.010226717664080676,0.07377165577960806,0.10165199280507431,0.07015447000536464,0.10165199280507431,False,True,False,1.9515885136737965,1.9515885136737965
2,balanced,12,72,72,72,-0.5327374148246378,-0.008356349225389414,0.016029837107023603,0.5327374148246378,0.008356349225389414,0.016029837107023603,0.08691896241598031,0.07427656284515131,0.08694657452112721,0.08694657452112721,False,True,False,1.6029837107023603,1.6029837107023603
3,balanced,12,72,72,72,-1.012444503559994,-0.030116851020734248,0.05016021562983036,1.012444503559994,0.030116851020734248,0.05016021562983036,0.10375840196913756,0.12131181166966455,0.15164568146675503,0.15164568146675503,False,False,False,5.0160215629830365,5.0160215629830365
4,balanced,12,72,72,72,-0.9676501493861522,-0.015605675153150589,0.04376959550333809,0.9676501493861522,0.015605675153150589,0.04376959550333809,0.11268105651803464,0.10768721007289596,0.1294021584777052,0.1294021584777052,False,True,False,4.376959550333809,4.376959550333809
5,balanced,12,72,72,72,-0.4233098302824203,-0.01764972207170168,0.021138720504470576,0.4233098302824203,0.01764972207170168,0.021138720504470576,0.11555666003976144,0.12203367098993341,0.12456215090409921,0.12456215090409921,False,True,False,2.1138720504470574,2.1138720504470574
6,balanced,12,72,72,72,-0.29516991720029395,-0.005925336535322345,0.019056419666387436,0.29516991720029395,0.005925336535322345,0.019056419666387436,0.08314793777020417,0.05479425037079113,0.07230821420682255,0.08314793777020417,False,True,False,1.9056419666387436,1.9056419666387436
7,balanced,12,72,72,72,-1.0124266552802261,-0.023362079731836016,0.025881408745160872,1.0124266552802261,0.023362079731836016,0.025881408745160872,0.09232699043832245,0.1119946984758118,0.10171510618826722,0.1119946984758118,False,True,False,2.588140874516087,2.588140874516087
8,balanced,12,72,72,72,-0.09565112404128584,0.0026920186424778114,-0.00547535129683463,0.09565112404128584,0.0026920186424778114,0.00547535129683463,0.11401827132443434,0.13015162990312096,0.09609801508409858,0.13015162990312096,True,True,True,0.547535129683463,0.9296544993080067
9,balanced,12,72,72,72,-0.3876657096422136,-0.011323260653894662,0.010428506601960319,0.3876657096422136,0.011323260653894662,0.010428506601960319,0.0970249928997444,0.09338808419325317,0.08867035879958345,0.0970249928997444,False,True,False,1.1323260653894662,1.1323260653894662
10,balanced,12,72,72,72,0.10046569428080687,-0.003260613412208957,0.014152108257374063,0.10046569428080687,0.003260613412208957,0.014152108257374063,0.07034775474139292,0.08492300167250466,0.06064801666193316,0.08492300167250466,False,True,False,1.4152108257374063,1.4152108257374063
11,balanced,12,72,72,72,-1.069593774730322,-0.01673661326919762,0.0311647309821787,1.069593774730322,0.01673661326919762,0.0311647309821787,0.1102393575057591,0.07404777683107704,0.09698160244879926,0.1102393575057591,False,True,False,3.11647309821787,3.11647309821787
12,balanced,12,72,72,72,-0.3338359072350521,-0.012444123929289397,0.02264703016557007,0.3338359072350521,0.012444123929289397,0.02264703016557007,0.092749061188425,0.08162532740067531,0.10356906181955884,0.10356906181955884,False,True,False,2.264703016557007,2.264703016557007
13,balanced,12,72,72,72,0.03398044825831548,0.005515964605197765,-0.008886217573919886,0.03398044825831548,0.005515964605197765,0.008886217573919886,0.11976158919498879,0.0909661081132254,0.07860771876676449,0.11976158919498879,True,True,True,0.8886217573919886,0.8886217573919886
14,balanced,12,72,72,72,-0.08416001080241031,0.004133370297934369,0.01571485786217225,0.08416001080241031,0.004133370297934369,0.01571485786217225,0.05853371832497081,0.07674981854902332,0.08142415349174792,0.08142415349174792,False,True,False,1.571485786217225,1.571485786217225
15,balanced,12,72,72,72,-0.11865067560243503,0.0046685455022112965,0.0066488613688551745,0.11865067560243503,0.0046685455022112965,0.0066488613688551745,0.06766543595569441,0.04821073558648111,0.06411136356464388,0.06766543595569441,True,True,True,0.6648861368855175,0.6648861368855175
16,balanced,12,72,72,72,-0.6228461935663212,-0.004266716015551619,0.02176427270011172,0.6228461935663212,0.004266716015551619,0.02176427270011172,0.11765518003092555,0.0985712707879706,0.10853924074600019,0.11765518003092555,False,True,False,2.176427270011172,2.176427270011172
17,balanced,12,72,72,72,0.4088208932469364,0.012166356157381153,-0.020722657772871966,0.4088208932469364,0.012166356157381153,0.020722657772871966,0.11174618952948973,0.09192069803401812,0.12560746631323172,0.12560746631323172,False,True,False,2.0722657772871966,2.0722657772871966
18,balanced,12,72,72,72,-0.21464936679035773,-0.0036593525497923274,0.004395035178654694,0.21464936679035773,0.0036593525497923274,0.004395035178654694,0.06026144718987661,0.043343115907728234,0.05764224178737101,0.06026144718987661,True,True,True,0.4395035178654694,0.4395035178654694
19,balanced,12,72,72,72,0.4688211804088205,0.015579645942766396,-0.010136403939845606,0.4688211804088205,0.015579645942766396,0.010136403939845606,0.08201978604563098,0.1054821862475938,0.07264744864148442,0.1054821862475938,False,True,False,1.5579645942766396,1.5579645942766396
20,balanced,12,72,72,72,-0.6386002045084851,-0.007033126525297306,0.015934734119254057,0.6386002045084851,0.007033126525297306,0.015934734119254057,0.08673356685285115,0.08416958566063934,0.0983424847738963,0.0983424847738963,False,True,False,1.5934734119254057,1.5934734119254057
21,balanced,12,72,72,72,-0.39072383852900217,-0.009472310225713154,0.019981416594595236,0.39072383852900217,0.009472310225713154,0.019981416594595236,0.08429186784057559,0.06618621603711067,0.08129398213891256,0.08429186784057559,False,True,False,1.9981416594595236,1.9981416594595236
22,balanced,12,72,72,72,-0.34706217791071836,-0.009327587043789665,0.016647327619238983,0.34706217791071836,0.009327587043789665,0.016647327619238983,0.06506200889898703,0.06912887752847992,0.10974233961311496,0.10974233961311496,False,True,False,1.6647327619238983,1.6647327619238983
23,balanced,12,72,72,72,-0.19031032004720672,0.0012871648978374228,0.004917282797754219,0.19031032004720672,0.0012871648978374228,0.004917282797754219,0.04669206980340181,0.06032456057306952,0.06139748808734892,0.06139748808734892,True,True,True,0.4917282797754219,0.4917282797754219
24,balanced,12,72,72,72,-0.6230892348167032,-0.017319171061662475,0.03504063062819607,0.6230892348167032,0.017319171061662475,0.03504063062819607,0.13092476884723406,0.10775426804253842,0.13223437154848686,0.13223437154848686,False,True,False,3.5040630628196068,3.5040630628196068
25,balanced,12,72,72,72,0.46015312858329693,0.02405622612547742,-0.011890349205639306,0.46015312858329693,0.02405622612547742,0.011890349205639306,0.08885180977626306,0.10390435166777115,0.07075799173214681,0.10390435166777115,False,True,False,2.405622612547742,2.405622612547742
26,balanced,12,72,72,72,-0.13564684734177845,0.0001016235462015791,0.011219266574774567,0.13564684734177845,0.0001016235462015791,0.011219266574774567,0.05681387863296412,0.06911309918268169,0.07701016125469405,0.07701016125469405,False,True,False,1.1219266574774567,1.1219266574774567
27,balanced,12,72,72,72,-0.037743542711950795,0.004703349233785126,0.011299981042687202,0.037743542711950795,0.004703349233785126,0.011299981042687202,0.06070718545867651,0.09055587112247152,0.08970778503581685,0.09055587112247152,False,True,False,1.1299981042687202,1.1299981042687202
28,balanced,12,72,72,72,-0.07783548115456185,-0.00046729202622874944,0.0097253537636941,0.07783548115456185,0.00046729202622874944,0.0097253537636941,0.08256019438922023,0.04369812868818833,0.07178752879548109,0.08256019438922023,True,True,True,0.97253537636941,0.97253537636941
29,balanced,12,72,72,72,0.05731035525165851,0.0006066739835203228,-0.0015221122441747004,0.05731035525165851,0.0006066739835203228,0.0015221122441747004,0.04926394016851273,0.051989649405156366,0.061267316734513556,0.061267316734513556,True,True,True,0.15221122441747004,0.43762369096081105
30,balanced,12,72,72,72,-0.23325983761512248,-0.009785694684135371,0.007085704586516306,0.23325983761512248,0.009785694684135371,0.007085704586516306,0.060454731925904885,0.07465524314430876,0.09050459149862729,0.09050459149862729,True,True,True,0.9785694684135371,0.9785694684135371
31,balanced,12,72,72,72,-0.09268675988345976,-0.0035159019684271042,0.006288612913698921,0.09268675988345976,0.0035159019684271042,0.006288612913698921,0.0721583199217394,0.05225393669727666,0.08377907160213323,0.08377907160213323,True,True,True,0.6288612913698921,0.6288612913698921
32,balanced,12,72,72,72,-0.5044121352708579,-0.0001741572110663947,0.01929257466597173,0.5044121352708579,0.0001741572110663947,0.01929257466597173,0.11277178200637446,0.12344583293887469,0.10307993309981381,0.12344583293887469,False,True,False,1.929257466597173,1.929257466597173
33,balanced,12,72,72,72,-0.8318356680747492,-0.02882614907014447,0.0374288322304131,0.8318356680747492,0.02882614907014447,0.0374288322304131,0.13096027012528005,0.14086512670011675,0.1443363627757266,0.1443363627757266,False,False,False,3.74288322304131,3.74288322304131
34,balanced,12,72,72,72,-0.2957852424392904,-0.019596112160762957,0.010998266883966656,0.2957852424392904,0.019596112160762957,0.010998266883966656,0.06729858941588564,0.09087143803843604,0.0702846413582,0.09087143803843604,False,True,False,1.9596112160762957,1.9596112160762957
35,balanced,12,72,72,72,-0.12279277455900584,0.00492846438730965,-0.003037420897903542,0.12279277455900584,0.00492846438730965,0.003037420897903542,0.09529331944838904,0.08780649436713055,0.10930843510366373,0.10930843510366373,True,True,True,0.492846438730965,0.7807745364547408
36,balanced,12,72,72,72,-0.3312164685339063,-0.021548925478141245,0.03048729092539404,0.3312164685339063,0.021548925478141245,0.03048729092539404,0.07895878696077503,0.15424121935056329,0.1156513301145508,0.15424121935056329,False,False,False,3.048729092539404,3.048729092539404
37,balanced,12,72,72,72,-0.1462888857930693,-0.002747753731622282,0.010261022672415243,0.1462888857930693,0.002747753731622282,0.010261022672415243,0.05779213607245416,0.06773249392533687,0.06897503865694721,0.06897503865694721,False,True,False,1.0261022672415243,1.0261022672415243
38,balanced,12,72,72,72,-0.3200012850638849,-0.01038050392158929,0.015407444785397184,0.3200012850638849,0.01038050392158929,0.015407444785397184,0.08889914481365774,0.08478494114677017,0.10522578812837262,0.10522578812837262,False,True,False,1.5407444785397184,1.5407444785397184
39,balanced,12,72,72,72,-0.35386165061365205,-0.005592510407714024,0.014435645586444668,0.35386165061365205,0.005592510407714024,0.014435645586444668,0.08639827700463884,0.054293287891697434,0.08650478083877686,0.08650478083877686,False,True,False,1.4435645586444668,1.4435645586444668
40,balanced,12,72,72,72,-0.15203256155482237,-0.007027362673363791,0.0017823642433790754,0.15203256155482237,0.007027362673363791,0.0017823642433790754,0.0611174224494304,0.06594165167723816,0.06722364227334406,0.06722364227334406,True,True,True,0.7027362673363791,0.7027362673363791
41,balanced,12,72,72,72,-1.1031501168552431,-0.03185687906763357,0.0400543978441365,1.1031501168552431,0.03185687906763357,0.0400543978441365,0.12761526081605604,0.10980545299630787,0.11270077945028244,0.12761526081605604,False,True,False,4.0054397844136505,4.0054397844136505
42,balanced,12,72,72,72,-0.5455671291757973,-0.01613543792454486,0.012902557260404901,0.5455671291757973,0.01613543792454486,0.012902557260404901,0.09790463567799552,0.13763845498437943,0.09838981981129098,0.13763845498437943,False,True,False,1.613543792454486,1.613543792454486
43,balanced,12,72,72,72,-0.09610837113957871,0.0024269302962077743,0.0029865343230740526,0.09610837113957871,0.0024269302962077743,0.0029865343230740526,0.06415080942913945,0.06207990154312222,0.06933005143740731,0.06933005143740731,True,True,True,0.29865343230740526,0.4952146531243379
44,balanced,12,72,72,72,-0.25066869204674447,-0.005034049655544548,0.013450155842166078,0.25066869204674447,0.005034049655544548,0.013450155842166078,0.07859982959386538,0.08368440152734387,0.0659653191959355,0.08368440152734387,False,True,False,1.3450155842166078,1.3450155842166078
45,balanced,12,72,72,72,-0.2522356253077547,-0.004416403560719484,0.018107402687216168,0.2522356253077547,0.004416403560719484,0.018107402687216168,0.09452412509072548,0.08605904256997696,0.06985073684874878,0.09452412509072548,False,True,False,1.8107402687216168,1.8107402687216168
46,balanced,12,72,72,72,-0.9052320991499698,-0.02521832317665018,0.030696015060306447,0.9052320991499698,0.02521832317665018,0.030696015060306447,0.1056912493294203,0.10445264918425952,0.1232722711350942,0.1232722711350942,False,True,False,3.0696015060306445,3.0696015060306445
47,balanced,12,72,72,72,-0.5029979687144674,-0.024692875119263658,0.026764014560259675,0.5029979687144674,0.024692875119263658,0.026764014560259675,0.08243002303638486,0.12322099151124996,0.097660071318123,0.12322099151124996,False,True,False,2.6764014560259675,2.6764014560259675
48,balanced,12,72,72,72,0.03779625814398102,-0.0027839937695669503,-0.0016955643992183078,0.03779625814398102,0.0027839937695669503,0.0016955643992183078,0.060738742150272966,0.05774085644860993,0.0656655306257692,0.0656655306257692,True,True,True,0.27839937695669503,0.46903950446977993
49,balanced,12,72,72,72,-0.3254863826311478,0.0012835853077828308,-0.0024012095601748107,0.3254863826311478,0.0012835853077828308,0.0024012095601748107,0.10864968916658778,0.0711682287229007,0.06819006595348544,0.10864968916658778,True,True,True,0.6509727652622956,0.7760692083327698
50,balanced,12,72,72,72,-0.3900629819641104,-0.014541497757581179,0.009681759226597864,0.3900629819641104,0.014541497757581179,0.009681759226597864,0.07133390135378206,0.09826359304490517,0.067846886932374,0.09826359304490517,False,True,False,1.4541497757581179,1.4541497757581179
51,balanced,12,72,72,72,-0.5812711061248983,-0.01811247473512856,0.030384241686457425,0.5812711061248983,0.01811247473512856,0.030384241686457425,0.09415727855091673,0.11358042222853357,0.10853135157310108,0.11358042222853357,False,True,False,3.0384241686457423,3.0384241686457423
52,balanced,12,72,72,72,-0.6746963667747039,-0.013780887231775174,0.0355118495312276,0.6746963667747039,0.013780887231775174,0.0355118495312276,0.08476521821452239,0.08461926851588879,0.15589794565937706,0.15589794565937706,False,False,False,3.55118495312276,3.55118495312276
53,balanced,12,72,72,72,-0.09172859535051714,-0.0132963614883167,0.014766316840576665,0.09172859535051714,0.0132963614883167,0.014766316840576665,0.06701457919151756,0.07514042727760421,0.06285698507368488,0.07514042727760421,False,True,False,1.4766316840576665,1.4766316840576665
54,balanced,12,72,72,72,-0.07965992634922259,-0.001062951871634632,0.0013708263018340494,0.07965992634922259,0.001062951871634632,0.0013708263018340494,0.05317696992647291,0.07417400359746285,0.06764176843699707,0.07417400359746285,True,True,True,0.15931985269844517,0.5298143114104489
55,balanced,12,72,72,72,-0.3796694286541893,-0.007819274950901622,0.0033335267466250706,0.3796694286541893,0.007819274950901622,0.0033335267466250706,0.07618968727318629,0.07208731736564739,0.060853135157310105,0.07618968727318629,True,True,True,0.7819274950901622,0.7819274950901622
56,balanced,12,72,72,72,-0.4223761831267119,-0.014874990919113928,0.026923759406170367,0.4223761831267119,0.014874990919113928,0.026923759406170367,0.14705023825302155,0.09595600997191454,0.12436492158162138,0.14705023825302155,False,False,False,2.6923759406170364,2.6923759406170364
57,balanced,12,72,72,72,-0.6883826396077986,-0.015210861022817879,0.025414681196985367,0.6883826396077986,0.015210861022817879,0.025414681196985367,0.09827148221780428,0.12396651835021616,0.1110401085550191,0.12396651835021616,False,True,False,2.5414681196985365,2.5414681196985365
58,balanced,12,72,72,72,0.021289175628627532,-0.008419340986888124,0.004250826242014227,0.021289175628627532,0.008419340986888124,0.004250826242014227,0.06452948972829689,0.09528543027548991,0.05260106030483764,0.09528543027548991,True,True,True,0.8419340986888124,0.8419340986888124
59,balanced,12,72,72,72,-0.8079310464736125,-0.025065798202038914,0.03136320187642555,0.8079310464736125,0.025065798202038914,0.03136320187642555,0.08962889330682572,0.11175407870238885,0.10425147527533213,0.11175407870238885,False,True,False,3.136320187642555,3.136320187642555
60,balanced,12,72,72,72,-0.3883300365219462,-0.00472282524461376,-0.004361281864400601,0.3883300365219462,0.00472282524461376,0.004361281864400601,0.07928618763608823,0.08920682255672316,0.09510792388525988,0.09510792388525988,True,True,True,0.7766600730438924,0.7766600730438924
61,balanced,12,72,72,72,-0.3695117772827423,-0.015490029724652077,0.009113422108965707,0.3695117772827423,0.015490029724652077,0.009113422108965707,0.0982793713907034,0.0757518381772855,0.07672220644387642,0.0982793713907034,False,True,False,1.5490029724652077,1.5490029724652077
62,balanced,12,72,72,72,0.0765628012143651,0.00427451699421022,-0.011127487569689232,0.0765628012143651,0.00427451699421022,0.011127487569689232,0.07051737195872385,0.07878128057054498,0.10760437375745527,0.10760437375745527,False,True,False,1.1127487569689232,1.1127487569689232
63,balanced,12,72,72,72,0.09045531936385132,0.011299707105873469,-0.012231085366314287,0.09045531936385132,0.011299707105873469,0.012231085366314287,0.11030641547540156,0.0982517592855565,0.07295512638454985,0.11030641547540156,False,True,False,1.2231085366314287,1.2231085366314287
64,balanced,12,72,72,72,-1.1889099950137876,-0.030064110430294666,0.042281416379687464,1.1889099950137876,0.030064110430294666,0.042281416379687464,0.16685600681624538,0.16116791315598472,0.12652655495597842,0.16685600681624538,False,False,False,4.228141637968746,4.228141637968746
65,balanced,12,72,72,72,-0.33434339442614913,-0.012877675283830659,0.009856767104261976,0.33434339442614913,0.012877675283830659,0.009856767104261976,0.09823203635330872,0.10345466881252169,0.08238268799899019,0.10345466881252169,False,True,False,1.2877675283830659,1.2877675283830659
66,balanced,12,72,72,72,-0.2823366994204939,-0.009219038293310056,0.017081648246226322,0.2823366994204939,0.009219038293310056,0.017081648246226322,0.0569795512638455,0.07604373757455268,0.08543579791094702,0.08543579791094702,False,True,False,1.7081648246226322,1.7081648246226322
67,balanced,12,72,72,72,-0.46718563714389205,-0.011884473567751463,0.018763732558681856,0.46718563714389205,0.011884473567751463,0.018763732558681856,0.08698207579917322,0.05616302186878728,0.07177963962258196,0.08698207579917322,False,True,False,1.8763732558681856,1.8763732558681856
68,balanced,12,72,72,72,-0.2668410679905797,-0.013546442295658379,0.018283072683490942,0.2668410679905797,0.013546442295658379,0.018283072683490942,0.05803670043232668,0.07187825428382089,0.09614535012149326,0.09614535012149326,False,True,False,1.8283072683490942,1.8283072683490942
69,balanced,12,72,72,72,-0.7016725812895181,-0.014941639673922924,0.01950527456521467,0.7016725812895181,0.014941639673922924,0.01950527456521467,0.09149073811101643,0.08882419767111616,0.08093108018555335,0.09149073811101643,False,True,False,1.950527456521467,1.950527456521467
70,balanced,12,72,72,72,-0.8856621657354573,-0.031603752835473786,0.05288814383905205,0.8856621657354573,0.031603752835473786,0.05288814383905205,0.09732083688346113,0.11502808545552085,0.12448325917510808,0.12448325917510808,False,True,False,5.288814383905205,5.288814383905205
71,balanced,12,72,72,72,0.08909137965479985,0.0016028364775441117,0.002101005345113982,0.08909137965479985,0.0016028364775441117,0.002101005345113982,0.05613146517719082,0.0744501246489318,0.08470210483132948,0.08470210483132948,True,True,True,0.2101005345113982,0.6050150345094962
72,balanced,12,72,72,72,-0.4265555548545841,-0.016640403094107414,0.02611214856963434,0.4265555548545841,0.016640403094107414,0.02611214856963434,0.1054190728644009,0.07120767458739626,0.1014350405503487,0.1054190728644009,False,True,False,2.611214856963434,2.611214856963434
73,balanced,12,72,72,72,0.2865733960062258,0.0016631029822284926,-0.012951639139045401,0.2865733960062258,0.0016631029822284926,0.012951639139045401,0.08770787970589164,0.08657183880841933,0.07634747073116854,0.08770787970589164,False,True,False,1.29516391390454,1.29516391390454
74,balanced,12,72,72,72,-1.0366766195704251,-0.03307776431793752,0.04746833146689111,1.0366766195704251,0.03307776431793752,0.04746833146689111,0.1493578213260122,0.12152481933794061,0.11403799425668212,0.1493578213260122,False,False,False,4.746833146689111,4.746833146689111
75,balanced,12,72,72,72,0.15380341398617858,-0.0084446849646308,0.010400479949541575,0.15380341398617858,0.0084446849646308,0.010400479949541575,0.05912540629240431,0.10300104137082268,0.06930638391870997,0.10300104137082268,False,True,False,1.0400479949541575,1.0400479949541575
76,balanced,12,72,72,72,-0.5615422071227982,-0.013035208704287538,0.012788228308105887,0.5615422071227982,0.013035208704287538,0.012788228308105887,0.08930938180441163,0.09737211650730537,0.09433872952759632,0.09737211650730537,False,True,False,1.3035208704287538,1.3035208704287538
77,balanced,12,72,72,72,-0.2372397192196729,-0.002061742351003759,0.006446727789882811,0.2372397192196729,0.002061742351003759,0.006446727789882811,0.0848283315977153,0.05958297832055287,0.04785966739247057,0.0848283315977153,True,True,True,0.6446727789882811,0.6446727789882811
78,balanced,12,72,72,72,-0.0807375385903093,-0.002372849208329031,0.0013142564751480457,0.0807375385903093,0.002372849208329031,0.0013142564751480457,0.05821026223610717,0.05158335700085203,0.05176086339108208,0.05821026223610717,True,True,True,0.2372849208329031,0.41578758740076543
79,balanced,12,72,72,72,-0.558595068707401,-0.0083138606338512,0.028754538629148507,0.558595068707401,0.0083138606338512,0.028754538629148507,0.10272097573290416,0.0997073116854429,0.09825964845845561,0.10272097573290416,False,True,False,2.8754538629148505,2.8754538629148505
80,balanced,12,72,72,72,-0.7243672352244381,-0.019899152522830144,0.03221959380675793,0.7243672352244381,0.019899152522830144,0.03221959380675793,0.10171905077471678,0.10729669601438985,0.11490185868913504,0.11490185868913504,False,True,False,3.2219593806757927,3.2219593806757927
81,balanced,12,72,72,72,-0.10479765546417497,-0.005760007944915824,0.003017138358978322,0.10479765546417497,0.005760007944915824,0.003017138358978322,0.08815756256114109,0.0632277761999432,0.07230032503392345,0.08815756256114109,True,True,True,0.5760007944915824,0.629696875436722
82,balanced,12,72,72,72,0.19832689154059935,0.008980292109435739,-0.01860256919394515,0.19832689154059935,0.008980292109435739,0.01860256919394515,0.07141673766922275,0.0798542080848244,0.09664631260058695,0.09664631260058695,False,True,False,1.860256919394515,1.860256919394515
83,balanced,12,72,72,72,-0.7458821874072257,-0.025308093566577483,0.030832451437441122,0.7458821874072257,0.025308093566577483,0.030832451437441122,0.0983345956009972,0.12787165893527722,0.13382798447410774,0.13382798447410774,False,True,False,3.083245143744112,3.083245143744112
84,balanced,12,72,72,72,-0.9944267280773644,-0.02096328376619072,0.038667755077640587,0.9944267280773644,0.02096328376619072,0.038667755077640587,0.13425794439710942,0.14135820000631133,0.1254812395468459,0.14135820000631133,False,False,False,3.8667755077640584,3.8667755077640584
85,balanced,12,72,72,72,0.6471072162644766,0.023975200647564865,-0.012335160301847059,0.6471072162644766,0.023975200647564865,0.012335160301847059,0.11256271892454794,0.13400943545078733,0.08612215595316987,0.13400943545078733,False,True,False,2.3975200647564865,2.3975200647564865
86,balanced,12,72,72,72,0.3364836764458268,0.012883323458617424,-0.015461874370001072,0.3364836764458268,0.012883323458617424,0.015461874370001072,0.08630360692984948,0.07318391239862412,0.09130534254788727,0.09130534254788727,False,True,False,1.5461874370001072,1.5461874370001072
87,balanced,12,72,72,72,-0.5200070415479949,-0.0046972921049068805,0.013240210588138623,0.5200070415479949,0.0046972921049068805,0.013240210588138623,0.06755893212155638,0.06196156394963552,0.10905203698444255,0.10905203698444255,False,True,False,1.3240210588138623,1.3240210588138623
88,balanced,12,72,72,72,-0.5154615118645474,-0.011661576203718327,0.01783518703276371,0.5154615118645474,0.011661576203718327,0.01783518703276371,0.09814131086496891,0.07916785004260153,0.0972340559815709,0.09814131086496891,False,True,False,1.783518703276371,1.783518703276371
89,balanced,12,72,72,72,-0.43365597803161293,-0.007067340419240842,0.02873185750960716,0.43365597803161293,0.007067340419240842,0.02873185750960716,0.09677648395342232,0.08186200258764871,0.11932374009908801,0.11932374009908801,False,True,False,2.873185750960716,2.873185750960716
90,balanced,12,72,72,72,-0.4809151763263415,-0.00836234445924322,0.004157632775963704,0.4809151763263415,0.00836234445924322,0.004157632775963704,0.13816702956862004,0.11135173088453407,0.07400833096658146,0.13816702956862004,True,True,True,0.961830352652683,0.9869073540615716
91,balanced,12,72,72,72,0.5240308038516304,0.029756843740197048,-0.03790044331266357,0.5240308038516304,0.029756843740197048,0.03790044331266357,0.1309208242607845,0.15276199943197954,0.10971078292151851,0.15276199943197954,False,False,False,3.7900443312663565,3.7900443312663565
92,balanced,12,72,72,72,0.828558987258873,0.028116032177658457,-0.03327757085948113,0.828558987258873,0.028116032177658457,0.03327757085948113,0.08291126258323077,0.10596342579443971,0.10164015904572564,0.10596342579443971,False,True,False,3.327757085948113,3.327757085948113
93,balanced,12,72,72,72,-0.38388537114293797,-0.004873155195396106,0.012939036803471915,0.38388537114293797,0.004873155195396106,0.012939036803471915,0.10897314525545142,0.07857616207516804,0.09207848149200037,0.10897314525545142,False,True,False,1.2939036803471915,1.2939036803471915
94,balanced,12,72,72,72,-0.6674068246824589,-0.012600413102787145,0.02912236391085138,0.6674068246824589,0.012600413102787145,0.02912236391085138,0.10962005743317871,0.13912950866231186,0.1397803654264887,0.1397803654264887,False,True,False,2.9122363910851377,2.9122363910851377
95,balanced,12,72,72,72,-0.3367494021399615,-0.0019017200227058328,-0.0058818656326721785,0.3367494021399615,0.0019017200227058328,0.0058818656326721785,0.091076556533813,0.06781927482722712,0.07362570608097448,0.091076556533813,True,True,True,0.673498804279923,0.673498804279923
96,balanced,12,72,72,72,-0.780758832018595,-0.02158438010071484,0.026881926413984125,0.780758832018595,0.02158438010071484,0.026881926413984125,0.10463804474738868,0.08515178768657894,0.1142036668875635,0.1142036668875635,False,True,False,2.6881926413984125,2.6881926413984125
97,balanced,12,72,72,72,-0.657849113928954,-0.01928926082672089,0.02329437851734739,0.657849113928954,0.01928926082672089,0.02329437851734739,0.07516409479630155,0.0911041686389599,0.0879563886522137,0.0911041686389599,False,True,False,2.329437851734739,2.329437851734739
98,balanced,12,72,72,72,-0.6620381945911333,-0.027440952233686033,0.0278076094682293,0.6620381945911333,0.027440952233686033,0.0278076094682293,0.08149515604783994,0.12613998548392186,0.09199564517655968,0.12613998548392186,False,True,False,2.7807609468229297,2.7807609468229297
99,balanced,12,72,72,72,0.10969795042839081,0.0029673233904302654,-0.0008503725541686991,0.10969795042839081,0.0029673233904302654,0.0008503725541686991,0.05743317870554451,0.07512859351825554,0.055677837735491814,0.07512859351825554,True,True,True,0.29673233904302654,0.5366328108446824
100,balanced,12,72,72,72,0.27821808312902263,0.009385905028501118,-0.013362701123014686,0.27821808312902263,0.009385905028501118,0.013362701123014686,0.09235065795701979,0.07147196187951656,0.0909661081132254,0.09235065795701979,False,True,False,1.3362701123014686,1.3362701123014686
101,balanced,12,72,72,72,-0.6174319063169413,-0.018167936236210935,0.038368083981948686,0.6174319063169413,0.018167936236210935,0.038368083981948686,0.09773896304711414,0.07501814509766797,0.0905124806715264,0.09773896304711414,False,True,False,3.8368083981948686,3.8368083981948686
102,balanced,12,72,72,72,-0.569104659015288,-0.013630183096277948,0.029845010003226202,0.569104659015288,0.013630183096277948,0.029845010003226202,0.09751017703303985,0.10711130045126069,0.09864621793051216,0.10711130045126069,False,True,False,2.98450100032262,2.98450100032262
103,balanced,12,72,72,72,0.5063461454831852,0.0191186092242126,-0.024064634636514037,0.5063461454831852,0.0191186092242126,0.024064634636514037,0.10387673956262425,0.09112389157120768,0.10472877023572849,0.10472877023572849,False,True,False,2.4064634636514035,2.4064634636514035
104,balanced,12,72,72,72,-0.05877044544051202,-0.001077035538568638,0.0005455686921322367,0.05877044544051202,0.001077035538568638,0.0005455686921322367,0.0829546530341759,0.08630755151629903,0.07721922433652056,0.08630755151629903,True,True,True,0.11754089088102404,0.6164825108307073
105,balanced,12,72,72,72,-0.6949053348313221,-0.015892642129342494,0.017674595511152413,0.6949053348313221,0.015892642129342494,0.017674595511152413,0.0871832497081006,0.07207942819274828,0.12174966076556534,0.12174966076556534,False,True,False,1.7674595511152413,1.7674595511152413
106,balanced,12,72,72,72,-0.15491591637766433,-0.006679134539976039,-0.013154011912699215,0.15491591637766433,0.006679134539976039,0.013154011912699215,0.07488008457193347,0.07189403262961912,0.09638991448136577,0.09638991448136577,False,True,False,1.3154011912699215,1.3154011912699215
107,balanced,12,72,72,72,-0.10997642489371273,0.003331035899903023,0.0037064081785851966,0.10997642489371273,0.003331035899903023,0.0037064081785851966,0.08437075956956673,0.07374404367446116,0.08536085076840544,0.08536085076840544,True,True,True,0.37064081785851966,0.6097203626314673
108,balanced,12,72,72,72,-1.162463116103762,-0.02405650364579215,0.03527979033310624,1.162463116103762,0.02405650364579215,0.03527979033310624,0.13346902710719807,0.1392320679100003,0.1131031272681372,0.1392320679100003,False,True,False,3.5279790333106242,3.5279790333106242
109,balanced,12,72,72,72,-0.8383238058497327,-0.02104992698187469,0.03986397119688723,0.8383238058497327,0.02104992698187469,0.03986397119688723,0.10399902174256051,0.08826801098172868,0.10764381962195084,0.10764381962195084,False,True,False,3.9863971196887227,3.9863971196887227
110,balanced,12,72,72,72,0.326556708295211,-0.0007905665095132575,0.0017356537596488475,0.326556708295211,0.0007905665095132575,0.0017356537596488475,0.06848590993720219,0.04945328031809145,0.07501814509766797,0.07501814509766797,True,True,True,0.653113416590422,0.653113416590422
111,balanced,12,72,72,72,0.023356595846315997,0.010418460711292488,-0.01609461911814697,0.023356595846315997,0.010418460711292488,0.01609461911814697,0.08134920634920635,0.10015699454069235,0.09126984126984126,0.10015699454069235,False,True,False,1.6094619118146969,1.6094619118146969
112,balanced,12,72,72,72,-0.6176370456361298,-0.0196463464586748,0.019405611304717796,0.6176370456361298,0.0196463464586748,0.019405611304717796,0.08444965129855786,0.0879840007573606,0.08365284483574742,0.0879840007573606,False,True,False,1.9646346458674802,1.9646346458674802
113,balanced,12,72,72,72,-0.03773623120885716,0.002793721965073215,0.005416549359703315,0.03773623120885716,0.002793721965073215,0.005416549359703315,0.05320852661806936,0.06624144024740446,0.04897204077124554,0.06624144024740446,True,True,True,0.5416549359703315,0.5416549359703315
114,balanced,12,72,72,72,-0.3393528734190774,-0.007450914934821751,0.016344907155825927,0.3393528734190774,0.007450914934821751,0.016344907155825927,0.07835526523399287,0.10239357505759096,0.07796869576193632,0.10239357505759096,False,True,False,1.6344907155825927,1.6344907155825927
115,balanced,12,72,72,72,-0.8439114234060625,-0.016294343493595487,0.036055113013365,0.8439114234060625,0.016294343493595487,0.036055113013365,0.12061361986809303,0.12072406828868061,0.12643188488118906,0.12643188488118906,False,True,False,3.6055113013365,3.6055113013365
116,balanced,12,72,72,72,-0.8369780786709597,-0.016757522909721656,0.030441699167036818,0.8369780786709597,0.016757522909721656,0.030441699167036818,0.12264902647606425,0.09254394269304807,0.1016717157373221,0.12264902647606425,False,True,False,3.0441699167036815,3.0441699167036815
117,balanced,12,72,72,72,-0.442036960642497,-0.010752518033532166,0.02129686652822088,0.442036960642497,0.010752518033532166,0.02129686652822088,0.08222884912745748,0.1006619016062356,0.10790021774117202,0.10790021774117202,False,True,False,2.129686652822088,2.129686652822088
118,balanced,12,72,72,72,-0.6603909341371725,-0.008174084844404184,0.025983111188174535,0.6603909341371725,0.008174084844404184,0.025983111188174535,0.10265786234971126,0.07567689103474391,0.09257549938464452,0.10265786234971126,False,True,False,2.5983111188174535,2.5983111188174535
119,balanced,12,72,72,72,-0.09465889214243006,-0.0032513136389001884,-0.0012941378786056612,0.09465889214243006,0.0032513136389001884,0.0012941378786056612,0.05675865442267033,0.08175155416706112,0.07251727728864905,0.08175155416706112,True,True,True,0.32513136389001884,0.5839396726218651
120,balanced,12,72,72,72,0.15627503316835956,0.0048581284229477495,-0.0018814516250179047,0.15627503316835956,0.0048581284229477495,0.0018814516250179047,0.07118400706869892,0.08794061030641548,0.0706948783489539,0.08794061030641548,True,True,True,0.48581284229477495,0.6281472164743962
121,balanced,12,72,72,72,-1.0035285957531563,-0.012020883764373047,0.02930914318845762,1.0035285957531563,0.012020883764373047,0.02930914318845762,0.09513553599040676,0.08249313641957777,0.11894111521348102,0.11894111521348102,False,True,False,2.930914318845762,2.930914318845762
122,balanced,12,72,72,72,-0.5661494342363866,-0.005074362677549016,0.01119998348912693,0.5661494342363866,0.005074362677549016,0.01119998348912693,0.11922118085139954,0.13518097762630565,0.11501625169617218,0.13518097762630565,False,True,False,1.1322988684727733,1.1322988684727733
123,balanced,12,72,72,72,-0.7186527127567075,-0.02751711496599596,0.045211526855357176,0.7186527127567075,0.02751711496599596,0.045211526855357176,0.14623370885796333,0.13657736122944872,0.16690334185364006,0.16690334185364006,False,False,False,4.521152685535718,4.521152685535718
124,balanced,12,72,72,72,-0.33228210686409554,-0.0133420890128092,0.02885365251280625,0.33228210686409554,0.0133420890128092,0.02885365251280625,0.09550632711666508,0.09317113193852757,0.13907822903846762,0.13907822903846762,False,True,False,2.885365251280625,2.885365251280625
125,balanced,12,72,72,72,-0.5392933760626484,-0.011522709385104246,0.025749579465581873,0.5392933760626484,0.011522709385104246,0.025749579465581873,0.10435403452302061,0.091912808861119,0.09750228786014074,0.10435403452302061,False,True,False,2.5749579465581873,2.5749579465581873
126,balanced,12,72,72,72,-0.5458485491948792,-0.004715263733149677,0.020891810126133392,0.5458485491948792,0.004715263733149677,0.020891810126133392,0.0896210041339266,0.09771924011486635,0.08351872889646249,0.09771924011486635,False,True,False,2.089181012613339,2.089181012613339
127,balanced,12,72,72,72,-0.9593777399470724,-0.014874717731158893,0.025972803982539927,0.9593777399470724,0.014874717731158893,0.025972803982539927,0.11471646312600586,0.0971512196661302,0.08555808009088327,0.11471646312600586,False,True,False,2.5972803982539925,2.5972803982539925
128,balanced,12,72,72,72,0.18316597330472817,0.012284659373547169,-0.011845073476075108,0.18316597330472817,0.012284659373547169,0.011845073476075108,0.0857553094133611,0.11279150493862224,0.07380715705765407,0.11279150493862224,False,True,False,1.2284659373547169,1.2284659373547169
129,balanced,12,72,72,72,0.04250265414090748,-0.005340689889803185,0.004460316596704095,0.04250265414090748,0.005340689889803185,0.004460316596704095,0.0708487172204866,0.051812143014926315,0.054458960522578814,0.0708487172204866,True,True,True,0.5340689889803185,0.5340689889803185
130,balanced,12,72,72,72,-0.762788270037376,-0.03627542726418831,0.028364146987541805,0.762788270037376,0.03627542726418831,0.028364146987541805,0.1153239294392376,0.16817744327684686,0.11367509230332291,0.16817744327684686,False,False,False,3.627542726418831,3.627542726418831
131,balanced,12,72,72,72,-0.9292155379596743,-0.02654955028383077,0.037801547214333264,0.9292155379596743,0.02654955028383077,0.037801547214333264,0.10385701663037647,0.1495274385433431,0.1120854239641516,0.1495274385433431,False,False,False,3.7801547214333264,3.7801547214333264
132,balanced,12,72,72,72,-0.8172036350975063,-0.009454453874509272,0.029153878314572446,0.8172036350975063,0.009454453874509272,0.029153878314572446,0.11472829688535453,0.0764697529111048,0.09224415412288176,0.11472829688535453,False,True,False,2.9153878314572443,2.9153878314572443
133,balanced,12,72,72,72,-0.32013289211950635,-0.015448775032044781,0.029884314609843254,0.32013289211950635,0.015448775032044781,0.029884314609843254,0.0689671494840481,0.11571838808419325,0.08530168197166209,0.11571838808419325,False,True,False,2.988431460984325,2.988431460984325
134,balanced,12,72,72,72,-0.20286712459823164,0.005215453301322781,0.007313155548798411,0.20286712459823164,0.005215453301322781,0.007313155548798411,0.06436381709741551,0.06351967559721039,0.06155132695888163,0.06436381709741551,True,True,True,0.7313155548798411,0.7313155548798411
135,balanced,12,72,72,72,-0.22794464639925138,0.010054875275610553,-0.011708655880612429,0.22794464639925138,0.010054875275610553,0.011708655880612429,0.09852788033702546,0.07244233014610749,0.08383035122597747,0.09852788033702546,False,True,False,1.1708655880612429,1.1708655880612429
136,balanced,12,72,72,72,-0.11543577325443977,0.005355654601704951,-0.008237959837389341,0.11543577325443977,0.005355654601704951,0.008237959837389341,0.09661081132254094,0.13918473287260563,0.12077929249897441,0.13918473287260563,True,True,True,0.8237959837389341,0.9941766633757544
137,balanced,12,72,72,72,-0.06933690520221347,0.0045700372369279485,-0.013703299034028338,0.06933690520221347,0.0045700372369279485,0.013703299034028338,0.09923001672504654,0.07196503518571112,0.09528148568904037,0.09923001672504654,False,True,False,1.3703299034028338,1.3703299034028338
138,balanced,12,72,72,72,0.42324831672408436,0.015523010768279999,-0.016368122739979396,0.42324831672408436,0.015523010768279999,0.016368122739979396,0.10768721007289596,0.09263466818138787,0.10004654612010477,0.10768721007289596,False,True,False,1.6368122739979396,1.6368122739979396
139,balanced,12,72,72,72,-0.8517007305764359,-0.028700867350446857,0.04564252095332805,0.8517007305764359,0.028700867350446857,0.04564252095332805,0.10056328694499668,0.1312640032818959,0.12525245353277162,0.1312640032818959,False,True,False,4.5642520953328045,4.5642520953328045
140,balanced,12,72,72,72,0.0024834201193861816,0.012172610919793048,-0.0023676437632632052,0.0024834201193861816,0.012172610919793048,0.0023676437632632052,0.10149026476064249,0.10526128940641863,0.11850326611758023,0.11850326611758023,False,True,False,1.2172610919793048,1.2172610919793048
141,balanced,12,72,72,72,-0.6810199824846634,-0.028709141634120416,0.018484434144309003,0.6810199824846634,0.028709141634120416,0.018484434144309003,0.090311306762599,0.10278014452964751,0.08496639212344978,0.10278014452964751,False,True,False,2.8709141634120416,2.8709141634120416
142,balanced,12,72,72,72,0.35329347108377007,0.020410177304796995,-0.019372558241558646,0.35329347108377007,0.020410177304796995,0.019372558241558646,0.08173183123481334,0.09007857616207517,0.06542096626589668,0.09007857616207517,False,True,False,2.0410177304796995,2.0410177304796995
143,balanced,12,72,72,72,-0.2976961276143655,-0.01014804994617624,0.006601369608966345,0.2976961276143655,0.01014804994617624,0.006601369608966345,0.08360156521190318,0.07768468553756824,0.07113272744485469,0.08360156521190318,False,True,False,1.014804994617624,1.014804994617624
144,balanced,12,72,72,72,0.17042956009078125,-0.005145565392786544,0.0024272054747842,0.17042956009078125,0.005145565392786544,0.0024272054747842,0.08385796333112437,0.06359462273975196,0.09506453343431474,0.09506453343431474,True,True,True,0.5145565392786544,0.6790323816736766
145,balanced,12,72,72,72,-0.5382916471570169,-0.0057648274357596785,0.012909815108968936,0.5382916471570169,0.0057648274357596785,0.012909815108968936,0.08338461295717757,0.06989807188614346,0.06824923475022879,0.08338461295717757,False,True,False,1.2909815108968936,1.2909815108968936
146,balanced,12,72,72,72,-0.7151054549095015,-0.02171754660429026,0.03066562941954637,0.7151054549095015,0.02171754660429026,0.03066562941954637,0.1321397014736975,0.14787071223452933,0.12910631449398846,0.14787071223452933,False,False,False,3.0665629419546367,3.0665629419546367
147,balanced,12,72,72,72,0.0711732035335686,0.010150367297516172,-0.009957218718253336,0.0711732035335686,0.010150367297516172,0.009957218718253336,0.08117564454542586,0.1135685884691849,0.08610243302092209,0.1135685884691849,False,True,False,1.0150367297516172,1.0150367297516172
148,balanced,12,72,72,72,-0.6120865551507961,-0.020970504620552943,0.0364529102733841,0.6120865551507961,0.020970504620552943,0.0364529102733841,0.08907665120388779,0.09797169364763798,0.12177332828426268,0.12177332828426268,False,True,False,3.6452910273384096,3.6452910273384096
149,balanced,12,72,72,72,-0.41135182723830255,-0.0039019012340720804,0.023323838475208303,0.41135182723830255,0.0039019012340720804,0.023323838475208303,0.1059279245163937,0.08658761715421755,0.11774590551926536,0.11774590551926536,False,True,False,2.33238384752083,2.33238384752083
150,balanced,12,72,72,72,-0.8945532912555159,-0.010681227980931962,0.02647703708081839,0.8945532912555159,0.010681227980931962,0.02647703708081839,0.09773107387421502,0.07932168891413424,0.08296254220707501,0.09773107387421502,False,True,False,2.647703708081839,2.647703708081839
151,balanced,12,72,72,72,-0.2796836436997445,-0.006189169044840015,0.009547226938467268,0.2796836436997445,0.006189169044840015,0.009547226938467268,0.06822162264508189,0.06740509325002367,0.08000410236990754,0.08000410236990754,True,True,True,0.9547226938467268,0.9547226938467268
152,balanced,12,72,72,72,-0.4461067392968765,-0.013793638900466143,0.009474620927069355,0.4461067392968765,0.013793638900466143,0.009474620927069355,0.0753692132916785,0.07232793713907033,0.11492947079428192,0.11492947079428192,False,True,False,1.3793638900466143,1.3793638900466143
153,balanced,12,72,72,72,0.14999593550532708,0.005061882347979996,-0.007779733091234531,0.14999593550532708,0.005061882347979996,0.007779733091234531,0.06637950077313895,0.07424895074000441,0.049374388589100315,0.07424895074000441,True,True,True,0.7779733091234531,0.7779733091234531
154,balanced,12,72,72,72,-1.0474069788598364,-0.02259692455882556,0.030358472146038373,1.0474069788598364,0.02259692455882556,0.030358472146038373,0.11083893464609171,0.1395713023446622,0.11475196440405187,0.1395713023446622,False,True,False,3.0358472146038373,3.0358472146038373
155,balanced,12,72,72,72,0.4508541947063236,0.016503962074172263,-0.020554392929348075,0.4508541947063236,0.016503962074172263,0.020554392929348075,0.08005538199375177,0.10541512827795134,0.0722135441320332,0.10541512827795134,False,True,False,2.0554392929348073,2.0554392929348073
156,balanced,12,72,72,72,-0.04523972748488703,0.006901072241649708,-0.008009589970167263,0.04523972748488703,0.006901072241649708,0.008009589970167263,0.11573022184354192,0.07386238126794786,0.0885480766196472,0.11573022184354192,True,True,True,0.8009589970167263,0.8266444417395851
157,balanced,12,72,72,72,-0.4090844135691789,-0.013866664731384537,0.021198200455500638,0.4090844135691789,0.013866664731384537,0.021198200455500638,0.08153065732588595,0.11203808892675692,0.10862207706144088,0.11203808892675692,False,True,False,2.1198200455500635,2.1198200455500635
158,balanced,12,72,72,72,-0.7997510970839805,-0.02813299817066839,0.030322033632905587,0.7997510970839805,0.02813299817066839,0.030322033632905587,0.09950219319006595,0.14795749313641957,0.1064643882735334,0.14795749313641957,False,False,False,3.0322033632905585,3.0322033632905585
159,balanced,12,72,72,72,-0.38354170400664955,-0.017741443271981683,0.02739813342312397,0.38354170400664955,0.017741443271981683,0.02739813342312397,0.09564044305595001,0.09376281990596105,0.10742292278077567,0.10742292278077567,False,True,False,2.739813342312397,2.739813342312397
160,balanced,12,72,72,72,-0.8752807187911422,-0.017529694873970048,0.026356393813203427,0.8752807187911422,0.017529694873970048,0.026356393813203427,0.1076832654864464,0.0713851809776263,0.08209473318817255,0.1076832654864464,False,True,False,2.6356393813203427,2.6356393813203427
161,balanced,12,72,72,72,-0.041073892634148734,-0.0042708581244425,0.011101036467430825,0.041073892634148734,0.0042708581244425,0.011101036467430825,0.08035517056391808,0.07560983306510145,0.1080106661617596,0.1080106661617596,False,True,False,1.1101036467430825,1.1101036467430825
162,balanced,12,72,72,72,0.11330026972194318,0.0015198233502963232,-0.0007882072379744032,0.11330026972194318,0.0015198233502963232,0.0007882072379744032,0.042498974407523114,0.041071034112783615,0.05778424689955505,0.05778424689955505,True,True,True,0.22660053944388636,0.41274462071110746
163,balanced,12,72,72,72,0.010936683296151273,-0.008087172993899272,-0.0013078145575747824,0.010936683296151273,0.008087172993899272,0.0013078145575747824,0.060257502603427056,0.06883303354476317,0.06425336867682792,0.06883303354476317,True,True,True,0.8087172993899272,0.8087172993899272
164,balanced,12,72,72,72,-0.6763873108105756,-0.024522993603230292,0.03541325568774778,0.6763873108105756,0.024522993603230292,0.03541325568774778,0.09983748303827826,0.13335068951371137,0.16303370254662503,0.16303370254662503,False,False,False,3.541325568774778,3.541325568774778
165,balanced,12,72,72,72,-0.8877281223280455,-0.013189076025169721,0.023179419939247325,0.8877281223280455,0.013189076025169721,0.023179419939247325,0.11289011959986114,0.09796774906118842,0.1230987093313137,0.1230987093313137,False,True,False,2.3179419939247325,2.3179419939247325
166,balanced,12,72,72,72,-0.007470827090383381,0.0071999125458656055,0.008431476727486398,0.007470827090383381,0.0071999125458656055,0.008431476727486398,0.07896667613367414,0.06806383918709963,0.08254836062987156,0.08254836062987156,True,True,True,0.8431476727486398,0.8431476727486398
167,balanced,12,72,72,72,-0.45046549451446793,-0.0024793991336039545,0.013605867492186896,0.45046549451446793,0.0024793991336039545,0.013605867492186896,0.08408674934519865,0.083345167092682,0.09129745337498817,0.09129745337498817,False,True,False,1.3605867492186896,1.3605867492186896
168,balanced,12,72,72,72,-0.8848357738266621,-0.02037012441841901,0.03642173016272687,0.8848357738266621,0.02037012441841901,0.03642173016272687,0.10240935340338919,0.09533670989933415,0.11780507431600871,0.11780507431600871,False,True,False,3.6421730162726873,3.6421730162726873
169,balanced,12,72,72,72,-0.1670530777384691,-0.006269313077676197,0.005652018026290062,0.1670530777384691,0.006269313077676197,0.005652018026290062,0.0697205654959134,0.05819053930385938,0.0828363154406892,0.0828363154406892,True,True,True,0.6269313077676197,0.6269313077676197
170,balanced,12,72,72,72,-0.12823267856002118,0.002149242190306988,0.005035893919511536,0.12823267856002118,0.002149242190306988,0.005035893919511536,0.07723500268231878,0.073140521947679,0.10037789138186752,0.10037789138186752,True,True,True,0.5035893919511536,0.7169849384419108
171,balanced,12,72,72,72,0.13885079411567958,0.00800022204165829,-0.022170659899353018,0.13885079411567958,0.00800022204165829,0.022170659899353018,0.054715358641799994,0.07484458329388746,0.08083641011076399,0.08083641011076399,False,True,False,2.2170659899353016,2.2170659899353016
172,balanced,12,72,72,72,-0.8807852408498213,-0.02151631594255321,0.024884904145311082,0.8807852408498213,0.02151631594255321,0.024884904145311082,0.10072501498942851,0.12009293445675155,0.10495755624980277,0.12009293445675155,False,True,False,2.488490414531108,2.488490414531108
173,balanced,12,72,72,72,-0.7845470780673516,-0.01418387050981107,0.03679323230595505,0.7845470780673516,0.01418387050981107,0.03679323230595505,0.10888241976711162,0.10616065511691754,0.12124080911357253,0.12124080911357253,False,True,False,3.6793232305955046,3.6793232305955046
174,balanced,12,72,72,72,-1.3173123473468316,-0.04789448083825998,0.07290147336028757,1.3173123473468316,0.04789448083825998,0.07290147336028757,0.1252366751869734,0.146663668780965,0.16341238284578244,0.16341238284578244,False,False,False,7.290147336028757,7.290147336028757
175,balanced,12,72,72,72,0.12395539470414718,-0.0011102841684040854,-0.0007528496281695718,0.12395539470414718,0.0011102841684040854,0.0007528496281695718,0.10439742497396573,0.0725133327021995,0.06542491085234624,0.10439742497396573,True,True,True,0.24791078940829436,0.7456958926711837
176,balanced,12,72,72,72,-0.20980640992952004,-0.01677846856138565,0.02386305815472628,0.20980640992952004,0.01677846856138565,0.02386305815472628,0.10728880684149074,0.11066931742876077,0.07844993530878222,0.11066931742876077,False,True,False,2.3863058154726278,2.3863058154726278
177,balanced,12,72,72,72,-0.31914714388150145,-0.00966536573788912,0.015832382130484324,0.31914714388150145,0.00966536573788912,0.015832382130484324,0.06007605162674745,0.0716494682697466,0.11573416642999149,0.11573416642999149,False,True,False,1.5832382130484324,1.5832382130484324
178,balanced,12,72,72,72,-0.9051914752731385,-0.033301370728891055,0.05513963334091315,0.9051914752731385,0.033301370728891055,0.05513963334091315,0.11123733787749693,0.10296554009277667,0.11995881851746663,0.11995881851746663,False,True,False,5.513963334091315,5.513963334091315
179,balanced,12,72,72,72,0.25206510147680916,0.01861295404810248,-0.03026586612650678,0.25206510147680916,0.01861295404810248,0.03026586612650678,0.10962005743317871,0.11748950740004419,0.10648805579223074,0.11748950740004419,False,True,False,3.0265866126506777,3.0265866126506777
180,balanced,12,72,72,72,-0.775577704894193,-0.013070608482309565,0.022343611945238873,0.775577704894193,0.013070608482309565,0.022343611945238873,0.11958013821830919,0.09927735176244122,0.09677648395342232,0.11958013821830919,False,True,False,2.234361194523887,2.234361194523887
181,balanced,12,72,72,72,-1.1646169630563499,-0.032031600563606544,0.04012219802408812,1.1646169630563499,0.032031600563606544,0.04012219802408812,0.11317412982422922,0.12231768121430149,0.13486935529679067,0.13486935529679067,False,True,False,4.012219802408811,4.012219802408811
182,balanced,12,72,72,72,0.0971650804536317,0.0038322364566582,-0.0035635200532497247,0.0971650804536317,0.0038322364566582,0.0035635200532497247,0.08222884912745748,0.06558269431032851,0.07402805389882924,0.08222884912745748,True,True,True,0.38322364566582,0.587348922338982
183,balanced,12,72,72,72,-0.02799521630445767,-0.014942445992311648,0.010755875903643408,0.02799521630445767,0.014942445992311648,0.010755875903643408,0.061862949288396606,0.07538893622392628,0.07011896872731863,0.07538893622392628,False,True,False,1.4942445992311648,1.4942445992311648
184,balanced,12,72,72,72,-1.152653615462409,-0.01730818166224235,0.01586303547474477,1.152653615462409,0.01730818166224235,0.01586303547474477,0.10823945217583389,0.09731689229701158,0.08760532045820316,0.10823945217583389,False,True,False,2.305307230924818,2.305307230924818
185,balanced,12,72,72,72,-0.23378225245841833,-0.00497034512183514,0.008129023305602667,0.23378225245841833,0.00497034512183514,0.008129023305602667,0.10071712581652939,0.06899081700274544,0.06862397046293667,0.10071712581652939,True,True,True,0.8129023305602667,0.8129023305602667
186,balanced,12,72,72,72,0.005469665804550772,-0.010949109053163486,0.0085858482560629,0.005469665804550772,0.010949109053163486,0.0085858482560629,0.06936160812900376,0.08652055918457509,0.06803228249550317,0.08652055918457509,False,True,False,1.0949109053163486,1.0949109053163486
187,balanced,12,72,72,72,0.008502846836034195,0.00276989335264044,-0.007154573241097639,0.008502846836034195,0.00276989335264044,0.007154573241097639,0.07132601218088296,0.06942866609864622,0.07458818517466628,0.07458818517466628,True,True,True,0.7154573241097639,0.7154573241097639
188,balanced,12,72,72,72,-0.17588867159784982,0.0011254289360035363,-0.004341628267588493,0.17588867159784982,0.0011254289360035363,0.004341628267588493,0.05490075420492915,0.05565022563034491,0.06250197229322478,0.06250197229322478,True,True,True,0.4341628267588493,0.4464426592373198
189,balanced,12,72,72,72,-1.1021532887759733,-0.02630242901267099,0.03729640017816832,1.1021532887759733,0.02630242901267099,0.03729640017816832,0.14386695698822935,0.15295528416800783,0.1345222316892297,0.15295528416800783,False,False,False,3.729640017816832,3.729640017816832
190,balanced,12,72,72,72,-0.7132578566216878,-0.02299861474720688,0.027315151339962374,0.7132578566216878,0.02299861474720688,0.027315151339962374,0.10127725709236643,0.08779466060778188,0.0867927356495945,0.10127725709236643,False,True,False,2.731515133996237,2.731515133996237
191,balanced,12,72,72,72,-0.368790269680467,-0.02156035384093502,0.02236250009837487,0.368790269680467,0.02156035384093502,0.02236250009837487,0.12827795133958156,0.13861276783741994,0.10978967465050964,0.13861276783741994,False,True,False,2.236250009837487,2.236250009837487
192,balanced,12,72,72,72,-0.7072990080922743,-0.018420347626554645,0.03312870946024232,0.7072990080922743,0.018420347626554645,0.03312870946024232,0.12891697434440974,0.08799583451670927,0.08898198112909843,0.12891697434440974,False,True,False,3.312870946024232,3.312870946024232
193,balanced,12,72,72,72,-0.3981600212927425,-0.009947016724826008,0.02767967932582971,0.3981600212927425,0.009947016724826008,0.02767967932582971,0.06984284767584967,0.10492205497175676,0.11710688251443718,0.11710688251443718,False,True,False,2.767967932582971,2.767967932582971
194,balanced,12,72,72,72,-0.5314093571116203,-0.01808991023787032,0.023195717101240465,0.5314093571116203,0.01808991023787032,0.023195717101240465,0.07630013569377386,0.1232722711350942,0.1429518129319322,0.1429518129319322,False,False,False,2.3195717101240465,2.3195717101240465
195,balanced,12,72,72,72,-0.6311006818755196,-0.013014908355687416,0.02184537356341265,0.6311006818755196,0.013014908355687416,0.02184537356341265,0.08505317302534002,0.05378443623970463,0.08487961122155953,0.08505317302534002,False,True,False,2.184537356341265,2.184537356341265
196,balanced,12,72,72,72,-1.3713171225001837,-0.03172783211424712,0.05225509051269339,1.3713171225001837,0.03172783211424712,0.05225509051269339,0.13509814131086498,0.13849048565748368,0.1383800372368961,0.13849048565748368,False,True,False,5.225509051269339,5.225509051269339
197,balanced,12,72,72,72,-0.7645981319622805,-0.012055692049080968,0.029112034146515087,0.7645981319622805,0.012055692049080968,0.029112034146515087,0.07330619457856039,0.12910631449398846,0.10618432263561488,0.12910631449398846,False,True,False,2.9112034146515087,2.9112034146515087
198,balanced,12,72,72,72,-0.8134425952576869,-0.013274930721071443,0.016792166181681056,0.8134425952576869,0.013274930721071443,0.016792166181681056,0.11177774622108617,0.1097028937486194,0.06680551610969106,0.11177774622108617,False,True,False,1.6792166181681056,1.6792166181681056
199,balanced,12,72,72,72,-0.25812003425848573,-0.0040336908289601014,0.0022048163024365186,0.25812003425848573,0.0040336908289601014,0.0022048163024365186,0.08538057370065322,0.09168402284704472,0.11486241282463946,0.11486241282463946,True,True,True,0.5162400685169715,0.8204458058902818
200,balanced,12,72,72,72,-1.0458879346195395,-0.03149806076177075,0.04316096016138199,1.0458879346195395,0.03149806076177075,0.04316096016138199,0.11292956546435672,0.1079278298463189,0.1464624948720376,0.1464624948720376,False,False,False,4.316096016138199,4.316096016138199
201,balanced,12,72,72,72,-0.14779159836077582,-0.00519250984544295,-0.004280960983755577,0.14779159836077582,0.00519250984544295,0.004280960983755577,0.07538499163747672,0.0995534728139102,0.11564738552810123,0.11564738552810123,True,True,True,0.519250984544295,0.8260527537721516
202,balanced,12,72,72,72,-0.4268075103107236,-0.009582517765178933,0.03775019574325378,0.4268075103107236,0.009582517765178933,0.03775019574325378,0.12606898292782984,0.0904020322509388,0.18361261005396196,0.18361261005396196,False,False,False,3.775019574325378,3.775019574325378
203,balanced,12,72,72,72,-0.7061567380570821,-0.014436981219928868,0.01578085215591135,0.7061567380570821,0.014436981219928868,0.01578085215591135,0.08491116791315599,0.08903326075294266,0.09793619236959197,0.09793619236959197,False,True,False,1.5780852155911351,1.5780852155911351
204,balanced,12,72,72,72,0.28422986720571686,0.009967254792106361,-0.015782469903898533,0.28422986720571686,0.009967254792106361,0.015782469903898533,0.0702846413582,0.07792136072454164,0.07110511533970779,0.07792136072454164,False,True,False,1.5782469903898533,1.5782469903898533
205,balanced,12,72,72,72,-0.26628584410183365,-0.007885653001282744,0.01894290763920642,0.26628584410183365,0.007885653001282744,0.01894290763920642,0.11173830035659062,0.09040992142383793,0.13118905613935436,0.13118905613935436,False,True,False,1.8942907639206419,1.8942907639206419
206,balanced,12,72,72,72,-0.685282204668713,-0.01455525049456019,0.015082459048623154,0.685282204668713,0.01455525049456019,0.015082459048623154,0.08790905361481902,0.07667487140648174,0.07207548360629872,0.08790905361481902,False,True,False,1.5082459048623154,1.5082459048623154
207,balanced,12,72,72,72,-0.042425818695893014,0.0019976510217972754,0.0017597154614274468,0.042425818695893014,0.0019976510217972754,0.0017597154614274468,0.10157704566253274,0.0783434314746442,0.0708763293256335,0.10157704566253274,True,True,True,0.19976510217972754,0.7255503261609481
208,balanced,12,72,72,72,0.22539951987965523,0.011031976080058348,-0.014948846171768393,0.22539951987965523,0.011031976080058348,0.014948846171768393,0.11543043327337561,0.14008409858310455,0.10768721007289596,0.14008409858310455,False,False,False,1.4948846171768393,1.4948846171768393
209,balanced,12,72,72,72,-1.008426918706359,-0.034719014222967304,0.04848805580117127,1.008426918706359,0.034719014222967304,0.04848805580117127,0.13182018997128342,0.12777304427403832,0.13987503550127806,0.13987503550127806,False,True,False,4.848805580117127,4.848805580117127
210,balanced,12,72,72,72,-0.8247788158930511,-0.026355694869042656,0.03513663161788805,0.8247788158930511,0.026355694869042656,0.03513663161788805,0.09752201079238852,0.12061756445454258,0.1116949099056455,0.12061756445454258,False,True,False,3.513663161788805,3.513663161788805
211,balanced,12,72,72,72,-0.6693436974826241,-0.024818761991674432,0.04542884518324741,0.6693436974826241,0.024818761991674432,0.04542884518324741,0.085782921518508,0.09137240051752975,0.14527911893717063,0.14527911893717063,False,False,False,4.542884518324741,4.542884518324741
212,balanced,12,72,72,72,-0.3052901169866331,-0.0025191810947796656,0.022046199203309913,0.3052901169866331,0.0025191810947796656,0.022046199203309913,0.07112483827195556,0.09101344315062009,0.08168844078386822,0.09101344315062009,False,True,False,2.204619920330991,2.204619920330991
213,balanced,12,72,72,72,-0.7182238242238022,-0.011993150633787253,0.025135162835264513,0.7182238242238022,0.011993150633787253,0.025135162835264513,0.10095380100350279,0.11154501562056233,0.0983700968790432,0.11154501562056233,False,True,False,2.5135162835264513,2.5135162835264513
214,balanced,12,72,72,72,-0.011480583867470529,-0.005090872336309338,0.0021253930097925866,0.011480583867470529,0.005090872336309338,0.0021253930097925866,0.06371296033323866,0.08745542617312001,0.06925115970841617,0.08745542617312001,True,True,True,0.5090872336309338,0.6246816155222857
215,balanced,12,72,72,72,-0.10083977459631299,-0.0036899669854648653,0.0034904771591500183,0.10083977459631299,0.0036899669854648653,0.0034904771591500183,0.11225898576793208,0.05836410110763988,0.04432926252011739,0.11225898576793208,True,True,True,0.36899669854648653,0.801849898342372
216,balanced,12,72,72,72,-0.7777872490760451,-0.018644676743826638,0.023242620834404426,0.7777872490760451,0.018644676743826638,0.023242620834404426,0.0870294108365679,0.091912808861119,0.09046514563413172,0.091912808861119,False,True,False,2.3242620834404426,2.3242620834404426
217,balanced,12,72,72,72,-1.07379134574294,-0.034949408112845304,0.035988197072457206,1.07379134574294,0.034949408112845304,0.035988197072457206,0.1336504780838777,0.14649799615008363,0.12918915080942914,0.14649799615008363,False,False,False,3.5988197072457204,3.5988197072457204
218,balanced,12,72,72,72,-0.9479601391033654,-0.0244243512274972,0.027141874014861955,0.9479601391033654,0.0244243512274972,0.027141874014861955,0.10289453753668465,0.10852346240020196,0.09894206191422891,0.10852346240020196,False,True,False,2.7141874014861953,2.7141874014861953
219,balanced,12,72,72,72,-0.2272614380925866,-0.0018407283281761666,0.0047242382544887,0.2272614380925866,0.0018407283281761666,0.0047242382544887,0.06910126542333302,0.058687557196503516,0.05945280696771751,0.06910126542333302,True,True,True,0.47242382544886996,0.4935804673095215
220,balanced,12,72,72,72,-0.9710334812148353,-0.02067311262642091,0.021424334268962064,0.9710334812148353,0.02067311262642091,0.021424334268962064,0.10325349490359431,0.112775726592824,0.08371201363249077,0.112775726592824,False,True,False,2.1424334268962064,2.1424334268962064
221,balanced,12,72,72,72,-0.06038916189240595,0.006691088803396195,-0.010471911914288035,0.06038916189240595,0.006691088803396195,0.010471911914288035,0.06275837041244596,0.06880542143961627,0.06426125784972704,0.06880542143961627,False,True,False,1.0471911914288035,1.0471911914288035
222,balanced,12,72,72,72,-0.5374973887745078,-0.00869717769048084,0.010430672133907082,0.5374973887745078,0.00869717769048084,0.010430672133907082,0.11022752374641043,0.0885756887247941,0.091948310139165,0.11022752374641043,False,True,False,1.0749947775490156,1.0749947775490156
223,balanced,12,72,72,72,-0.2629800512932938,-0.006320954914438182,0.023922670250082267,0.2629800512932938,0.006320954914438182,0.023922670250082267,0.08780649436713055,0.07422133863485753,0.08048139733030389,0.08780649436713055,False,True,False,2.3922670250082265,2.3922670250082265
224,balanced,12,72,72,72,-0.7247648909234101,-0.026429537573338546,0.035247976871358555,0.7247648909234101,0.026429537573338546,0.035247976871358555,0.11160418441730569,0.1504938622234845,0.12095679888920445,0.1504938622234845,False,False,False,3.5247976871358553,3.5247976871358553
225,balanced,12,72,72,72,-0.6070285248633489,-0.02557101337997214,0.02817258200540579,0.6070285248633489,0.02557101337997214,0.02817258200540579,0.13311401432673797,0.1140222159108839,0.09235460254346935,0.13311401432673797,False,True,False,2.8172582005405786,2.8172582005405786
226,balanced,12,72,72,72,-1.0952059303266743,-0.04048042712663413,0.052207389205225274,1.0952059303266743,0.04048042712663413,0.052207389205225274,0.16828394711098488,0.1439064028527249,0.1651992805074316,0.16828394711098488,False,False,False,5.220738920522527,5.220738920522527
227,balanced,12,72,72,72,-0.46042635783985375,-0.0052198046335385495,0.008429508118524442,0.46042635783985375,0.0052198046335385495,0.008429508118524442,0.07126289879769004,0.06467543942693048,0.10716652466155448,0.10716652466155448,True,True,True,0.9208527156797075,0.9208527156797075
228,balanced,12,72,72,72,-0.8717346993959438,-0.0344852294910758,0.04767019128876687,0.8717346993959438,0.0344852294910758,0.04767019128876687,0.12604137082268296,0.12972561456656884,0.14109391271419106,0.14109391271419106,False,False,False,4.767019128876687,4.767019128876687
229,balanced,12,72,72,72,-0.7006832898864772,-0.020209759363414737,0.02142868251058222,0.7006832898864772,0.020209759363414737,0.02142868251058222,0.10490233203950898,0.09915901416895452,0.11640869071286566,0.11640869071286566,False,True,False,2.1428682510582218,2.1428682510582218
230,balanced,12,72,72,72,0.09229560614857846,0.007322618227321942,-0.014828740380759209,0.09229560614857846,0.007322618227321942,0.014828740380759209,0.08266669822335826,0.07542838208842186,0.07110511533970779,0.08266669822335826,False,True,False,1.4828740380759209,1.4828740380759209
231,balanced,12,72,72,72,-0.11260439368183484,-0.014164874219776302,0.011159507485671905,0.11260439368183484,0.014164874219776302,0.011159507485671905,0.06109375493073306,0.08587759159329736,0.08871769383697813,0.08871769383697813,False,True,False,1.4164874219776302,1.4164874219776302
232,balanced,12,72,72,72,0.09234568729567982,0.014091464490809669,0.009561344133013405,0.09234568729567982,0.014091464490809669,0.009561344133013405,0.05439584713938591,0.08913582000063114,0.065338129950456,0.08913582000063114,False,True,False,1.4091464490809669,1.4091464490809669
233,balanced,12,72,72,72,-0.09374362970822503,0.0019958074170206563,0.01825601802139898,0.09374362970822503,0.0019958074170206563,0.01825601802139898,0.07258827984474107,0.08698207579917322,0.08015794124144025,0.08698207579917322,False,True,False,1.8256018021398979,1.8256018021398979
234,balanced,12,72,72,72,-0.18836746029155904,-0.0067263617007743415,0.005071884776927937,0.18836746029155904,0.0067263617007743415,0.005071884776927937,0.09532882072643505,0.08851257534160119,0.08260358484016536,0.09532882072643505,True,True,True,0.6726361700774341,0.6809201480459646
235,balanced,12,72,72,72,-0.5248189112752222,-0.02565110008473004,0.028598883375883843,0.5248189112752222,0.02565110008473004,0.028598883375883843,0.1027446432516015,0.12708668623181546,0.10564785887847518,0.12708668623181546,False,True,False,2.859888337588384,2.859888337588384
236,balanced,12,72,72,72,0.06310639038253285,-0.006475040371763385,0.0008466724206454002,0.06310639038253285,0.006475040371763385,0.0008466724206454002,0.07359020480292847,0.05972103884628736,0.06535390829625422,0.07359020480292847,True,True,True,0.6475040371763385,0.6475040371763385
237,balanced,12,72,72,72,-0.9055153934038103,-0.023332942580727156,0.02946069348225433,0.9055153934038103,0.023332942580727156,0.02946069348225433,0.1102472466786582,0.09876850011044842,0.1102117454006122,0.1102472466786582,False,True,False,2.946069348225433,2.946069348225433
238,balanced,12,72,72,72,-0.26766200938584106,-0.0013242673266740113,-0.0008674494401175181,0.26766200938584106,0.0013242673266740113,0.0008674494401175181,0.08871374925052858,0.09323818990817002,0.09659108839029316,0.09659108839029316,True,True,True,0.5353240187716821,0.6899363456449511
239,balanced,12,72,72,72,-0.5852877704180557,-0.023719347696053883,0.025815950168862012,0.5852877704180557,0.023719347696053883,0.025815950168862012,0.09524598441099436,0.10587664489254947,0.10568336015652119,0.10587664489254947,False,True,False,2.581595016886201,2.581595016886201
240,balanced,12,72,72,72,-1.1834965024931492,-0.022601514116473376,0.03087208169651784,1.1834965024931492,0.022601514116473376,0.03087208169651784,0.13385559657925464,0.10124964498721954,0.10894553315030452,0.13385559657925464,False,True,False,3.0872081696517837,3.0872081696517837
241,balanced,12,72,72,72,0.28928715574638986,0.0022005708957236747,0.002897050728758843,0.28928715574638986,0.0022005708957236747,0.002897050728758843,0.09528543027548991,0.09543137997412351,0.08227618416485216,0.09543137997412351,True,True,True,0.5785743114927797,0.6816527141008821
242,balanced,12,72,72,72,-0.13530759094920342,-0.005574546643973166,0.0167061272391289,0.13530759094920342,0.005574546643973166,0.0167061272391289,0.051461074820915775,0.0535595948120799,0.06337767048502635,0.06337767048502635,False,True,False,1.6706127239128898,1.6706127239128898
243,balanced,12,72,72,72,-0.37247541956204344,-0.003870958558930826,0.017593611218393534,0.37247541956204344,0.003870958558930826,0.017593611218393534,0.0795070844772634,0.06476616491527028,0.07385449209504875,0.0795070844772634,False,True,False,1.7593611218393534,1.7593611218393534
244,balanced,12,72,72,72,-0.6027700710174138,-0.007071608774080751,0.0113616502226499,0.6027700710174138,0.007071608774080751,0.0113616502226499,0.0757597273501846,0.09342358547129918,0.07134573511313073,0.09342358547129918,False,True,False,1.2055401420348275,1.2055401420348275
245,balanced,12,72,72,72,-0.0879177260276478,-0.005175216633957036,0.009358983104372387,0.0879177260276478,0.005175216633957036,0.009358983104372387,0.051926536021963454,0.0634644513869166,0.0683478494114677,0.0683478494114677,True,True,True,0.9358983104372387,0.9358983104372387
246,balanced,12,72,72,72,-0.4526469185495472,-0.005485985317708608,0.014825040143755353,0.4526469185495472,0.005485985317708608,0.014825040143755353,0.0745329609643725,0.0645097667960491,0.08010271703114645,0.08010271703114645,False,True,False,1.4825040143755353,1.4825040143755353
247,balanced,12,72,72,72,-0.2957460225830211,-0.00623247099142743,0.007752498746690539,0.2957460225830211,0.00623247099142743,0.007752498746690539,0.06555508220518161,0.044490990564549214,0.050549875351068196,0.06555508220518161,True,True,True,0.7752498746690539,0.7752498746690539
248,balanced,12,72,72,72,0.05048311340715017,0.006416379687970597,-0.01272988098948069,0.05048311340715017,0.006416379687970597,0.01272988098948069,0.06180772507810281,0.06613493641326643,0.09757329041623276,0.09757329041623276,False,True,False,1.272988098948069,1.272988098948069
249,balanced,12,72,72,72,-0.5511214608493447,-0.014830014661499136,0.01954170769737268,0.5511214608493447,0.014830014661499136,0.01954170769737268,0.07359809397582757,0.06904604121303923,0.08395263340591372,0.08395263340591372,False,True,False,1.9541707697372679,1.9541707697372679
250,balanced,12,72,72,72,-0.3105289811434844,-0.002546435318602769,0.02118183566914067,0.3105289811434844,0.002546435318602769,0.02118183566914067,0.08811811669664553,0.08729369812868819,0.08070229417147906,0.08811811669664553,False,True,False,2.118183566914067,2.118183566914067
251,balanced,12,72,72,72,-0.05773193384640862,0.00582819153314007,-0.0011313149081063623,0.05773193384640862,0.00582819153314007,0.0011313149081063623,0.11913045536305973,0.08805500331345262,0.09174713623023763,0.11913045536305973,True,True,True,0.582819153314007,0.8509318240218552
252,balanced,12,72,72,72,-0.36096253738232065,-0.0016941129057411741,0.014256306437927135,0.36096253738232065,0.0016941129057411741,0.014256306437927135,0.06974423301461075,0.08530562655811165,0.07761368298147622,0.08530562655811165,False,True,False,1.4256306437927135,1.4256306437927135
253,balanced,12,72,72,72,0.3087129320161033,0.01548788748958263,-0.021985804061564307,0.3087129320161033,0.01548788748958263,0.021985804061564307,0.1348141310864969,0.13069203824671022,0.11160812900375525,0.1348141310864969,False,True,False,2.1985804061564305,2.1985804061564305
254,balanced,12,72,72,72,-0.17138873284493528,-0.007673089178615977,0.003398837242634345,0.17138873284493528,0.007673089178615977,0.003398837242634345,0.07252122187509862,0.09896178484647669,0.0931592981791789,0.09896178484647669,True,True,True,0.7673089178615977,0.7673089178615977
255,balanced,12,72,72,72,-0.2358957007073812,-0.003275103756667619,0.0063449177273721125,0.2358957007073812,0.003275103756667619,0.0063449177273721125,0.08532534949035943,0.09637413613556754,0.06931032850515952,0.09637413613556754,True,True,True,0.6344917727372112,0.6883866866826253
256,balanced,12,72,72,72,-0.2070344561877988,0.009760200259870011,0.005866561219868782,0.2070344561877988,0.009760200259870011,0.005866561219868782,0.056391807882861564,0.06996118526933637,0.06702246836441668,0.06996118526933637,True,True,True,0.9760200259870011,0.9760200259870011
257,balanced,12,72,72,72,0.0029226268784547926,-0.003387180770980436,0.002665075090969138,0.0029226268784547926,0.003387180770980436,0.002665075090969138,0.08250102559247688,0.06326327747798921,0.08426031114897914,0.08426031114897914,True,True,True,0.3387180770980436,0.601859365349851
258,balanced,12,72,72,72,0.0027633632676788977,-0.004091603778019426,-0.0065028397052374065,0.0027633632676788977,0.004091603778019426,0.0065028397052374065,0.05720044810502067,0.08426031114897914,0.07076588090504592,0.08426031114897914,True,True,True,0.6502839705237407,0.6502839705237407
259,balanced,12,72,72,72,-0.07123663768595279,-0.009246801226219348,0.008379446373989907,0.07123663768595279,0.009246801226219348,0.008379446373989907,0.07019391586986021,0.06499889551579413,0.0717401937580864,0.0717401937580864,True,True,True,0.9246801226219348,0.9246801226219348
260,balanced,12,72,72,72,-0.015022914397384568,0.0002770482941988339,-0.01002999019462747,0.015022914397384568,0.0002770482941988339,0.01002999019462747,0.1135685884691849,0.08198034018113541,0.07887595064533434,0.1135685884691849,False,True,False,1.002999019462747,1.002999019462747
261,balanced,12,72,72,72,-0.3322713912735651,-0.00549381463615195,0.011789498882106064,0.3322713912735651,0.00549381463615195,0.011789498882106064,0.09881977973429265,0.07603979298810312,0.07241866262741015,0.09881977973429265,False,True,False,1.1789498882106064,1.1789498882106064
262,balanced,12,72,72,72,-0.3868673650301311,-0.02282885533791268,0.030083621780022052,0.3868673650301311,0.02282885533791268,0.030083621780022052,0.08674934519864938,0.09190491968821989,0.10416469437344189,0.10416469437344189,False,True,False,3.008362178002205,3.008362178002205
263,balanced,12,72,72,72,-1.150875688381646,-0.029306526702855495,0.05603923920784831,1.150875688381646,0.029306526702855495,0.05603923920784831,0.13037252674429614,0.12040455678626653,0.16262346555587112,0.16262346555587112,False,False,False,5.6039239207848315,5.6039239207848315
264,balanced,12,72,72,72,-0.9253562696652544,-0.02693198693018528,0.05349096508939455,0.9253562696652544,0.02693198693018528,0.05349096508939455,0.13551232288806841,0.1371611600239831,0.150738426583357,0.150738426583357,False,False,False,5.349096508939454,5.349096508939454
265,balanced,12,72,72,72,-0.3578017560518383,-0.015217008579652469,0.011467020834844577,0.3578017560518383,0.015217008579652469,0.011467020834844577,0.07516409479630155,0.07178752879548109,0.0931869102843258,0.0931869102843258,False,True,False,1.521700857965247,1.521700857965247
266,balanced,12,72,72,72,-0.39670166782635974,-0.004239059253415722,0.01478236761600854,0.39670166782635974,0.004239059253415722,0.01478236761600854,0.08049717567610212,0.08419719776578624,0.08621288144150967,0.08621288144150967,False,True,False,1.478236761600854,1.478236761600854
267,balanced,12,72,72,72,-0.49598458156425096,-0.004889756330729078,0.014033872458614705,0.49598458156425096,0.004889756330729078,0.014033872458614705,0.0795346965824103,0.07510098141310866,0.07768468553756824,0.0795346965824103,False,True,False,1.4033872458614705,1.4033872458614705
268,balanced,12,72,72,72,-0.5624239055193065,-0.006923331872172422,0.013577678582679165,0.5624239055193065,0.006923331872172422,0.013577678582679165,0.10269336362775727,0.06478588784751807,0.07211492947079429,0.10269336362775727,False,True,False,1.3577678582679165,1.3577678582679165
269,balanced,12,72,72,72,-0.6570267817586029,-0.008952740883378163,0.021307223404391784,0.6570267817586029,0.008952740883378163,0.021307223404391784,0.10597525955378838,0.1134305279434504,0.10036605762251885,0.1134305279434504,False,True,False,2.130722340439178,2.130722340439178
270,balanced,12,72,72,72,-1.2400487271822378,-0.03363730830174094,0.051636760568397444,1.2400487271822378,0.03363730830174094,0.051636760568397444,0.15620167881599292,0.1312640032818959,0.1429991479693269,0.15620167881599292,False,False,False,5.163676056839744,5.163676056839744
271,balanced,12,72,72,72,-0.9230263108553984,-0.0192142090587627,0.0355787879273568,0.9230263108553984,0.0192142090587627,0.0355787879273568,0.11425100192495818,0.07125500962479094,0.13578055476663828,0.13578055476663828,False,True,False,3.5578787927356803,3.5578787927356803
272,balanced,12,72,72,72,-0.9226782263527049,-0.01160800363177894,0.024067354885599523,0.9226782263527049,0.01160800363177894,0.024067354885599523,0.10282353498059263,0.0682926252011739,0.08930149263151252,0.10282353498059263,False,True,False,2.4067354885599523,2.4067354885599523
273,balanced,12,72,72,72,-0.7044374553240225,-0.022884612999572895,0.029134150574134654,0.7044374553240225,0.022884612999572895,0.029134150574134654,0.12384423617027991,0.11087049133768816,0.12714191044210926,0.12714191044210926,False,True,False,2.913415057413465,2.913415057413465
274,balanced,12,72,72,72,-1.1749371430486946,-0.03513978245080951,0.04967662089850611,1.1749371430486946,0.03513978245080951,0.04967662089850611,0.12863296412004166,0.10048833980245511,0.1469831802833791,0.1469831802833791,False,False,False,4.96766208985061,4.96766208985061
275,balanced,12,72,72,72,0.18117610535259132,-0.0014654492062475821,-0.017041502799480246,0.18117610535259132,0.0014654492062475821,0.017041502799480246,0.10984884344725299,0.04631338950424437,0.08507684054403736,0.10984884344725299,False,True,False,1.7041502799480246,1.7041502799480246
276,balanced,12,72,72,72,-0.7090779948111816,-0.017692146505462913,0.03295010512523627,0.7090779948111816,0.017692146505462913,0.03295010512523627,0.1354689324371233,0.11323329862097258,0.09266622487298432,0.1354689324371233,False,True,False,3.295010512523627,3.295010512523627
277,balanced,12,72,72,72,-0.5311514941728319,-0.022543600753493487,0.021743426751704098,0.5311514941728319,0.022543600753493487,0.021743426751704098,0.09855549244217236,0.10613304301177065,0.0866743980561078,0.10613304301177065,False,True,False,2.2543600753493487,2.2543600753493487
278,balanced,12,72,72,72,-0.5516659559021271,-0.019352106060135044,0.020300127959443692,0.5516659559021271,0.019352106060135044,0.020300127959443692,0.07030830887689735,0.09748650951434251,0.09264650194073654,0.09748650951434251,False,True,False,2.0300127959443692,2.0300127959443692
279,balanced,12,72,72,72,-0.7125718468967115,-0.017210182933888207,0.029476861138669708,0.7125718468967115,0.017210182933888207,0.029476861138669708,0.10941888352425132,0.10558869008173183,0.12426236233393291,0.12426236233393291,False,True,False,2.9476861138669705,2.9476861138669705
280,balanced,12,72,72,72,-0.3428517455402087,-0.012495024226322315,0.015450600566080275,0.3428517455402087,0.012495024226322315,0.015450600566080275,0.08693868534822809,0.0830177664173688,0.10302470888952002,0.10302470888952002,False,True,False,1.5450600566080275,1.5450600566080275
281,balanced,12,72,72,72,-0.18953932734429912,-0.008456837275506057,0.0139189831605665,0.18953932734429912,0.008456837275506057,0.0139189831605665,0.06656095174981855,0.053847549622897534,0.07751112373378775,0.07751112373378775,False,True,False,1.39189831605665,1.39189831605665
282,balanced,12,72,72,72,0.16314779971607862,0.005726560646744927,-0.012533534079846087,0.16314779971607862,0.005726560646744927,0.012533534079846087,0.0881930638391871,0.09431111742244944,0.06644261415633185,0.09431111742244944,False,True,False,1.2533534079846087,1.2533534079846087
283,balanced,12,72,72,72,-0.11505908514493157,0.010664521102559998,-0.0006027111159156995,0.11505908514493157,0.010664521102559998,0.0006027111159156995,0.0632277761999432,0.08734103316608287,0.0704937044400265,0.08734103316608287,False,True,False,1.0664521102559998,1.0664521102559998
284,balanced,12,72,72,72,-0.18277229281363105,0.00681456975915562,-0.0006905675344725526,0.18277229281363105,0.00681456975915562,0.0006905675344725526,0.0772073905771719,0.09035469721354414,0.06890798068730475,0.09035469721354414,True,True,True,0.681456975915562,0.681456975915562
285,balanced,12,72,72,72,0.19948572504424433,0.01098234507221496,-0.018145531125836056,0.19948572504424433,0.01098234507221496,0.018145531125836056,0.061192369591971975,0.06990596105904257,0.09819653507526271,0.09819653507526271,False,True,False,1.8145531125836056,1.8145531125836056
286,balanced,12,72,72,72,0.10290496800908855,0.007970111761939513,-0.0005685771604931888,0.10290496800908855,0.007970111761939513,0.0005685771604931888,0.07779513395815582,0.051532077377007796,0.051800309255577645,0.07779513395815582,True,True,True,0.7970111761939513,0.7970111761939513
287,balanced,12,72,72,72,-0.17675810468294983,-0.0007534112919180824,-0.004439300463900897,0.17675810468294983,0.0007534112919180824,0.004439300463900897,0.12296853797847834,0.09052825901732463,0.07885622771308656,0.12296853797847834,True,True,True,0.4439300463900897,0.8783466998462738
288,balanced,12,72,72,72,-0.3519249897409864,-0.011124316906479526,0.014109831334760514,0.3519249897409864,0.011124316906479526,0.014109831334760514,0.08448120799015431,0.0956956672662438,0.08030389094007384,0.0956956672662438,False,True,False,1.4109831334760514,1.4109831334760514
289,balanced,12,72,72,72,0.14157136203088072,0.005027623336632314,-0.008444103277447212,0.14157136203088072,0.005027623336632314,0.008444103277447212,0.07785824734134873,0.06440720754836063,0.09891050522263246,0.09891050522263246,True,True,True,0.8444103277447212,0.8444103277447212
290,balanced,12,72,72,72,-0.790174643981068,-0.026599447236009044,0.029006433238944473,0.790174643981068,0.026599447236009044,0.029006433238944473,0.10495755624980277,0.10033055634447284,0.11285461832181515,0.11285461832181515,False,True,False,2.9006433238944473,2.9006433238944473
291,balanced,12,72,72,72,-0.4792995460705569,-0.01033738989520172,0.0222477975822431,0.4792995460705569,0.01033738989520172,0.0222477975822431,0.07271845119757644,0.13275505695982834,0.10722174887184828,0.13275505695982834,False,True,False,2.22477975822431,2.22477975822431
292,balanced,12,72,72,72,-0.506322305190249,-0.011275106723653727,0.010961805863871465,0.506322305190249,0.011275106723653727,0.010961805863871465,0.07968064628104389,0.08809444917794819,0.07467496607655653,0.08809444917794819,False,True,False,1.1275106723653727,1.1275106723653727
293,balanced,12,72,72,72,-0.801072863195671,-0.018670206572162673,0.027769305309018222,0.801072863195671,0.018670206572162673,0.027769305309018222,0.10470115813058159,0.10762409668970305,0.10969500457572028,0.10969500457572028,False,True,False,2.776930530901822,2.776930530901822
294,balanced,12,72,72,72,-0.576642540548594,-0.008993630497536542,0.01864564737547908,0.576642540548594,0.008993630497536542,0.01864564737547908,0.07734545110290637,0.07340480923979929,0.09367998359052036,0.09367998359052036,False,True,False,1.864564737547908,1.864564737547908
295,balanced,12,72,72,72,-0.45322665981544574,-0.023846189484543867,0.038052590595296254,0.45322665981544574,0.023846189484543867,0.038052590595296254,0.07899428823882104,0.08867824797248257,0.09870538672725551,0.09870538672725551,False,True,False,3.805259059529625,3.805259059529625
296,balanced,12,72,72,72,-0.7102412258131849,-0.0037020994281243835,0.025304079552849912,0.7102412258131849,0.0037020994281243835,0.025304079552849912,0.08991290353119379,0.1005711761178958,0.10284325791284042,0.10284325791284042,False,True,False,2.530407955284991,2.530407955284991
297,balanced,12,72,72,72,-0.6782802086283652,-0.019574221320166396,0.02232687307764586,0.6782802086283652,0.019574221320166396,0.02232687307764586,0.09148284893811733,0.08750670579696425,0.07347186720944177,0.09148284893811733,False,True,False,2.2326873077645857,2.2326873077645857
298,balanced,12,72,72,72,-0.3001794425524089,-0.006504530597608249,0.021943350457427457,0.3001794425524089,0.006504530597608249,0.021943350457427457,0.06432437123291994,0.061239704629366655,0.12391523872637193,0.12391523872637193,False,True,False,2.1943350457427457,2.1943350457427457
299,balanced,12,72,72,72,-0.9660725336481804,-0.02434072135774412,0.031234119998442333,0.9660725336481804,0.02434072135774412,0.031234119998442333,0.10359667392470573,0.12637666067089526,0.12673956262425448,0.12673956262425448,False,True,False,3.123411999844233,3.123411999844233
300,balanced,12,72,72,72,-0.43601589810950614,-0.011733394419697896,0.018792846323246015,0.43601589810950614,0.011733394419697896,0.018792846323246015,0.09428350531730254,0.08036305973681719,0.07306163021868788,0.09428350531730254,False,True,False,1.8792846323246015,1.8792846323246015
301,balanced,12,72,72,72,0.07704377096134252,0.007697394848981354,0.006416253104336966,0.07704377096134252,0.007697394848981354,0.006416253104336966,0.07824087222695572,0.0597447063649847,0.06996907444223548,0.07824087222695572,True,True,True,0.7697394848981354,0.7697394848981354
302,balanced,12,72,72,72,-1.157337063671097,-0.030660390329574128,0.051886151213971166,1.157337063671097,0.030660390329574128,0.051886151213971166,0.10528890151156553,0.1155684937991101,0.17251648837135913,0.17251648837135913,False,False,False,5.188615121397117,5.188615121397117
303,balanced,12,72,72,72,0.40568500016695097,0.011862764866272246,-0.018152574718468262,0.40568500016695097,0.011862764866272246,0.018152574718468262,0.10612120925242198,0.10813689292814542,0.12352866925431538,0.12352866925431538,False,True,False,1.8152574718468262,1.8152574718468262
304,balanced,12,72,72,72,-0.26929814363943905,-0.008534331178216337,0.007790118176848548,0.26929814363943905,0.008534331178216337,0.007790118176848548,0.07811464546056991,0.08374751491053678,0.09765612673167345,0.09765612673167345,True,True,True,0.8534331178216337,0.8534331178216337
305,balanced,12,72,72,72,-0.20111726468241642,-0.004113671776865169,0.0021242238377803813,0.20111726468241642,0.004113671776865169,0.0021242238377803813,0.08777888226198366,0.06658856385496545,0.10030294423932595,0.10030294423932595,True,True,True,0.41136717768651687,0.716449601709471
306,balanced,12,72,72,72,-0.1866671781946394,-0.007306576492601691,-0.001760265810263839,0.1866671781946394,0.007306576492601691,0.001760265810263839,0.07781091230395405,0.05226182587017577,0.0537410457887595,0.07781091230395405,True,True,True,0.7306576492601691,0.7306576492601691
307,balanced,12,72,72,72,-0.06107305234107585,-0.0047535472997836115,0.009828331135571744,0.06107305234107585,0.0047535472997836115,0.009828331135571744,0.06190239515289217,0.05749629208873742,0.07467496607655653,0.07467496607655653,True,True,True,0.9828331135571744,0.9828331135571744
308,balanced,12,72,72,72,0.22928069619240787,0.014240395802045391,-0.01997655952934324,0.22928069619240787,0.014240395802045391,0.01997655952934324,0.10186105588690082,0.0972340559815709,0.11070087412035721,0.11070087412035721,False,True,False,1.997655952934324,1.997655952934324
309,balanced,12,72,72,72,-0.46287991019190855,-0.00623167502106714,0.015884190467027604,0.46287991019190855,0.00623167502106714,0.015884190467027604,0.10484710782921519,0.0636459023635962,0.11638502319416832,0.11638502319416832,False,True,False,1.5884190467027604,1.5884190467027604
310,balanced,12,72,72,72,-0.6226419880532816,-0.01441919627012278,0.02905888548156721,0.6226419880532816,0.01441919627012278,0.02905888548156721,0.10234229543374673,0.09484363659313957,0.10387673956262425,0.10387673956262425,False,True,False,2.905888548156721,2.905888548156721
311,balanced,12,72,72,72,-0.7305353026797583,-0.016456421354294593,0.03163497318653008,0.7305353026797583,0.016456421354294593,0.03163497318653008,0.09489886080343336,0.10526128940641863,0.07063965413866011,0.10526128940641863,False,True,False,3.163497318653008,3.163497318653008
312,balanced,12,72,72,72,-0.20424416408370405,-0.0035832593562348247,0.006318690752347478,0.20424416408370405,0.0035832593562348247,0.006318690752347478,0.07988182018997128,0.11561188425005522,0.07721133516362144,0.11561188425005522,True,True,True,0.6318690752347478,0.8257991732146801
313,balanced,12,72,72,72,-0.49145101916886347,-0.01039897225520503,0.01312432549929754,0.49145101916886347,0.01039897225520503,0.01312432549929754,0.08397630092461106,0.09505269967496607,0.074742024046199,0.09505269967496607,False,True,False,1.312432549929754,1.312432549929754
314,balanced,12,72,72,72,-0.6005348902155951,-0.003078723008977824,0.018891173808469774,0.6005348902155951,0.003078723008977824,0.018891173808469774,0.10169538325601944,0.1022357915996087,0.10296948467922623,0.10296948467922623,False,True,False,1.8891173808469774,1.8891173808469774
315,balanced,12,72,72,72,-0.6767296666446327,-0.00964533071274365,0.043650201242775744,0.6767296666446327,0.00964533071274365,0.043650201242775744,0.12045978099656032,0.10222790242670958,0.11963536242860298,0.12045978099656032,False,True,False,4.365020124277574,4.365020124277574
316,balanced,12,72,72,72,-0.5065820489866546,-0.013559833886438999,0.013369051770976026,0.5065820489866546,0.013559833886438999,0.013369051770976026,0.0931592981791789,0.08020527627883493,0.0825720281485689,0.0931592981791789,False,True,False,1.3559833886439,1.3559833886439
317,balanced,12,72,72,72,0.0223416612006595,0.005387796820321755,-0.010769935810786946,0.0223416612006595,0.005387796820321755,0.010769935810786946,0.09457540471456972,0.0734679226229922,0.08185016882830004,0.09457540471456972,False,True,False,1.0769935810786946,1.0769935810786946
318,balanced,12,72,72,72,-0.2707995184140124,-0.0089266841334249,0.0013940176826660045,0.2707995184140124,0.0089266841334249,0.0013940176826660045,0.08299015431222191,0.05939758275742371,0.07593328915396509,0.08299015431222191,True,True,True,0.89266841334249,0.89266841334249
319,balanced,12,72,72,72,-0.04516810919281511,-4.581682107351881e-05,0.004886290503816615,0.04516810919281511,4.581682107351881e-05,0.004886290503816615,0.06765360219634574,0.0933683612610054,0.07888383981823345,0.0933683612610054,True,True,True,0.4886290503816615,0.6669168661500384
320,balanced,12,72,72,72,-0.6821309998177192,-0.019212403120810073,0.039810689456291015,0.6821309998177192,0.019212403120810073,0.039810689456291015,0.10844851525766039,0.13746489318059896,0.11986414844267727,0.13746489318059896,False,True,False,3.9810689456291013,3.9810689456291013
321,balanced,12,72,72,72,0.03814826993053089,0.0009283416249210585,-0.006333250986674754,0.03814826993053089,0.0009283416249210585,0.006333250986674754,0.07910868124585818,0.08732525482028464,0.09121856164599704,0.09121856164599704,True,True,True,0.6333250986674754,0.6515611546142644
322,balanced,12,72,72,72,0.14712940243770944,0.007024098298071935,0.00862092983220375,0.14712940243770944,0.007024098298071935,0.00862092983220375,0.07861955252611316,0.05604468427530058,0.05019091798415854,0.07861955252611316,True,True,True,0.862092983220375,0.862092983220375
323,balanced,12,72,72,72,-0.19475436288876935,0.0024246003340868683,0.01448188218220453,0.19475436288876935,0.0024246003340868683,0.01448188218220453,0.08183833506895137,0.06320805326769542,0.09199958976300925,0.09199958976300925,False,True,False,1.448188218220453,1.448188218220453
324,balanced,12,72,72,72,-0.8378659494594736,-0.015984786357033043,0.027168390941647302,0.8378659494594736,0.015984786357033043,0.027168390941647302,0.13604484205875855,0.10253163558332544,0.10266969610905993,0.13604484205875855,False,True,False,2.71683909416473,2.71683909416473
325,balanced,12,72,72,72,-0.2073244394073228,0.004974474619944158,0.012430288653351718,0.2073244394073228,0.004974474619944158,0.012430288653351718,0.06273075830729906,0.10294976174697845,0.055934235854712994,0.10294976174697845,False,True,False,1.2430288653351718,1.2430288653351718
326,balanced,12,72,72,72,-0.27957424930830044,-0.0055618491989517516,0.011665493281295292,0.27957424930830044,0.0055618491989517516,0.011665493281295292,0.07777541102590804,0.07297484931679762,0.08678090189024583,0.08678090189024583,False,True,False,1.1665493281295292,1.1665493281295292
327,balanced,12,72,72,72,-0.7338418438577001,-0.020368030805271164,0.026105055254725285,0.7338418438577001,0.020368030805271164,0.026105055254725285,0.11361592350657956,0.1015533781438354,0.10719413676670138,0.11361592350657956,False,True,False,2.6105055254725285,2.6105055254725285
328,balanced,12,72,72,72,-0.5838417882266782,-0.01890367258477288,0.030751301265783237,0.5838417882266782,0.01890367258477288,0.030751301265783237,0.10098141310864969,0.0983700968790432,0.10277619994319795,0.10277619994319795,False,True,False,3.0751301265783235,3.0751301265783235
329,balanced,12,72,72,72,-0.67252600271269,-0.022013897586743547,0.030016899968131727,0.67252600271269,0.022013897586743547,0.030016899968131727,0.0983700968790432,0.1183060367951024,0.11546593455142162,0.1183060367951024,False,True,False,3.0016899968131727,3.0016899968131727
330,balanced,12,72,72,72,-0.42374783170318864,-0.00345591361875075,0.0063291361559047465,0.42374783170318864,0.00345591361875075,0.0063291361559047465,0.08080879800561709,0.0824181892770362,0.08675328978509893,0.08675328978509893,True,True,True,0.8474956634063773,0.8474956634063773
331,balanced,12,72,72,72,0.5129644598023866,0.01805463195951651,-0.01708844802823911,0.5129644598023866,0.01805463195951651,0.01708844802823911,0.14854918110385307,0.08581842279655401,0.09201142352235792,0.14854918110385307,False,False,False,1.805463195951651,1.805463195951651
332,balanced,12,72,72,72,0.13178770993712874,-0.0018791368989954371,-0.01795098068570683,0.13178770993712874,0.0018791368989954371,0.01795098068570683,0.05863627757265928,0.05647464419830225,0.09070970999400423,0.09070970999400423,False,True,False,1.795098068570683,1.795098068570683
333,balanced,12,72,72,72,-0.9146727993629789,-0.02083617106631197,0.03123730579426981,0.9146727993629789,0.02083617106631197,0.03123730579426981,0.11471646312600586,0.1043816466281675,0.0942046135883114,0.11471646312600586,False,True,False,3.1237305794269807,3.1237305794269807
334,balanced,12,72,72,72,-1.1673872346225416,-0.034448383472575506,0.03695732084035319,1.1673872346225416,0.034448383472575506,0.03695732084035319,0.12014026949414623,0.13366231184322636,0.11451134463062893,0.13366231184322636,False,True,False,3.695732084035319,3.695732084035319
335,balanced,12,72,72,72,-0.05599437897834747,0.0075253336242027125,-0.0018494981027041835,0.05599437897834747,0.0075253336242027125,0.0018494981027041835,0.07371643156931428,0.08649689166587775,0.0797713717693837,0.08649689166587775,True,True,True,0.7525333624202712,0.7525333624202712
336,balanced,12,72,72,72,-0.25370468111932354,-0.0010612303735946238,0.011698946439916369,0.25370468111932354,0.0010612303735946238,0.011698946439916369,0.07199264729085803,0.08286787213228565,0.08885575436271262,0.08885575436271262,False,True,False,1.169894643991637,1.169894643991637
337,balanced,12,72,72,72,-0.48599635970691324,-0.02188990833581861,0.02456082054967157,0.48599635970691324,0.02188990833581861,0.02456082054967157,0.10889030894001073,0.12453059421250276,0.10315488024235539,0.12453059421250276,False,True,False,2.456082054967157,2.456082054967157
338,balanced,12,72,72,72,-0.32953227969112575,-0.0038300474208735613,-0.004155248165186365,0.32953227969112575,0.0038300474208735613,0.004155248165186365,0.06822162264508189,0.07047398150777873,0.07036353308719114,0.07047398150777873,True,True,True,0.6590645593822515,0.6590645593822515
339,balanced,12,72,72,72,-0.5468235288603758,-0.008895325467534576,0.016699815873001234,0.5468235288603758,0.008895325467534576,0.016699815873001234,0.13081037584019692,0.1419972230111395,0.12453453879895232,0.1419972230111395,False,False,False,1.6699815873001234,1.6699815873001234
340,balanced,12,72,72,72,-0.4727539692862095,-0.012408717528529234,0.011332852900800827,0.4727539692862095,0.012408717528529234,0.011332852900800827,0.08545157625674524,0.07470257818170344,0.06202073274637887,0.08545157625674524,False,True,False,1.2408717528529234,1.2408717528529234
341,balanced,12,72,72,72,-0.08583018593087033,-0.010042291438130735,0.014645670934214372,0.08583018593087033,0.010042291438130735,0.014645670934214372,0.10272492031935372,0.09886711477168733,0.09207848149200037,0.10272492031935372,False,True,False,1.4645670934214372,1.4645670934214372
342,balanced,12,72,72,72,-0.7072404233492158,-0.015416639436166668,0.02527210507577754,0.7072404233492158,0.015416639436166668,0.02527210507577754,0.10550190917984159,0.07607134967969958,0.0746512985578592,0.10550190917984159,False,True,False,2.527210507577754,2.527210507577754
343,balanced,12,72,72,72,0.05107597431770827,-0.0006461067883979377,0.011425638551044337,0.05107597431770827,0.0006461067883979377,0.011425638551044337,0.0725764460853924,0.050758938432894696,0.08355817476095806,0.08355817476095806,False,True,False,1.1425638551044337,1.1425638551044337
344,balanced,12,72,72,72,0.31684949584705535,0.005481820250006542,-0.011927235322749419,0.31684949584705535,0.005481820250006542,0.011927235322749419,0.09149073811101643,0.07542838208842186,0.10003865694720565,0.10003865694720565,False,True,False,1.1927235322749419,1.1927235322749419
345,balanced,12,72,72,72,0.2676734784036938,0.02083763905146241,-0.012714707623394994,0.2676734784036938,0.02083763905146241,0.012714707623394994,0.08996023856858847,0.1436460601470542,0.09999132190981097,0.1436460601470542,False,False,False,2.083763905146241,2.083763905146241
346,balanced,12,72,72,72,-0.18163938070768637,-0.010277995936289086,0.011548124957773909,0.18163938070768637,0.010277995936289086,0.011548124957773909,0.10288664836378554,0.08946716526239389,0.0756335005837988,0.10288664836378554,False,True,False,1.1548124957773909,1.1548124957773909
347,balanced,12,72,72,72,-0.2313503432152153,-0.0048666951280970094,0.002493903227509253,0.2313503432152153,0.0048666951280970094,0.002493903227509253,0.0943781753920919,0.08114803244027896,0.06493183754615166,0.0943781753920919,True,True,True,0.48666951280970094,0.6741298242292277
348,balanced,12,72,72,72,0.2440519192606594,0.012303954307687603,-0.0030753134125362513,0.2440519192606594,0.012303954307687603,0.0030753134125362513,0.06987045978099655,0.08906087285808956,0.09429928366310077,0.09429928366310077,False,True,False,1.2303954307687603,1.2303954307687603
349,balanced,12,72,72,72,-0.5155939732534698,-0.014650087693215186,0.01639404735667349,0.5155939732534698,0.014650087693215186,0.01639404735667349,0.09119883871374924,0.08827590015462779,0.11119789201300136,0.11119789201300136,False,True,False,1.6394047356673491,1.6394047356673491
350,balanced,12,72,72,72,0.4521065545204408,0.019088808143588487,-0.01280753735623974,0.4521065545204408,0.019088808143588487,0.01280753735623974,0.10359272933825618,0.09952586070876329,0.06168938748461611,0.10359272933825618,False,True,False,1.9088808143588487,1.9088808143588487
351,balanced,12,72,72,72,-0.3356027478519721,0.0026768765791779225,-0.011044537927596743,0.3356027478519721,0.0026768765791779225,0.011044537927596743,0.11311101644103633,0.09765612673167345,0.10094591183060368,0.11311101644103633,False,True,False,1.1044537927596743,1.1044537927596743
352,balanced,12,72,72,72,-0.866735452533792,-0.0292918784474806,0.04189089455988104,0.866735452533792,0.0292918784474806,0.04189089455988104,0.15275805484552998,0.1474723090031241,0.12083846129571775,0.15275805484552998,False,False,False,4.189089455988104,4.189089455988104
353,balanced,12,72,72,72,-0.3287844533268043,-0.017782676233730532,0.01506163126100546,0.3287844533268043,0.017782676233730532,0.01506163126100546,0.0864653349742813,0.11722916469437344,0.08743570324087223,0.11722916469437344,False,True,False,1.7782676233730532,1.7782676233730532
354,balanced,12,72,72,72,-1.2910429512007333,-0.027577509372315512,0.04134971956861744,1.2910429512007333,0.027577509372315512,0.04134971956861744,0.1357134967969958,0.13651030325980623,0.1396068036227082,0.1396068036227082,False,True,False,4.134971956861744,4.134971956861744
355,balanced,12,72,72,72,-0.22057641955311524,-0.009563358597173499,0.00715080713889088,0.22057641955311524,0.009563358597173499,0.00715080713889088,0.061381709741550695,0.0692945501593613,0.055969737132759004,0.0692945501593613,True,True,True,0.9563358597173499,0.9563358597173499
356,balanced,12,72,72,72,-1.145811704252484,-0.03489168556751232,0.06161437310935125,1.145811704252484,0.03489168556751232,0.06161437310935125,0.11731200100981413,0.10725725014989429,0.1467386159235066,0.1467386159235066,False,False,False,6.161437310935125,6.161437310935125
357,balanced,12,72,72,72,-0.9113859210951709,-0.014338329737928923,0.05045389035338538,0.9113859210951709,0.014338329737928923,0.05045389035338538,0.10620799015431222,0.08851257534160119,0.11959197197765786,0.11959197197765786,False,True,False,5.0453890353385376,5.0453890353385376
358,balanced,12,72,72,72,-0.8725518393394402,-0.020125069441610632,0.03570304912447353,0.8725518393394402,0.020125069441610632,0.03570304912447353,0.09774685222001325,0.10226340370475559,0.11355281012338667,0.11355281012338667,False,True,False,3.570304912447353,3.570304912447353
359,balanced,12,72,72,72,0.2207798949999642,0.010823451506878468,-0.021588457406450767,0.2207798949999642,0.010823451506878468,0.021588457406450767,0.08285603837293698,0.059728928019186465,0.08219334784941147,0.08285603837293698,False,True,False,2.1588457406450767,2.1588457406450767
360,balanced,12,72,72,72,-0.6005061210403717,-0.012674474150485948,0.014555766433836048,0.6005061210403717,0.012674474150485948,0.014555766433836048,0.08026838966202783,0.08583814572880179,0.08777099308908454,0.08777099308908454,False,True,False,1.4555766433836048,1.4555766433836048
361,balanced,12,72,72,72,-0.32989643757971976,-0.006589512747738557,0.021132420262473528,0.32989643757971976,0.006589512747738557,0.021132420262473528,0.07839076651203888,0.06583909242954969,0.10319432610685096,0.10319432610685096,False,True,False,2.113242026247353,2.113242026247353
362,balanced,12,72,72,72,-0.707136777494636,-0.041621688229058096,0.040522775075032935,0.707136777494636,0.041621688229058096,0.040522775075032935,0.10455915301839755,0.17593644482312473,0.12263324813026602,0.17593644482312473,False,False,False,4.16216882290581,4.16216882290581
363,balanced,12,72,72,72,-0.6863760161276993,-0.01988705691915238,0.02808617394867352,0.6863760161276993,0.01988705691915238,0.02808617394867352,0.09469768689450599,0.08887942188140996,0.12000220896841175,0.12000220896841175,False,True,False,2.808617394867352,2.808617394867352
364,balanced,12,72,72,72,0.3267291908916796,0.012712342774986118,-0.025545091078154558,0.3267291908916796,0.012712342774986118,0.025545091078154558,0.12523273060052384,0.13522831266370033,0.10773454511029064,0.13522831266370033,False,True,False,2.5545091078154556,2.5545091078154556
365,balanced,12,72,72,72,0.25128475746749146,0.004604369098397232,-0.00013213570504305716,0.25128475746749146,0.004604369098397232,0.00013213570504305716,0.09498564170532361,0.07602795922875445,0.04914954716147559,0.09498564170532361,True,True,True,0.5025695149349829,0.6784688693237401
366,balanced,12,72,72,72,-0.20345717084505566,-0.009824218325032885,0.014603683497701248,0.20345717084505566,0.009824218325032885,0.014603683497701248,0.062458581842279655,0.07106961406166178,0.07532976742718293,0.07532976742718293,False,True,False,1.4603683497701248,1.4603683497701248
367,balanced,12,72,72,72,-0.5425212656004312,-0.01548550391086001,0.009072199391766012,0.5425212656004312,0.01548550391086001,0.009072199391766012,0.10165988197797343,0.10365584272144908,0.10702846413582,0.10702846413582,False,True,False,1.548550391086001,1.548550391086001
368,balanced,12,72,72,72,-0.6227605085780112,-0.01296992630317595,0.017751195085490223,0.6227605085780112,0.01296992630317595,0.017751195085490223,0.11251538388715326,0.1195880273912083,0.1071468017293067,0.1195880273912083,False,True,False,1.7751195085490223,1.7751195085490223
369,balanced,12,72,72,72,-0.04889929372833279,0.000898824908123097,0.009219375522130813,0.04889929372833279,0.000898824908123097,0.009219375522130813,0.08758559752595538,0.06852930038814731,0.11457051342737228,0.11457051342737228,True,True,True,0.9219375522130813,0.9219375522130813
370,balanced,12,72,72,72,-0.742199660129991,-0.017276266272412966,0.04112319848018636,0.742199660129991,0.017276266272412966,0.04112319848018636,0.11250749471425416,0.11785635393985294,0.09882372432074221,0.11785635393985294,False,True,False,4.112319848018636,4.112319848018636
371,balanced,12,72,72,72,-1.1626060149281905,-0.03378234958206339,0.03906124667817773,1.1626060149281905,0.03378234958206339,0.03906124667817773,0.15735349805926346,0.16405929502350974,0.1222545678311086,0.16405929502350974,False,False,False,3.906124667817773,3.906124667817773
372,balanced,12,72,72,72,-0.2200500575578168,0.00274231213111209,0.007451155513055363,0.2200500575578168,0.00274231213111209,0.007451155513055363,0.08011849537694468,0.08461137934298968,0.07784641358200006,0.08461137934298968,True,True,True,0.7451155513055363,0.7451155513055363
373,balanced,12,72,72,72,-0.5893893647071486,-0.01279235040699167,0.014447283496817453,0.5893893647071486,0.01279235040699167,0.014447283496817453,0.11308340433588943,0.11638107860771876,0.08848496323645429,0.11638107860771876,False,True,False,1.4447283496817453,1.4447283496817453
374,balanced,12,72,72,72,-0.23018497969145457,0.0011487769859883645,-0.018927076437876333,0.23018497969145457,0.0011487769859883645,0.018927076437876333,0.09646486162390736,0.07903767868976616,0.14406813089715675,0.14406813089715675,False,False,False,1.8927076437876333,1.8927076437876333
375,balanced,12,72,72,72,-0.8381629925180896,-0.017258757408010417,0.038775338615752164,0.8381629925180896,0.017258757408010417,0.038775338615752164,0.0963780807220171,0.08513206475433116,0.09050064691217773,0.0963780807220171,False,True,False,3.877533861575216,3.877533861575216
376,balanced,12,72,72,72,0.2444413230277469,0.013368621165009476,-0.022150567908309438,0.2444413230277469,0.013368621165009476,0.022150567908309438,0.0783158193694973,0.10415286061409322,0.08364101107639875,0.10415286061409322,False,True,False,2.2150567908309435,2.2150567908309435
377,balanced,12,72,72,72,-0.6277731664852872,-0.013450869145209099,0.019279997568522445,0.6277731664852872,0.013450869145209099,0.019279997568522445,0.10100113604089747,0.09354586765123545,0.07375587743380983,0.10100113604089747,False,True,False,1.9279997568522445,1.9279997568522445
378,balanced,12,72,72,72,-0.9057462819294742,-0.015913516172649023,0.025824284108921347,0.9057462819294742,0.015913516172649023,0.025824284108921347,0.10591214617059548,0.1018531667140017,0.10245668844078387,0.10591214617059548,False,True,False,2.5824284108921347,2.5824284108921347
379,balanced,12,72,72,72,-1.0240689523892037,-0.03052409520303012,0.03811544265840827,1.0240689523892037,0.03052409520303012,0.03811544265840827,0.1378238505475086,0.10496150083625233,0.11970242039824545,0.1378238505475086,False,True,False,3.811544265840827,3.811544265840827
380,balanced,12,72,72,72,0.35326771525442524,0.0013341312883151657,-0.018412233919788468,0.35326771525442524,0.0013341312883151657,0.018412233919788468,0.06772460475243776,0.05713339013537821,0.07132995676733252,0.07132995676733252,False,True,False,1.8412233919788468,1.8412233919788468
381,balanced,12,72,72,72,-0.39471686626903235,-0.008658638734500013,0.0037869019747881483,0.39471686626903235,0.008658638734500013,0.0037869019747881483,0.08284420461358831,0.08113225409448073,0.06416658777493768,0.08284420461358831,True,True,True,0.8658638734500013,0.8658638734500013
382,balanced,12,72,72,72,0.16059026374982466,0.006271055699506589,-0.010245146767602686,0.16059026374982466,0.006271055699506589,0.010245146767602686,0.07630013569377386,0.09092271766228029,0.08042222853356054,0.09092271766228029,False,True,False,1.0245146767602686,1.0245146767602686
383,balanced,12,72,72,72,-0.18979470013348632,-0.014007668003984342,0.02215709850848796,0.18979470013348632,0.014007668003984342,0.02215709850848796,0.0738229354034523,0.07953075199596074,0.07940058064312537,0.07953075199596074,False,True,False,2.215709850848796,2.215709850848796
384,balanced,12,72,72,72,-0.4689035026109991,-0.025330061603467402,0.022876446994587185,0.4689035026109991,0.025330061603467402,0.022876446994587185,0.10764381962195084,0.10649988955157941,0.09448073463978036,0.10764381962195084,False,True,False,2.53300616034674,2.53300616034674
385,balanced,12,72,72,72,-0.526872807861313,-0.003819029253934736,0.006932267795364988,0.526872807861313,0.003819029253934736,0.006932267795364988,0.1085116286408533,0.09743522989049828,0.09544715831992175,0.1085116286408533,False,True,False,1.053745615722626,1.053745615722626
386,balanced,12,72,72,72,-0.7945811888784213,-0.018314454594136387,0.03102492042335603,0.7945811888784213,0.018314454594136387,0.03102492042335603,0.09941935687462526,0.09317113193852757,0.10165988197797343,0.10165988197797343,False,True,False,3.102492042335603,3.102492042335603
387,balanced,12,72,72,72,-0.17142246907383196,-0.0028105360490219278,0.008184840571907548,0.17142246907383196,0.0028105360490219278,0.008184840571907548,0.061369875982202025,0.10014910536779324,0.07192953390766511,0.10014910536779324,True,True,True,0.8184840571907548,0.8184840571907548
388,balanced,12,72,72,72,-0.6361105317416751,-0.016709119798952732,0.02749783895531749,0.6361105317416751,0.016709119798952732,0.02749783895531749,0.07993704440026507,0.07778330019880715,0.08416958566063934,0.08416958566063934,False,True,False,2.7497838955317486,2.7497838955317486
389,balanced,12,72,72,72,-0.25516945864191953,-0.007763087225173382,0.00713094311491741,0.25516945864191953,0.007763087225173382,0.00713094311491741,0.08343589258102181,0.10428697655337814,0.08129398213891256,0.10428697655337814,True,True,True,0.7763087225173382,0.7763087225173382
390,balanced,12,72,72,72,-0.6745572760246965,-0.006256919657734228,0.027460479260676962,0.6745572760246965,0.006256919657734228,0.027460479260676962,0.11950913566221717,0.08148726687494083,0.08534507242260721,0.11950913566221717,False,True,False,2.746047926067696,2.746047926067696
391,balanced,12,72,72,72,-0.7151922657632532,-0.020160021356954383,0.028827543401828637,0.7151922657632532,0.020160021356954383,0.028827543401828637,0.08861513458928966,0.08596042790873805,0.09337230584745496,0.09337230584745496,False,True,False,2.8827543401828635,2.8827543401828635
392,balanced,12,72,72,72,-0.2836736316027775,-0.006985328153320092,0.004122517930908953,0.2836736316027775,0.006985328153320092,0.004122517930908953,0.05543721796206886,0.06403641642210231,0.06686468490643441,0.06686468490643441,True,True,True,0.6985328153320092,0.6985328153320092
393,balanced,12,72,72,72,-0.8260714485787837,-0.01808862501271702,0.0379681979206149,0.8260714485787837,0.01808862501271702,0.0379681979206149,0.10007810281170122,0.09939963394237748,0.11206175644545426,0.11206175644545426,False,True,False,3.79681979206149,3.79681979206149
394,balanced,12,72,72,72,0.3334786884112617,0.016543581364338866,-0.008589134158000555,0.3334786884112617,0.016543581364338866,0.008589134158000555,0.12758764871090914,0.13537426236233394,0.08918315503802582,0.13537426236233394,False,True,False,1.6543581364338866,1.6543581364338866
395,balanced,12,72,72,72,-1.1192700804481532,-0.02588128908364129,0.027633684822199467,1.1192700804481532,0.02588128908364129,0.027633684822199467,0.11726466597241945,0.12453848338540187,0.09980198176023226,0.12453848338540187,False,True,False,2.7633684822199465,2.7633684822199465
396,balanced,12,72,72,72,0.07611342192922166,-0.00554619511519594,-0.008827944668686027,0.07611342192922166,0.00554619511519594,0.008827944668686027,0.08001199154280665,0.06796916911231027,0.09160118653160403,0.09160118653160403,True,True,True,0.8827944668686027,0.8827944668686027
397,balanced,12,72,72,72,-0.7583297763808119,-0.010042195408424104,0.026019732809673568,0.7583297763808119,0.010042195408424104,0.026019732809673568,0.09250844141500206,0.10933604720881063,0.11382498658840608,0.11382498658840608,False,True,False,2.6019732809673566,2.6019732809673566
398,balanced,12,72,72,72,-0.41624701101348194,-0.007186158967231404,0.01848384658324459,0.41624701101348194,0.007186158967231404,0.01848384658324459,0.0936050364479788,0.0897669538325602,0.09998343273691186,0.09998343273691186,False,True,False,1.848384658324459,1.848384658324459
399,balanced,12,72,72,72,-1.035289990359857,-0.02741286478659899,0.04432968643219354,1.035289990359857,0.02741286478659899,0.04432968643219354,0.11775773927861403,0.1129492883966045,0.1166690334185364,0.11775773927861403,False,True,False,4.432968643219354,4.432968643219354
0,balanced,14,84,84,84,-0.9798786553381369,-0.031198692175911313,0.03340953508102584,0.9798786553381369,0.031198692175911313,0.03340953508102584,0.10103663731894348,0.11644419199091167,0.11691754236485846,0.11691754236485846,False,True,False,3.3409535081025843,3.3409535081025843
1,balanced,14,84,84,84,0.7874924258324256,0.022443091518514646,-0.03041650084890607,0.7874924258324256,0.022443091518514646,0.03041650084890607,0.12060967528164347,0.11182902584493042,0.11855060115497491,0.12060967528164347,False,True,False,3.0416500848906067,3.0416500848906067
2,balanced,14,84,84,84,-1.0235767675080574,-0.01931398439580112,0.03720867105514697,1.0235767675080574,0.01931398439580112,0.03720867105514697,0.0991432358231563,0.0823629650667424,0.0909306068351794,0.0991432358231563,False,True,False,3.7208671055146967,3.7208671055146967
3,balanced,14,84,84,84,-0.11989393388186187,0.0037012692048193907,0.0005125555021224804,0.11989393388186187,0.0037012692048193907,0.0005125555021224804,0.06842279655400928,0.07862349711256272,0.060328505159519076,0.07862349711256272,True,True,True,0.37012692048193907,0.5615964079468766
4,balanced,14,84,84,84,-0.544049907134724,-0.01772463328386631,0.0329012511065121,0.544049907134724,0.01772463328386631,0.0329012511065121,0.11457445801382184,0.11665719965918774,0.1106929849474581,0.11665719965918774,False,True,False,3.2901251106512097,3.2901251106512097
5,balanced,14,84,84,84,-0.14903756250183164,-0.006264740934282753,-0.00016779488596746495,0.14903756250183164,0.006264740934282753,0.00016779488596746495,0.06742876076872101,0.06657673009561678,0.06326327747798921,0.06742876076872101,True,True,True,0.6264740934282753,0.6264740934282753
6,balanced,14,84,84,84,-0.5966155896366843,-0.007907781994366814,0.02478552196683742,0.5966155896366843,0.007907781994366814,0.02478552196683742,0.07346397803654264,0.07845782448168134,0.10950960901259112,0.10950960901259112,False,True,False,2.478552196683742,2.478552196683742
7,balanced,14,84,84,84,-1.1170737088928249,-0.03505911720255572,0.032797720721202184,1.1170737088928249,0.03505911720255572,0.032797720721202184,0.09119094954085014,0.11168702073274638,0.09490674997633249,0.11168702073274638,False,True,False,3.5059117202555723,3.5059117202555723
8,balanced,14,84,84,84,-0.02028167515239332,0.005686725821925309,-0.008403713598725604,0.02028167515239332,0.005686725821925309,0.008403713598725604,0.07287229006910916,0.06645839250213008,0.094386064564991,0.094386064564991,True,True,True,0.8403713598725604,0.8403713598725604
9,balanced,14,84,84,84,-0.5522688653990002,-0.015847914697466714,0.030845058145034743,0.5522688653990002,0.015847914697466714,0.030845058145034743,0.07793713907033986,0.06918015715232415,0.12105935813689293,0.12105935813689293,False,True,False,3.084505814503474,3.084505814503474
10,balanced,14,84,84,84,-0.7921782985821935,-0.017822828033448146,0.03090051977916264,0.7921782985821935,0.017822828033448146,0.03090051977916264,0.12068067783773549,0.09343936381709742,0.11696487740225314,0.12068067783773549,False,True,False,3.090051977916264,3.090051977916264
11,balanced,14,84,84,84,-0.38317666434773656,-0.015446109143349096,0.015749908445968797,0.38317666434773656,0.015446109143349096,0.015749908445968797,0.0927766732935719,0.09220865284483575,0.10148632017419294,0.10148632017419294,False,True,False,1.5749908445968797,1.5749908445968797
12,balanced,14,84,84,84,-0.35101589969893254,-0.005359880693209695,0.01562860527717813,0.35101589969893254,0.005359880693209695,0.01562860527717813,0.06349995266496261,0.08170027454321689,0.10435008993657105,0.10435008993657105,False,True,False,1.5628605277178131,1.5628605277178131
13,balanced,14,84,84,84,-0.5887945690108083,-0.012894233844417902,0.014742624629942969,0.5887945690108083,0.012894233844417902,0.014742624629942969,0.08939221811985232,0.10477610527312317,0.09168796743349428,0.10477610527312317,False,True,False,1.4742624629942969,1.4742624629942969
14,balanced,14,84,84,84,-0.05088416435132359,0.002570016686097909,-0.008577355721399615,0.05088416435132359,0.002570016686097909,0.008577355721399615,0.07916785004260153,0.04477894537536685,0.0742686736722522,0.07916785004260153,True,True,True,0.8577355721399615,0.8577355721399615
15,balanced,14,84,84,84,-0.28666543660375154,0.0010064424542919337,-0.012910354488894882,0.28666543660375154,0.0010064424542919337,0.012910354488894882,0.07871816718735208,0.10198333806683707,0.10326138407649342,0.10326138407649342,False,True,False,1.2910354488894882,1.2910354488894882
16,balanced,14,84,84,84,-0.6137563584599093,-0.0101044469606546,0.014235647345349822,0.6137563584599093,0.0101044469606546,0.014235647345349822,0.07893117485562813,0.05803275584587712,0.07845782448168134,0.07893117485562813,False,True,False,1.4235647345349822,1.4235647345349822
17,balanced,14,84,84,84,-0.5041266365912129,-0.0045948657212043775,0.01534777276017285,0.5041266365912129,0.0045948657212043775,0.01534777276017285,0.0573700653223516,0.06844646407270662,0.09180630502698098,0.09180630502698098,False,True,False,1.534777276017285,1.534777276017285
18,balanced,14,84,84,84,-0.20181630606408874,0.0047472696968247075,-0.003650641783950026,0.20181630606408874,0.0047472696968247075,0.003650641783950026,0.0736769857048187,0.08413802896904289,0.08044589605225788,0.08413802896904289,True,True,True,0.47472696968247075,0.6009859212074492
19,balanced,14,84,84,84,0.6375854158902641,0.019849368437107717,-0.023520580498468502,0.6375854158902641,0.019849368437107717,0.023520580498468502,0.08598409542743539,0.11005396194262994,0.09367603900407082,0.11005396194262994,False,True,False,2.35205804984685,2.35205804984685
20,balanced,14,84,84,84,-0.5784413330394216,-0.009331156877132818,0.012583676941814836,0.5784413330394216,0.009331156877132818,0.012583676941814836,0.09014957871816719,0.08875319511502414,0.08539240746000189,0.09014957871816719,False,True,False,1.2583676941814836,1.2583676941814836
21,balanced,14,84,84,84,-0.597857517691903,-0.0010459728854281813,0.010112697474780052,0.597857517691903,0.0010459728854281813,0.010112697474780052,0.0825996402537158,0.08006721575310044,0.0706948783489539,0.0825996402537158,False,True,False,1.195715035383806,1.195715035383806
22,balanced,14,84,84,84,-0.7997899025461912,-0.011751231050514788,0.014044082097121602,0.7997899025461912,0.011751231050514788,0.014044082097121602,0.10546246331534602,0.11076398750355013,0.11623118432263561,0.11623118432263561,False,True,False,1.5995798050923824,1.5995798050923824
23,balanced,14,84,84,84,-0.5325971982091247,-0.0007895937948244613,0.021452825555256183,0.5325971982091247,0.0007895937948244613,0.021452825555256183,0.1321120893685506,0.10546246331534602,0.10468143519833381,0.1321120893685506,False,True,False,2.1452825555256183,2.1452825555256183
24,balanced,14,84,84,84,-0.1813503984676963,-0.004238632885071092,-0.00021666280061549692,0.1813503984676963,0.004238632885071092,0.00021666280061549692,0.07303796269999054,0.048849758591309286,0.07232793713907033,0.07303796269999054,True,True,True,0.4238632885071092,0.5216997335713609
25,balanced,14,84,84,84,-0.1371029074485648,-0.0034634893809285527,0.017258398983217127,0.1371029074485648,0.0034634893809285527,0.017258398983217127,0.08827984474107735,0.059097794187257406,0.0927766732935719,0.0927766732935719,False,True,False,1.7258398983217127,1.7258398983217127
26,balanced,14,84,84,84,0.03880662310021421,0.0031710571515889407,-0.008005879957993955,0.03880662310021421,0.0031710571515889407,0.008005879957993955,0.043122219066553065,0.06335794755277857,0.0730142951812932,0.0730142951812932,True,True,True,0.8005879957993955,0.8005879957993955
27,balanced,14,84,84,84,-0.8808690222738669,-0.015312411312853769,0.01699882479095194,0.8808690222738669,0.015312411312853769,0.01699882479095194,0.10908359367603901,0.10451576256745243,0.08868219255893212,0.10908359367603901,False,True,False,1.7617380445477338,1.7617380445477338
28,balanced,14,84,84,84,-0.9370266112325822,-0.024680889855136057,0.04405035002577329,0.9370266112325822,0.024680889855136057,0.04405035002577329,0.10418441730568967,0.0927766732935719,0.14228912240840672,0.14228912240840672,False,False,False,4.405035002577328,4.405035002577328
29,balanced,14,84,84,84,-0.10942237417565082,-0.007454060085070657,0.0015186687343689553,0.10942237417565082,0.007454060085070657,0.0015186687343689553,0.053180914512922464,0.07187825428382089,0.04473161033797217,0.07187825428382089,True,True,True,0.7454060085070657,0.7454060085070657
30,balanced,14,84,84,84,-0.43623105384717675,-0.01253415420256443,0.027030142240348276,0.43623105384717675,0.01253415420256443,0.027030142240348276,0.09997159897756319,0.08387768626337215,0.08648111332007952,0.09997159897756319,False,True,False,2.7030142240348276,2.7030142240348276
31,balanced,14,84,84,84,-0.25134885578589206,0.003418235129945657,0.017950917189441862,0.25134885578589206,0.003418235129945657,0.017950917189441862,0.07602007005585534,0.0776531288459718,0.08898987030199754,0.08898987030199754,False,True,False,1.7950917189441862,1.7950917189441862
32,balanced,14,84,84,84,-0.26804855591437615,-0.00819814779533723,0.006320784838548477,0.26804855591437615,0.00819814779533723,0.006320784838548477,0.07597273501846066,0.0946227397519644,0.05684937991101013,0.0946227397519644,True,True,True,0.819814779533723,0.819814779533723
33,balanced,14,84,84,84,-0.5231709166434584,-0.0006727999125447637,0.008868125128726034,0.5231709166434584,0.0006727999125447637,0.008868125128726034,0.08517939979172584,0.07938085771087759,0.08681245858184228,0.08681245858184228,False,True,False,1.0463418332869168,1.0463418332869168
34,balanced,14,84,84,84,-0.5365935023123889,-0.011398641903083706,0.009429604785195056,0.5365935023123889,0.011398641903083706,0.009429604785195056,0.09308435103663731,0.07372432074221338,0.08728580895578908,0.09308435103663731,False,True,False,1.1398641903083706,1.1398641903083706
35,balanced,14,84,84,84,-0.18440934289730748,0.0005509068608052781,0.009576472980402428,0.18440934289730748,0.0005509068608052781,0.009576472980402428,0.08030389094007384,0.06868313925968002,0.07557038720060588,0.08030389094007384,True,True,True,0.9576472980402428,0.9576472980402428
36,balanced,14,84,84,84,-0.7117722288265966,-0.013014553270477625,0.03517173970715809,0.7117722288265966,0.013014553270477625,0.03517173970715809,0.09182997254567832,0.09071759916690335,0.1006342895010887,0.1006342895010887,False,True,False,3.5171739707158087,3.5171739707158087
37,balanced,14,84,84,84,-0.24647315043025841,-0.018526116364367073,0.008727041644121691,0.24647315043025841,0.018526116364367073,0.008727041644121691,0.051098172867556566,0.0779608065890372,0.068612136703588,0.0779608065890372,False,True,False,1.8526116364367073,1.8526116364367073
38,balanced,14,84,84,84,0.3606571840605568,0.014398926003749923,-0.003176258305941815,0.3606571840605568,0.014398926003749923,0.003176258305941815,0.07095522105462464,0.09459907223326706,0.05994982486036164,0.09459907223326706,False,True,False,1.4398926003749923,1.4398926003749923
39,balanced,14,84,84,84,-0.6561978684786531,-0.012458280860266124,0.026174938788493363,0.6561978684786531,0.012458280860266124,0.026174938788493363,0.07699043832244627,0.08009088327179778,0.09130928713433684,0.09130928713433684,False,True,False,2.617493878849336,2.617493878849336
40,balanced,14,84,84,84,-0.1794615499812764,0.002393866511729903,0.015170845862777615,0.1794615499812764,0.002393866511729903,0.015170845862777615,0.05164252579759538,0.04835274069866515,0.09601912335510746,0.09601912335510746,False,True,False,1.5170845862777615,1.5170845862777615
41,balanced,14,84,84,84,-0.4135369202702748,-0.014002257581575694,0.014407659076985824,0.4135369202702748,0.014002257581575694,0.014407659076985824,0.05935813689292815,0.06480166619331629,0.06761810091829973,0.06761810091829973,False,True,False,1.4407659076985824,1.4407659076985824
42,balanced,14,84,84,84,-0.4375038911681237,-0.01322059020714661,0.012989579339589497,0.4375038911681237,0.01322059020714661,0.012989579339589497,0.09651614124775158,0.11511881094386064,0.0963504686168702,0.11511881094386064,False,True,False,1.322059020714661,1.322059020714661
43,balanced,14,84,84,84,-0.2127024756793503,0.005922142526625929,-0.003956963845894612,0.2127024756793503,0.005922142526625929,0.003956963845894612,0.06764176843699707,0.09964025371580043,0.10077629461327274,0.10077629461327274,True,True,True,0.5922142526625929,0.7198306758090909
44,balanced,14,84,84,84,-0.553642871670359,-0.012050740487826062,0.01541883320479992,0.553642871670359,0.012050740487826062,0.01541883320479992,0.07590173246236864,0.07029253053109911,0.08219729243586102,0.08219729243586102,False,True,False,1.541883320479992,1.541883320479992
45,balanced,14,84,84,84,-0.5936099317594454,-0.016274315327713285,0.03462832544685257,0.5936099317594454,0.016274315327713285,0.03462832544685257,0.09088327179778471,0.09495408501372717,0.1449635520212061,0.1449635520212061,False,False,False,3.462832544685257,3.462832544685257
46,balanced,14,84,84,84,-0.19112246076932138,0.007982495218207819,0.006654290742939217,0.19112246076932138,0.007982495218207819,0.006654290742939217,0.06475433115592161,0.07398466344788412,0.06799678121745716,0.07398466344788412,True,True,True,0.7982495218207819,0.7982495218207819
47,balanced,14,84,84,84,0.22686920012084144,0.016789015492915338,-0.024942554672082562,0.22686920012084144,0.016789015492915338,0.024942554672082562,0.07339297548045062,0.08522673482912052,0.10240935340338919,0.10240935340338919,False,True,False,2.494255467208256,2.494255467208256
48,balanced,14,84,84,84,-0.538522467563098,-0.009444219082901162,0.027745486896784244,0.538522467563098,0.009444219082901162,0.027745486896784244,0.07620941020543406,0.05391460759254,0.08508472971693648,0.08508472971693648,False,True,False,2.7745486896784244,2.7745486896784244
49,balanced,14,84,84,84,0.5524764658657126,0.01931392607629767,-0.02021106905194181,0.5524764658657126,0.01931392607629767,0.02021106905194181,0.09675281643472498,0.12027833001988071,0.08333333333333333,0.12027833001988071,False,True,False,2.021106905194181,2.021106905194181
50,balanced,14,84,84,84,0.18171632022418294,-0.004223156610013157,-0.013245115328280932,0.18171632022418294,0.004223156610013157,0.013245115328280932,0.06804411625485184,0.07871816718735208,0.08255230521632112,0.08255230521632112,False,True,False,1.3245115328280932,1.3245115328280932
51,balanced,14,84,84,84,-0.5960106819650761,-0.02464361389083014,0.03143581747453267,0.5960106819650761,0.02464361389083014,0.03143581747453267,0.08704913376881568,0.10030294423932595,0.08617343557701411,0.10030294423932595,False,True,False,3.1435817474532666,3.1435817474532666
52,balanced,14,84,84,84,-0.4975286181267293,-0.017648410296463912,0.034187879939995724,0.4975286181267293,0.017648410296463912,0.034187879939995724,0.08314399318375462,0.06411530815109344,0.0981255325191707,0.0981255325191707,False,True,False,3.4187879939995724,3.4187879939995724
53,balanced,14,84,84,84,-0.8767154300279323,-0.019033077284291156,0.024460079896784837,0.8767154300279323,0.019033077284291156,0.024460079896784837,0.10969894916216984,0.08702546625011834,0.09388904667234688,0.10969894916216984,False,True,False,2.4460079896784834,2.4460079896784834
54,balanced,14,84,84,84,-0.8491596407616377,-0.02916293668919634,0.03637985458840315,0.8491596407616377,0.02916293668919634,0.03637985458840315,0.10470510271703115,0.12766259585345072,0.127473255703872,0.12766259585345072,False,True,False,3.6379854588403147,3.6379854588403147
55,balanced,14,84,84,84,-0.30933236775609174,-0.011753304440658585,0.02372246762803054,0.30933236775609174,0.011753304440658585,0.02372246762803054,0.07907317996781217,0.08539240746000189,0.07850515951907602,0.08539240746000189,False,True,False,2.372246762803054,2.372246762803054
56,balanced,14,84,84,84,-0.12813354941310706,-0.001922062532130897,0.018486816474846346,0.12813354941310706,0.001922062532130897,0.018486816474846346,0.061180535832623305,0.06428098078197482,0.07748745621509041,0.07748745621509041,False,True,False,1.8486816474846346,1.8486816474846346
57,balanced,14,84,84,84,-0.5606333725291108,-0.009384887626081584,0.02194399075648029,0.5606333725291108,0.009384887626081584,0.02194399075648029,0.0941493893780176,0.08380668370728013,0.07275395247562245,0.0941493893780176,False,True,False,2.194399075648029,2.194399075648029
58,balanced,14,84,84,84,-0.948210122875814,-0.017242163131942267,0.0313276431600763,0.948210122875814,0.017242163131942267,0.0313276431600763,0.11121367035879959,0.10193600302944239,0.1221717315156679,0.1221717315156679,False,True,False,3.13276431600763,3.13276431600763
59,balanced,14,84,84,84,-0.49711671029488613,-0.014890395881472007,0.022954303366564566,0.49711671029488613,0.014890395881472007,0.022954303366564566,0.07223326706428099,0.05753573795323298,0.07602007005585534,0.07602007005585534,False,True,False,2.2954303366564566,2.2954303366564566
60,balanced,14,84,84,84,0.04045180212219179,0.007374512230758579,-0.00012160439067521178,0.04045180212219179,0.007374512230758579,0.00012160439067521178,0.053133579475527784,0.05658903720533939,0.06622171731515668,0.06622171731515668,True,True,True,0.7374512230758579,0.7374512230758579
61,balanced,14,84,84,84,-0.41890417661655377,-0.013947042747930571,0.019098536238905728,0.41890417661655377,0.013947042747930571,0.019098536238905728,0.06820978888573322,0.11130834043358895,0.09365237148537348,0.11130834043358895,False,True,False,1.9098536238905728,1.9098536238905728
62,balanced,14,84,84,84,-0.9796275040715585,-0.0204000966850022,0.03325630590828571,0.9796275040715585,0.0204000966850022,0.03325630590828571,0.10676417684369971,0.13828931174855627,0.13301145507904952,0.13828931174855627,False,True,False,3.325630590828571,3.325630590828571
63,balanced,14,84,84,84,-0.27434262475044235,-0.005347533307212826,0.01544617324334624,0.27434262475044235,0.005347533307212826,0.01544617324334624,0.0693931648206002,0.07826848433210262,0.07202025939600493,0.07826848433210262,False,True,False,1.544617324334624,1.544617324334624
64,balanced,14,84,84,84,-0.4997910628498907,-0.022909920907044468,0.01643682026768828,0.4997910628498907,0.022909920907044468,0.01643682026768828,0.06392596800151472,0.09045725646123261,0.08887153270851084,0.09045725646123261,False,True,False,2.2909920907044468,2.2909920907044468
65,balanced,14,84,84,84,-0.9217751336731723,-0.021667463151069932,0.03300005764632841,0.9217751336731723,0.021667463151069932,0.03300005764632841,0.09377070907886018,0.0967054813973303,0.08827984474107735,0.0967054813973303,False,True,False,3.3000057646328407,3.3000057646328407
66,balanced,14,84,84,84,0.05130875978484539,-0.005705550202609433,0.00395991231335896,0.05130875978484539,0.005705550202609433,0.00395991231335896,0.06960617248887627,0.06541702167944713,0.05145318564801666,0.06960617248887627,True,True,True,0.5705550202609433,0.5705550202609433
67,balanced,14,84,84,84,-0.3050944548060457,-0.019216407689618076,0.021981023867337024,0.3050944548060457,0.019216407689618076,0.021981023867337024,0.06503834138028969,0.09507242260721387,0.09784152229480261,0.09784152229480261,False,True,False,2.1981023867337024,2.1981023867337024
68,balanced,14,84,84,84,-0.8368740051767034,-0.025091973510834142,0.031918143581898484,0.8368740051767034,0.025091973510834142,0.031918143581898484,0.09547477042506863,0.11315440689198145,0.12394679541796838,0.12394679541796838,False,True,False,3.1918143581898484,3.1918143581898484
69,balanced,14,84,84,84,-0.5543289495148258,-0.00939155057387231,0.025072223678708427,0.5543289495148258,0.00939155057387231,0.025072223678708427,0.11412477515857238,0.10816056044684275,0.09097794187257408,0.11412477515857238,False,True,False,2.5072223678708427,2.5072223678708427
70,balanced,14,84,84,84,-0.3188437704311937,-0.0026423406703365293,-0.00506539111181914,0.3188437704311937,0.0026423406703365293,0.00506539111181914,0.09317902111142667,0.12456215090409921,0.11845593108018555,0.12456215090409921,True,True,True,0.6376875408623874,0.8897296493149942
71,balanced,14,84,84,84,0.12093469374991983,0.008337790345554486,-0.010783461859416699,0.12093469374991983,0.008337790345554486,0.010783461859416699,0.04799772791820506,0.08203161980497965,0.08361734355770141,0.08361734355770141,False,True,False,1.0783461859416699,1.0783461859416699
72,balanced,14,84,84,84,-0.057476086112281166,0.001377317810034806,0.004340313945974117,0.057476086112281166,0.001377317810034806,0.004340313945974117,0.06996118526933637,0.0638549654454227,0.07684843321026223,0.07684843321026223,True,True,True,0.4340313945974117,0.5489173800733016
73,balanced,14,84,84,84,-0.6676319183120789,-0.014230461059889121,0.04000783888511117,0.6676319183120789,0.014230461059889121,0.04000783888511117,0.10605415128277951,0.08188961469279561,0.13123639117674904,0.13123639117674904,False,True,False,4.000783888511116,4.000783888511116
74,balanced,14,84,84,84,-0.02130399131311478,-0.005325283035233608,0.009941023325403753,0.02130399131311478,0.005325283035233608,0.009941023325403753,0.0496307867083215,0.048873426110006626,0.05718072517277289,0.05718072517277289,True,True,True,0.9941023325403753,0.9941023325403753
75,balanced,14,84,84,84,-1.026191203203524,-0.02979048951355756,0.04264364807887622,1.026191203203524,0.02979048951355756,0.04264364807887622,0.12614787465682098,0.13154406891981443,0.11332007952286283,0.13154406891981443,False,True,False,4.264364807887621,4.264364807887621
76,balanced,14,84,84,84,-0.27813962227492084,-0.016998216931617405,0.026332237752187626,0.27813962227492084,0.016998216931617405,0.026332237752187626,0.07012685790021773,0.0731326327747799,0.0897472309003124,0.0897472309003124,False,True,False,2.6332237752187626,2.6332237752187626
77,balanced,14,84,84,84,-0.20317940184716576,-0.00431864537968063,0.0016620521422456846,0.20317940184716576,0.00431864537968063,0.0016620521422456846,0.084564044305595,0.05945280696771751,0.08155826943103285,0.084564044305595,True,True,True,0.431864537968063,0.6040288878971071
78,balanced,14,84,84,84,-0.702999793184194,-0.024758463703758227,0.03765721356916435,0.702999793184194,0.024758463703758227,0.03765721356916435,0.1351415317618101,0.11845593108018555,0.11892928145413235,0.1351415317618101,False,True,False,3.7657213569164347,3.7657213569164347
79,balanced,14,84,84,84,0.014822906135538716,0.0021841096066056442,-0.014204620123142053,0.014822906135538716,0.0021841096066056442,0.014204620123142053,0.053062576919435764,0.08035122597746852,0.082126289879769,0.082126289879769,False,True,False,1.4204620123142053,1.4204620123142053
80,balanced,14,84,84,84,-0.14049273145294094,0.005017147110733755,0.004815500800575634,0.14049273145294094,0.005017147110733755,0.004815500800575634,0.07282495503171448,0.07751112373378775,0.07580706238757928,0.07751112373378775,True,True,True,0.5017147110733755,0.5536508838127696
81,balanced,14,84,84,84,-0.26019644437052136,-0.009824161795231046,0.015348291905984968,0.26019644437052136,0.009824161795231046,0.015348291905984968,0.07112089368550602,0.07528637697623781,0.06217457161791158,0.07528637697623781,False,True,False,1.5348291905984968,1.5348291905984968
82,balanced,14,84,84,84,-0.3750150173685043,-0.004225349919024568,0.009141133294340631,0.3750150173685043,0.004225349919024568,0.009141133294340631,0.09987692890277383,0.09310801855533465,0.09904856574836694,0.09987692890277383,True,True,True,0.9141133294340631,0.9141133294340631
83,balanced,14,84,84,84,-0.7489444100923883,-0.01833505544948677,0.03052398477613366,0.7489444100923883,0.01833505544948677,0.03052398477613366,0.08901353782069488,0.12444381331061252,0.09741550695825049,0.12444381331061252,False,True,False,3.052398477613366,3.052398477613366
84,balanced,14,84,84,84,-0.33316616484760786,-0.012741824767726895,0.014986537036563441,0.33316616484760786,0.012741824767726895,0.014986537036563441,0.07954653034175897,0.07296696014389852,0.09024424879295655,0.09024424879295655,False,True,False,1.498653703656344,1.498653703656344
85,balanced,14,84,84,84,-0.7636134480929009,-0.024204339366891037,0.030447782987407246,0.7636134480929009,0.024204339366891037,0.030447782987407246,0.09959291867840575,0.09994793145886585,0.09062292909211399,0.09994793145886585,False,True,False,3.0447782987407246,3.0447782987407246
86,balanced,14,84,84,84,-0.27727181270673285,-0.009051123257501348,-0.0008918793838844641,0.27727181270673285,0.009051123257501348,0.0008918793838844641,0.07656442298589416,0.07332197292435862,0.06929849474581085,0.07656442298589416,True,True,True,0.9051123257501348,0.9051123257501348
87,balanced,14,84,84,84,-0.3657460523285927,-0.016152957077845365,0.013064591873736653,0.3657460523285927,0.016152957077845365,0.013064591873736653,0.06087285808955789,0.07287229006910916,0.07199659187730759,0.07287229006910916,False,True,False,1.6152957077845365,1.6152957077845365
88,balanced,14,84,84,84,-0.5767942693754406,-0.026158171817258102,0.024554017038694642,0.5767942693754406,0.026158171817258102,0.024554017038694642,0.10172299536116633,0.12884597178831772,0.1073558648111332,0.12884597178831772,False,True,False,2.6158171817258102,2.6158171817258102
89,balanced,14,84,84,84,-0.45263292375730657,-0.007047598627659024,0.012057342871435839,0.45263292375730657,0.007047598627659024,0.012057342871435839,0.07173624917163685,0.07994887815961374,0.07694310328505159,0.07994887815961374,False,True,False,1.2057342871435839,1.2057342871435839
90,balanced,14,84,84,84,-0.7754414278618711,-0.01239380637409715,0.015337295248161908,0.7754414278618711,0.01239380637409715,0.015337295248161908,0.09059926157341665,0.07684843321026223,0.10139165009940358,0.10139165009940358,False,True,False,1.5508828557237422,1.5508828557237422
91,balanced,14,84,84,84,0.5659443113282734,0.01629536485783145,-0.01825301513808686,0.5659443113282734,0.01629536485783145,0.01825301513808686,0.1033087191138881,0.12131970084256366,0.11907128656631638,0.12131970084256366,False,True,False,1.8253015138086859,1.8253015138086859
92,balanced,14,84,84,84,-0.6595458273159842,-0.011020182920661536,0.027611581603097624,0.6595458273159842,0.011020182920661536,0.027611581603097624,0.0916406323960996,0.10103663731894348,0.09211398277004638,0.10103663731894348,False,True,False,2.7611581603097624,2.7611581603097624
93,balanced,14,84,84,84,-0.7604752578687872,-0.017906235509283053,0.03348213260703958,0.7604752578687872,0.017906235509283053,0.03348213260703958,0.10619615639496355,0.08922654548897094,0.10619615639496355,0.10619615639496355,False,True,False,3.3482132607039583,3.3482132607039583
94,balanced,14,84,84,84,-0.7132524051619278,-0.018755814925852987,0.03516786664701027,0.7132524051619278,0.018755814925852987,0.03516786664701027,0.1165151945470037,0.12832528637697624,0.09507242260721387,0.12832528637697624,False,True,False,3.516786664701027,3.516786664701027
95,balanced,14,84,84,84,-0.9326408219971505,-0.03580677037042779,0.040145809002697375,0.9326408219971505,0.03580677037042779,0.040145809002697375,0.08768815677364385,0.10546246331534602,0.10697718451197577,0.10697718451197577,False,True,False,4.0145809002697375,4.0145809002697375
96,balanced,14,84,84,84,0.6036569761595665,0.022329844822178924,-0.02768670426616232,0.6036569761595665,0.022329844822178924,0.02768670426616232,0.1177695730379627,0.10674050932500237,0.11488213575688724,0.1177695730379627,False,True,False,2.768670426616232,2.768670426616232
97,balanced,14,84,84,84,-0.20725237455357615,-0.0005915289793934075,0.010394898725529678,0.20725237455357615,0.0005915289793934075,0.010394898725529678,0.055689671494840484,0.06475433115592161,0.08013821830919246,0.08013821830919246,False,True,False,1.0394898725529678,1.0394898725529678
98,balanced,14,84,84,84,-0.21434420330844972,-0.0009519100149715243,0.010606107296455225,0.21434420330844972,0.0009519100149715243,0.010606107296455225,0.06910915459623213,0.10243302092208653,0.084564044305595,0.10243302092208653,False,True,False,1.0606107296455225,1.0606107296455225
99,balanced,14,84,84,84,-0.7271125740730469,-0.013134139701322267,0.02491367004611078,0.7271125740730469,0.013134139701322267,0.02491367004611078,0.09237432547571713,0.08588942535264603,0.08546341001609391,0.09237432547571713,False,True,False,2.491367004611078,2.491367004611078
100,balanced,14,84,84,84,-0.0023391784439645846,-0.0001078795069977545,0.01391230097283358,0.0023391784439645846,0.0001078795069977545,0.01391230097283358,0.07734545110290637,0.07209126195209695,0.07327463788696394,0.07734545110290637,False,True,False,1.391230097283358,1.391230097283358
101,balanced,14,84,84,84,-0.6127428297268303,-0.009682552512509823,0.010344229455626852,0.6127428297268303,0.009682552512509823,0.010344229455626852,0.0987882230426962,0.06889614692795608,0.06749976332481303,0.0987882230426962,False,True,False,1.2254856594536605,1.2254856594536605
102,balanced,14,84,84,84,-0.6270482964240927,-0.014564701201258079,0.029582457433976084,0.6270482964240927,0.014564701201258079,0.029582457433976084,0.09838587522484142,0.1072375272176465,0.10797122029726404,0.10797122029726404,False,True,False,2.958245743397608,2.958245743397608
103,balanced,14,84,84,84,-0.4247900217554772,-0.002794779904139566,0.007308909442219902,0.4247900217554772,0.002794779904139566,0.007308909442219902,0.06991385023194169,0.05606835179399792,0.06439931837546152,0.06991385023194169,True,True,True,0.8495800435109544,0.8495800435109544
104,balanced,14,84,84,84,0.062372596654615364,-0.00011615816640953014,0.00017325965398223842,0.062372596654615364,0.00011615816640953014,0.00017325965398223842,0.08477705197387106,0.07083688346113794,0.07450534885922559,0.08477705197387106,True,True,True,0.12474519330923073,0.6055503712419361
105,balanced,14,84,84,84,-0.530533231276408,-0.025343836485227977,0.025778259588616292,0.530533231276408,0.025343836485227977,0.025778259588616292,0.08210262236107166,0.11376976237811227,0.12302376218877213,0.12302376218877213,False,True,False,2.577825958861629,2.577825958861629
106,balanced,14,84,84,84,-1.140521012437759,-0.032915142032669875,0.04191024414639505,1.140521012437759,0.032915142032669875,0.04191024414639505,0.12508283631544068,0.11040897472309003,0.12352078008141626,0.12508283631544068,False,True,False,4.191024414639505,4.191024414639505
107,balanced,14,84,84,84,-0.47551021389265813,-0.013500826411611544,0.009961841932841664,0.47551021389265813,0.013500826411611544,0.009961841932841664,0.09033891886774591,0.08302565559026792,0.07876550222474676,0.09033891886774591,False,True,False,1.3500826411611544,1.3500826411611544
108,balanced,14,84,84,84,-0.6956974635304221,0.003075756420384379,0.009350024025122416,0.6956974635304221,0.003075756420384379,0.009350024025122416,0.11793524566884407,0.09746284199564517,0.09805452996307867,0.11793524566884407,False,True,False,1.3913949270608441,1.3913949270608441
109,balanced,14,84,84,84,0.4756934332213305,-0.0005756606618798621,-0.0010043116164545896,0.4756934332213305,0.0005756606618798621,0.0010043116164545896,0.07694310328505159,0.07348764555523998,0.06918015715232415,0.07694310328505159,True,True,True,0.951386866442661,0.951386866442661
110,balanced,14,84,84,84,-0.041057538254893444,0.0072487428823866384,-0.003478103633315577,0.041057538254893444,0.0072487428823866384,0.003478103633315577,0.04844741077345451,0.06816245384833854,0.04028211682287229,0.06816245384833854,True,True,True,0.7248742882386638,0.7248742882386638
111,balanced,14,84,84,84,-0.39247446668243313,-0.014693729114272802,0.031382701841970506,0.39247446668243313,0.014693729114272802,0.031382701841970506,0.0778424689955505,0.09074126668560069,0.08406702641295087,0.09074126668560069,False,True,False,3.1382701841970504,3.1382701841970504
112,balanced,14,84,84,84,-0.7491646237099445,-0.0171228456315784,0.027261953751013812,0.7491646237099445,0.0171228456315784,0.027261953751013812,0.09672914891602764,0.129911010129698,0.10546246331534602,0.129911010129698,False,True,False,2.726195375101381,2.726195375101381
113,balanced,14,84,84,84,-0.18026277832289495,-0.01292948644390679,0.016076619066065223,0.18026277832289495,0.01292948644390679,0.016076619066065223,0.05701505254189151,0.08113225409448073,0.08375934866988545,0.08375934866988545,False,True,False,1.6076619066065223,1.6076619066065223
114,balanced,14,84,84,84,-0.17293039089821605,0.0034024987941458917,-0.001407943139351553,0.17293039089821605,0.0034024987941458917,0.001407943139351553,0.054553630597368175,0.04032945186026697,0.05531099119568304,0.05531099119568304,True,True,True,0.3458607817964321,0.3950785085405931
115,balanced,14,84,84,84,-0.4293810496510879,-0.009475885114806681,0.0171414416316526,0.4293810496510879,0.009475885114806681,0.0171414416316526,0.09949824860361639,0.0783158193694973,0.09452806967717504,0.09949824860361639,False,True,False,1.7141441631652599,1.7141441631652599
116,balanced,14,84,84,84,-0.2967353518302325,-0.007904088280338617,0.014362211555364546,0.2967353518302325,0.007904088280338617,0.014362211555364546,0.07983054056612705,0.07829215185079996,0.08217362491716368,0.08217362491716368,False,True,False,1.4362211555364546,1.4362211555364546
117,balanced,14,84,84,84,0.24276024119525985,0.0019136542405165935,-0.006307840352844707,0.24276024119525985,0.0019136542405165935,0.006307840352844707,0.0898655684937991,0.07308529773738522,0.08399602385685885,0.0898655684937991,True,True,True,0.6307840352844707,0.6418969178128507
118,balanced,14,84,84,84,-0.8185679769015088,-0.016371183519160226,0.02813988746076268,0.8185679769015088,0.016371183519160226,0.02813988746076268,0.09000757360598315,0.07871816718735208,0.0930133484805453,0.0930133484805453,False,True,False,2.813988746076268,2.813988746076268
119,balanced,14,84,84,84,-0.49444520740941655,-0.016693906127294822,0.02397307282911304,0.49444520740941655,0.016693906127294822,0.02397307282911304,0.08953422323203636,0.06918015715232415,0.08349900596421471,0.08953422323203636,False,True,False,2.397307282911304,2.397307282911304
120,balanced,14,84,84,84,-0.0240863134246041,1.4908544766267795e-05,-0.0026456102606992604,0.0240863134246041,1.4908544766267795e-05,0.0026456102606992604,0.07829215185079996,0.08207895484237432,0.06809145129224652,0.08207895484237432,True,True,True,0.26456102606992604,0.5862782488741022
121,balanced,14,84,84,84,-1.3744148723918528,-0.029563754509200235,0.04695696582728354,1.3744148723918528,0.029563754509200235,0.04695696582728354,0.10775821262898798,0.11076398750355013,0.13137839628893308,0.13137839628893308,False,True,False,4.695696582728353,4.695696582728353
122,balanced,14,84,84,84,-0.7877626616112323,-0.023305552768163484,0.04382020775560286,0.7877626616112323,0.023305552768163484,0.04382020775560286,0.09369970652276816,0.11178169080753574,0.1160418441730569,0.1160418441730569,False,True,False,4.382020775560286,4.382020775560286
123,balanced,14,84,84,84,-0.7010717929611765,-0.012507722203527916,0.015576777308946854,0.7010717929611765,0.012507722203527916,0.015576777308946854,0.08612610053961943,0.08678879106314494,0.0736769857048187,0.08678879106314494,False,True,False,1.5576777308946854,1.5576777308946854
124,balanced,14,84,84,84,-0.35896746017352044,-0.002500610049589347,0.009604897921051125,0.35896746017352044,0.002500610049589347,0.009604897921051125,0.06312127236580517,0.0731326327747799,0.08106125153838871,0.08106125153838871,True,True,True,0.9604897921051125,0.9604897921051125
125,balanced,14,84,84,84,0.3526760880652908,0.014195374722684728,-0.018239016783257567,0.3526760880652908,0.014195374722684728,0.018239016783257567,0.05618668938748462,0.06402063807630408,0.07959386537915365,0.07959386537915365,False,True,False,1.8239016783257567,1.8239016783257567
126,balanced,14,84,84,84,-0.5006202940212425,-0.008232926395985163,0.013113331798053851,0.5006202940212425,0.008232926395985163,0.013113331798053851,0.08541607497869923,0.07154690902205812,0.08948688819464168,0.08948688819464168,False,True,False,1.311333179805385,1.311333179805385
127,balanced,14,84,84,84,-0.47592006110674134,-0.009856732540494573,0.025966058124865465,0.47592006110674134,0.009856732540494573,0.025966058124865465,0.08172394206191423,0.06518034649247373,0.0941493893780176,0.0941493893780176,False,True,False,2.5966058124865463,2.5966058124865463
128,balanced,14,84,84,84,0.022793159762073856,0.006434479927424963,-0.003769651060890722,0.022793159762073856,0.006434479927424963,0.003769651060890722,0.07805547666382656,0.09762851462652655,0.07273028495692511,0.09762851462652655,True,True,True,0.6434479927424963,0.6973465330466182
129,balanced,14,84,84,84,-0.5191312146821545,-0.018297540002233714,0.030948486217907745,0.5191312146821545,0.018297540002233714,0.030948486217907745,0.09111994698475812,0.13118905613935436,0.08562908264697529,0.13118905613935436,False,True,False,3.0948486217907742,3.0948486217907742
130,balanced,14,84,84,84,0.2425476399423303,0.011747743335200678,-0.004792902934642074,0.2425476399423303,0.011747743335200678,0.004792902934642074,0.06447032093155354,0.09419672441541228,0.07199659187730759,0.09419672441541228,False,True,False,1.1747743335200678,1.1747743335200678
131,balanced,14,84,84,84,0.6061200103806605,0.01837893249418543,-0.019716933153447636,0.6061200103806605,0.01837893249418543,0.019716933153447636,0.1271655779608066,0.08702546625011834,0.08719113888099972,0.1271655779608066,False,True,False,1.9716933153447636,1.9716933153447636
132,balanced,14,84,84,84,-0.4124214505648034,-0.00829605108530218,0.006691807831094132,0.4124214505648034,0.00829605108530218,0.006691807831094132,0.0797358704913377,0.08536873994130455,0.07696677080374893,0.08536873994130455,True,True,True,0.8296051085302181,0.8296051085302181
133,balanced,14,84,84,84,-0.3357096369560466,0.0004859427650534265,0.005918185354111372,0.3357096369560466,0.0004859427650534265,0.005918185354111372,0.052068541134147495,0.05585534412572186,0.05860077629461327,0.05860077629461327,True,True,True,0.6714192739120932,0.6714192739120932
134,balanced,14,84,84,84,-0.8315217919075337,-0.013530488946915775,0.03376491730920722,0.8315217919075337,0.013530488946915775,0.03376491730920722,0.09078860172299535,0.08274164536589984,0.12910631449398846,0.12910631449398846,False,True,False,3.376491730920722,3.376491730920722
135,balanced,14,84,84,84,-0.17689916900886615,-0.007728724319618019,0.01695196227989898,0.17689916900886615,0.007728724319618019,0.01695196227989898,0.0868834611379343,0.06842279655400928,0.0843273691186216,0.0868834611379343,False,True,False,1.695196227989898,1.695196227989898
136,balanced,14,84,84,84,-0.8369398654708853,-0.02672252526910035,0.04329251750216029,0.8369398654708853,0.02672252526910035,0.04329251750216029,0.10404241219350563,0.1234261100066269,0.12001798731420998,0.1234261100066269,False,True,False,4.329251750216029,4.329251750216029
137,balanced,14,84,84,84,-0.6755426751498419,-0.021968204062916885,0.03593440637146522,0.6755426751498419,0.021968204062916885,0.03593440637146522,0.06955883745148159,0.08522673482912052,0.11029063712960334,0.11029063712960334,False,True,False,3.593440637146522,3.593440637146522
138,balanced,14,84,84,84,-0.7202684281620115,-0.01836352589189505,0.02251415388724054,0.7202684281620115,0.01836352589189505,0.02251415388724054,0.09412572185932026,0.07817381425731326,0.10236201836599451,0.10236201836599451,False,True,False,2.251415388724054,2.251415388724054
139,balanced,14,84,84,84,-0.6603238893189314,-0.016645877201240555,0.03225361373429664,0.6603238893189314,0.016645877201240555,0.03225361373429664,0.11812458581842279,0.09571144561204203,0.11585250402347817,0.11812458581842279,False,True,False,3.2253613734296636,3.2253613734296636
140,balanced,14,84,84,84,-0.5482798500922108,-0.017933815429915678,0.031084013919867648,0.5482798500922108,0.017933815429915678,0.031084013919867648,0.10865757833948689,0.10179399791725835,0.11071665246615545,0.11071665246615545,False,True,False,3.1084013919867646,3.1084013919867646
141,balanced,14,84,84,84,-0.07195185179470087,0.0004575461188714991,-0.009921493679518167,0.07195185179470087,0.0004575461188714991,0.009921493679518167,0.06759443339960239,0.05637602953706333,0.06792577866136515,0.06792577866136515,True,True,True,0.9921493679518167,0.9921493679518167
142,balanced,14,84,84,84,-0.6789771004584466,-0.021846820268201173,0.020985718500523443,0.6789771004584466,0.021846820268201173,0.020985718500523443,0.08035122597746852,0.1072375272176465,0.08046956357095522,0.1072375272176465,False,True,False,2.1846820268201173,2.1846820268201173
143,balanced,14,84,84,84,-0.5324308388072758,-0.019372122340566844,0.025006905458634765,0.5324308388072758,0.019372122340566844,0.025006905458634765,0.07348764555523998,0.09751017703303985,0.08894253526460286,0.09751017703303985,False,True,False,2.5006905458634763,2.5006905458634763
144,balanced,14,84,84,84,-0.004809654730685509,0.0016322841286422474,-0.0025263760915312794,0.004809654730685509,0.0016322841286422474,0.0025263760915312794,0.07552305216321122,0.06539335416074979,0.07164157909684749,0.07552305216321122,True,True,True,0.25263760915312794,0.5394503725943658
145,balanced,14,84,84,84,-0.49562524313681067,-0.0178423496189809,0.013809775085443454,0.49562524313681067,0.0178423496189809,0.013809775085443454,0.06425731326327748,0.07848149200037868,0.06619804979645934,0.07848149200037868,False,True,False,1.7842349618980902,1.7842349618980902
146,balanced,14,84,84,84,0.10376091530677911,0.011037421301409833,-0.007854563766170664,0.10376091530677911,0.011037421301409833,0.007854563766170664,0.05803275584587712,0.06941683233929755,0.07173624917163685,0.07173624917163685,False,True,False,1.1037421301409833,1.1037421301409833
147,balanced,14,84,84,84,-0.3156856098127996,-0.012076547347671829,0.01595093562111377,0.3156856098127996,0.012076547347671829,0.01595093562111377,0.06518034649247373,0.0867651235444476,0.05950014200511219,0.0867651235444476,False,True,False,1.595093562111377,1.595093562111377
148,balanced,14,84,84,84,-0.22806734397961037,0.003381355997754576,-0.0020994363585595255,0.22806734397961037,0.003381355997754576,0.0020994363585595255,0.06435198333806684,0.05923979929944145,0.04321688914134242,0.06435198333806684,True,True,True,0.45613468795922074,0.4596570238433345
149,balanced,14,84,84,84,-0.46554039473287645,-0.005559517581146145,0.011665935223423463,0.46554039473287645,0.005559517581146145,0.011665935223423463,0.10016093912714191,0.07900217741172015,0.08565275016567263,0.10016093912714191,False,True,False,1.1665935223423463,1.1665935223423463
150,balanced,14,84,84,84,-0.6770090402374151,-0.016283181873412822,0.029155965622813584,0.6770090402374151,0.016283181873412822,0.029155965622813584,0.09377070907886018,0.084564044305595,0.10536779324055666,0.10536779324055666,False,True,False,2.915596562281358,2.915596562281358
151,balanced,14,84,84,84,0.13775484067394927,-0.00011094205041284333,-0.013110820298271209,0.13775484067394927,0.00011094205041284333,0.013110820298271209,0.09703682665909306,0.06170122124396478,0.08988923601249645,0.09703682665909306,False,True,False,1.3110820298271209,1.3110820298271209
152,balanced,14,84,84,84,0.07377615161639639,-0.002897242772035735,-0.007851490800811822,0.07377615161639639,0.002897242772035735,0.007851490800811822,0.07031619804979646,0.07467102149010697,0.0912856196156395,0.0912856196156395,True,True,True,0.7851490800811822,0.7851490800811822
153,balanced,14,84,84,84,-0.23145388121359645,-0.0038077516175690773,0.01938372552726403,0.23145388121359645,0.0038077516175690773,0.01938372552726403,0.06565369686642053,0.05483764082173625,0.07739278614030105,0.07739278614030105,False,True,False,1.9383725527264029,1.9383725527264029
154,balanced,14,84,84,84,-0.6176631647698727,-0.012330713793233472,0.020879866416732396,0.6176631647698727,0.012330713793233472,0.020879866416732396,0.09985326138407649,0.08577108775915933,0.08614976805831677,0.09985326138407649,False,True,False,2.0879866416732393,2.0879866416732393
155,balanced,14,84,84,84,-0.287749860804265,0.0012347662062633935,0.009475973030053264,0.287749860804265,0.0012347662062633935,0.009475973030053264,0.06671873520780082,0.08655211587617154,0.06579570197860456,0.08655211587617154,True,True,True,0.9475973030053264,0.9475973030053264
156,balanced,14,84,84,84,-0.45971727071019686,-0.015527295636586724,0.020477620701826793,0.45971727071019686,0.015527295636586724,0.020477620701826793,0.09126195209694216,0.08837451481586671,0.08487172204866042,0.09126195209694216,False,True,False,2.0477620701826793,2.0477620701826793
157,balanced,14,84,84,84,-0.0630852351369029,0.0032755359337210965,-0.005148770692325444,0.0630852351369029,0.0032755359337210965,0.005148770692325444,0.039666761336741456,0.08357000852030673,0.07029253053109911,0.08357000852030673,True,True,True,0.5148770692325444,0.5969286322879052
158,balanced,14,84,84,84,-0.05257486996862326,0.0024490934082206373,0.0014724937611194089,0.05257486996862326,0.0024490934082206373,0.0014724937611194089,0.0778424689955505,0.08030389094007384,0.061606551169175426,0.08030389094007384,True,True,True,0.24490934082206373,0.5735992210005274
159,balanced,14,84,84,84,-0.4844897331008795,-0.000538662852583971,0.010852173453052893,0.4844897331008795,0.000538662852583971,0.010852173453052893,0.08948688819464168,0.09102527690996876,0.09691848906560636,0.09691848906560636,False,True,False,1.0852173453052893,1.0852173453052893
160,balanced,14,84,84,84,-0.5557107327731465,-0.02708254158101886,0.023946492128905594,0.5557107327731465,0.02708254158101886,0.023946492128905594,0.09552210546246331,0.10252769099687589,0.13028969042885544,0.13028969042885544,False,True,False,2.708254158101886,2.708254158101886
161,balanced,14,84,84,84,0.053615187059268266,-0.004356541338729092,0.006370572500762117,0.053615187059268266,0.004356541338729092,0.006370572500762117,0.06650572753952476,0.07997254567831108,0.09869355296790684,0.09869355296790684,True,True,True,0.6370572500762117,0.7049539497707631
162,balanced,14,84,84,84,-0.6271734775314357,-0.01675510484152898,0.01572247270293986,0.6271734775314357,0.01675510484152898,0.01572247270293986,0.08740414654927578,0.08633910820789549,0.10364006437565086,0.10364006437565086,False,True,False,1.6755104841528978,1.6755104841528978
163,balanced,14,84,84,84,-1.3894475554918841,-0.035472476478441206,0.058252853335845955,1.3894475554918841,0.035472476478441206,0.058252853335845955,0.1530578434156963,0.13601722995361165,0.1153318186121367,0.1530578434156963,False,False,False,5.8252853335845955,5.8252853335845955
164,balanced,14,84,84,84,-0.647830381116254,-0.023155964623202352,0.026654588629568987,0.647830381116254,0.023155964623202352,0.026654588629568987,0.07388999337309476,0.09829120515005207,0.09547477042506863,0.09829120515005207,False,True,False,2.6654588629568985,2.6654588629568985
165,balanced,14,84,84,84,-0.9623876780054204,-0.019578022328468947,0.03326198045673229,0.9623876780054204,0.019578022328468947,0.03326198045673229,0.12479882609107261,0.10700085203067311,0.10124964498721954,0.12479882609107261,False,True,False,3.3261980456732285,3.3261980456732285
166,balanced,14,84,84,84,0.05163713028789729,-0.0021917543911035287,0.010860332282292995,0.05163713028789729,0.0021917543911035287,0.010860332282292995,0.05613935435008994,0.06735775821262899,0.08624443813310613,0.08624443813310613,False,True,False,1.0860332282292995,1.0860332282292995
167,balanced,14,84,84,84,-0.7364988637604526,-0.018359423460302837,0.029451026309580797,0.7364988637604526,0.018359423460302837,0.029451026309580797,0.09306068351793997,0.09114361450345546,0.08170027454321689,0.09306068351793997,False,True,False,2.9451026309580794,2.9451026309580794
168,balanced,14,84,84,84,0.0343506877128803,0.002940154789151106,-0.006454410214387196,0.0343506877128803,0.002940154789151106,0.006454410214387196,0.06726308813783963,0.0557606740509325,0.05803275584587712,0.06726308813783963,True,True,True,0.6454410214387196,0.6454410214387196
169,balanced,14,84,84,84,-0.09938022903699206,-0.0029611680439776134,0.015082677377243892,0.09938022903699206,0.0029611680439776134,0.015082677377243892,0.05353592729338256,0.043122219066553065,0.06217457161791158,0.06217457161791158,False,True,False,1.5082677377243892,1.5082677377243892
170,balanced,14,84,84,84,-0.6906311027843408,-0.015963113268523732,0.016359260300207512,0.6906311027843408,0.015963113268523732,0.016359260300207512,0.08013821830919246,0.06546435671684181,0.06536968664205245,0.08013821830919246,False,True,False,1.6359260300207512,1.6359260300207512
171,balanced,14,84,84,84,-0.863171971815941,-0.028249438741684285,0.031487370392163705,0.863171971815941,0.028249438741684285,0.031487370392163705,0.10051595190760201,0.0933683612610054,0.09050459149862729,0.10051595190760201,False,True,False,3.1487370392163703,3.1487370392163703
172,balanced,14,84,84,84,-0.2569189268701173,-0.00250104750510749,0.009893315705636618,0.2569189268701173,0.00250104750510749,0.009893315705636618,0.06577203445990722,0.07774779892076114,0.06818612136703588,0.07774779892076114,True,True,True,0.9893315705636618,0.9893315705636618
173,balanced,14,84,84,84,-0.9849037866999595,-0.015574652591229032,0.03265680389899045,0.9849037866999595,0.015574652591229032,0.03265680389899045,0.12233740414654927,0.11059831487266875,0.11244438133106126,0.12233740414654927,False,True,False,3.2656803898990447,3.2656803898990447
174,balanced,14,84,84,84,-0.6490710319290258,-0.01366487790745885,0.02308500495494248,0.6490710319290258,0.01366487790745885,0.02308500495494248,0.09495408501372717,0.1309760484710783,0.10581747609580612,0.1309760484710783,False,True,False,2.308500495494248,2.308500495494248
175,balanced,14,84,84,84,-0.8915887189546083,-0.02305141133526467,0.03688142199755512,0.8915887189546083,0.02305141133526467,0.03688142199755512,0.10915459623213103,0.12247940925873331,0.09500142005112185,0.12247940925873331,False,True,False,3.6881421997555117,3.6881421997555117
176,balanced,14,84,84,84,0.09298480424899935,-0.0009708884176986565,-0.0091080775628688,0.09298480424899935,0.0009708884176986565,0.0091080775628688,0.10394774211871627,0.05521632112089368,0.072304269620373,0.10394774211871627,True,True,True,0.9108077562868799,0.9108077562868799
177,balanced,14,84,84,84,-0.04689640925708716,0.0020987043108023906,-0.007909501642221484,0.04689640925708716,0.0020987043108023906,0.007909501642221484,0.05666003976143141,0.06560636182902585,0.09859888289311748,0.09859888289311748,True,True,True,0.7909501642221484,0.7909501642221484
178,balanced,14,84,84,84,-0.7050382152691732,-0.01335828970900177,0.024944043003144234,0.7050382152691732,0.01335828970900177,0.024944043003144234,0.0827179778472025,0.07755845877118243,0.06839912903531194,0.0827179778472025,False,True,False,2.4944043003144234,2.4944043003144234
179,balanced,14,84,84,84,-0.4373207289331198,-0.02016986593918635,0.011770211997253088,0.4373207289331198,0.02016986593918635,0.011770211997253088,0.08958155826943104,0.12359178263750828,0.07864716463126006,0.12359178263750828,False,True,False,2.016986593918635,2.016986593918635
180,balanced,14,84,84,84,-0.7538473008426827,-0.0246764230546741,0.03478763726472317,0.7538473008426827,0.0246764230546741,0.03478763726472317,0.08477705197387106,0.10745053488592256,0.10920193126952571,0.10920193126952571,False,True,False,3.478763726472317,3.478763726472317
181,balanced,14,84,84,84,-0.5581805221873744,-0.01036586335332168,0.020019884082654815,0.5581805221873744,0.01036586335332168,0.020019884082654815,0.09672914891602764,0.0740319984852788,0.09781785477610527,0.09781785477610527,False,True,False,2.0019884082654813,2.0019884082654813
182,balanced,14,84,84,84,-0.4408359497568277,-0.012876787068186513,0.019116967290052356,0.4408359497568277,0.012876787068186513,0.019116967290052356,0.07128656631638738,0.09287134336836127,0.09180630502698098,0.09287134336836127,False,True,False,1.9116967290052356,1.9116967290052356
183,balanced,14,84,84,84,-0.5990980322654771,-0.010373369281088674,0.01800157541651959,0.5990980322654771,0.010373369281088674,0.01800157541651959,0.11000662690523526,0.08690712865663164,0.11400643756508567,0.11400643756508567,False,True,False,1.8001575416519588,1.8001575416519588
184,balanced,14,84,84,84,-0.046152372991294044,0.002676007936090574,0.0028156203029213733,0.046152372991294044,0.002676007936090574,0.0028156203029213733,0.061582883650478086,0.04780838776862634,0.05609201931269526,0.061582883650478086,True,True,True,0.28156203029213733,0.4398777403605577
185,balanced,14,84,84,84,-0.9058443448156552,-0.01674350889980336,0.02895656914914757,0.9058443448156552,0.01674350889980336,0.02895656914914757,0.12617154217551832,0.09343936381709742,0.0991432358231563,0.12617154217551832,False,True,False,2.895656914914757,2.895656914914757
186,balanced,14,84,84,84,-0.5224500013031559,-0.011825173273280365,0.024435830075238307,0.5224500013031559,0.011825173273280365,0.024435830075238307,0.07694310328505159,0.05727539524756225,0.08513206475433116,0.08513206475433116,False,True,False,2.4435830075238307,2.4435830075238307
187,balanced,14,84,84,84,-1.5491899562515918,-0.046223794132778995,0.06641511206092693,1.5491899562515918,0.046223794132778995,0.06641511206092693,0.16848906560636182,0.1391886774590552,0.1616254851841333,0.16848906560636182,False,False,False,6.641511206092693,6.641511206092693
188,balanced,14,84,84,84,-0.7906035608970932,-0.024320222149600834,0.03629224888779731,0.7906035608970932,0.024320222149600834,0.03629224888779731,0.09753384455173719,0.0868834611379343,0.0963504686168702,0.09753384455173719,False,True,False,3.6292248887797305,3.6292248887797305
189,balanced,14,84,84,84,-0.09592128635118158,-0.0027318338513613316,0.007539712951419197,0.09592128635118158,0.0027318338513613316,0.007539712951419197,0.07554671968190854,0.07218593202688631,0.048707753479125246,0.07554671968190854,True,True,True,0.7539712951419197,0.7539712951419197
190,balanced,14,84,84,84,-0.8826756901467121,-0.02831756294797827,0.03438572456416095,0.8826756901467121,0.02831756294797827,0.03438572456416095,0.11192369591971978,0.12195872384739184,0.1162785193600303,0.12195872384739184,False,True,False,3.4385724564160944,3.4385724564160944
191,balanced,14,84,84,84,-0.08020127087075579,-0.012117608029525773,0.011860997100083814,0.08020127087075579,0.012117608029525773,0.011860997100083814,0.05597368171920856,0.10269336362775727,0.08089557890750734,0.10269336362775727,False,True,False,1.2117608029525773,1.2117608029525773
192,balanced,14,84,84,84,-1.0126138952298724,-0.02862422494266237,0.03833956071285416,1.0126138952298724,0.02862422494266237,0.03833956071285416,0.09904856574836694,0.12004165483290732,0.11104799772791821,0.12004165483290732,False,True,False,3.833956071285416,3.833956071285416
193,balanced,14,84,84,84,-0.3337982919736504,-0.007283998099419042,0.014492003197238867,0.3337982919736504,0.007283998099419042,0.014492003197238867,0.08761715421755183,0.06352362018365995,0.08385401874467481,0.08761715421755183,False,True,False,1.4492003197238867,1.4492003197238867
194,balanced,14,84,84,84,-0.5666794179233605,-0.015915713561740374,0.02227130882063938,0.5666794179233605,0.015915713561740374,0.02227130882063938,0.07452901637792293,0.06747609580611569,0.0851557322730285,0.0851557322730285,False,True,False,2.2271308820639377,2.2271308820639377
195,balanced,14,84,84,84,0.21921010544657094,0.012175184563204211,-0.013521374519259832,0.21921010544657094,0.012175184563204211,0.013521374519259832,0.060328505159519076,0.07246994225125437,0.07668276057938085,0.07668276057938085,False,True,False,1.3521374519259832,1.3521374519259832
196,balanced,14,84,84,84,-0.4332820430890294,-0.00887005605472968,0.01815362309570273,0.4332820430890294,0.00887005605472968,0.01815362309570273,0.09244532803180915,0.10136798258070624,0.13630124017797973,0.13630124017797973,False,True,False,1.8153623095702731,1.8153623095702731
197,balanced,14,84,84,84,-1.0517975856643567,-0.021882514580682688,0.03603480179194346,1.0517975856643567,0.021882514580682688,0.03603480179194346,0.13220675944333996,0.17731705008046955,0.1452712297642715,0.17731705008046955,False,False,False,3.603480179194346,3.603480179194346
198,balanced,14,84,84,84,-0.6498579494792764,-0.021120596566677752,0.02723869228446202,0.6498579494792764,0.021120596566677752,0.02723869228446202,0.07930985515478557,0.09862255041181482,0.07793713907033986,0.09862255041181482,False,True,False,2.7238692284462016,2.7238692284462016
199,balanced,14,84,84,84,-0.44671924608760705,-0.0023149500960631952,-0.0008335637339012547,0.44671924608760705,0.0023149500960631952,0.0008335637339012547,0.08671778850705292,0.0776531288459718,0.08972356338161507,0.08972356338161507,True,True,True,0.8934384921752141,0.8934384921752141
200,balanced,14,84,84,84,-0.042191820321615836,0.0027164131442470874,0.0026343231078209683,0.042191820321615836,0.0027164131442470874,0.0026343231078209683,0.0828363154406892,0.07767679636466913,0.07370065322351604,0.0828363154406892,True,True,True,0.27164131442470874,0.5916879674334943
201,balanced,14,84,84,84,-0.450098897565951,0.00147678625410963,0.006206034011906336,0.450098897565951,0.00147678625410963,0.006206034011906336,0.08532140490390988,0.07495503171447505,0.08345167092682003,0.08532140490390988,True,True,True,0.900197795131902,0.900197795131902
202,balanced,14,84,84,84,-0.30479427446166696,-0.00867641830333088,0.015570293042043493,0.30479427446166696,0.00867641830333088,0.015570293042043493,0.07928618763608823,0.06726308813783963,0.07429234119094955,0.07928618763608823,False,True,False,1.5570293042043493,1.5570293042043493
203,balanced,14,84,84,84,0.026970105675442113,-0.0007571138756853335,-0.007358408449893883,0.026970105675442113,0.0007571138756853335,0.007358408449893883,0.054435293003881474,0.06792577866136515,0.062269241692700934,0.06792577866136515,True,True,True,0.7358408449893883,0.7358408449893883
204,balanced,14,84,84,84,0.14950087257128786,-0.004349013768798593,0.007793282241815358,0.14950087257128786,0.004349013768798593,0.007793282241815358,0.06484900123071097,0.054577298116065515,0.05694404998579949,0.06484900123071097,True,True,True,0.7793282241815358,0.7793282241815358
205,balanced,14,84,84,84,-0.7555724409147331,-0.01708128629300798,0.041263663603558154,0.7555724409147331,0.01708128629300798,0.041263663603558154,0.12375745526838966,0.08612610053961943,0.12049133768815677,0.12375745526838966,False,True,False,4.126366360355815,4.126366360355815
206,balanced,14,84,84,84,-1.1493062943003025,-0.031670564586515515,0.04459305209040021,1.1493062943003025,0.031670564586515515,0.04459305209040021,0.1146691280886112,0.09982959386537915,0.10676417684369971,0.1146691280886112,False,True,False,4.4593052090400205,4.4593052090400205
207,balanced,14,84,84,84,-0.9587457717666688,-0.021482470024507427,0.026321611450309035,0.9587457717666688,0.021482470024507427,0.026321611450309035,0.09973492379058979,0.12572185932026886,0.08941588563854966,0.12572185932026886,False,True,False,2.6321611450309033,2.6321611450309033
208,balanced,14,84,84,84,0.6105913351196399,0.011593257675260649,-0.022825172398294846,0.6105913351196399,0.011593257675260649,0.022825172398294846,0.08375934866988545,0.10051595190760201,0.07744012117769573,0.10051595190760201,False,True,False,2.2825172398294846,2.2825172398294846
209,balanced,14,84,84,84,0.25146310970228924,0.009065857178800152,-0.008014988248425059,0.25146310970228924,0.009065857178800152,0.008014988248425059,0.08338066837072801,0.07026886301240177,0.09478841238284579,0.09478841238284579,True,True,True,0.9065857178800152,0.9065857178800152
210,balanced,14,84,84,84,-0.26500984300412966,0.002360041230609511,0.015491313073728474,0.26500984300412966,0.002360041230609511,0.015491313073728474,0.05874278140679731,0.06818612136703588,0.07412666856006817,0.07412666856006817,False,True,False,1.5491313073728474,1.5491313073728474
211,balanced,14,84,84,84,-0.246908900119994,-0.0019215502160170317,-0.0013842421328939536,0.246908900119994,0.0019215502160170317,0.0013842421328939536,0.054577298116065515,0.05166619331629272,0.05829309855154786,0.05829309855154786,True,True,True,0.493817800239988,0.493817800239988
212,balanced,14,84,84,84,-0.3144212647345448,-0.012229499429772028,0.013863936726303094,0.3144212647345448,0.012229499429772028,0.013863936726303094,0.10517845309097794,0.11317807441067879,0.08425636656252958,0.11317807441067879,False,True,False,1.3863936726303094,1.3863936726303094
213,balanced,14,84,84,84,-0.45451036221167485,-0.00391809471620963,0.011190428392994722,0.45451036221167485,0.00391809471620963,0.011190428392994722,0.07902584493041749,0.07651708794849948,0.06660039761431412,0.07902584493041749,False,True,False,1.1190428392994722,1.1190428392994722
214,balanced,14,84,84,84,-0.19681772431402678,0.004635841296944276,0.012125845061648377,0.19681772431402678,0.004635841296944276,0.012125845061648377,0.08756981918015715,0.10385307204392691,0.09339202877970273,0.10385307204392691,False,True,False,1.2125845061648377,1.2125845061648377
215,balanced,14,84,84,84,-0.27173233867358704,-0.0006739721372250873,0.01744063171401783,0.27173233867358704,0.0006739721372250873,0.01744063171401783,0.050104137082268296,0.0580800908832718,0.08745148158667046,0.08745148158667046,False,True,False,1.744063171401783,1.744063171401783
216,balanced,14,84,84,84,-0.9420143506139311,-0.018978269039473417,0.03304649449861652,0.9420143506139311,0.018978269039473417,0.03304649449861652,0.14749597652182145,0.16976711161601818,0.15256082552305217,0.16976711161601818,False,False,False,3.304649449861652,3.304649449861652
217,balanced,14,84,84,84,-0.4458946016355263,-0.012394678801605719,0.025858239886073775,0.4458946016355263,0.012394678801605719,0.025858239886073775,0.07519170690144845,0.10006626905235255,0.12326043737574553,0.12326043737574553,False,True,False,2.5858239886073773,2.5858239886073773
218,balanced,14,84,84,84,-0.5478892182803001,-0.014552754017876257,0.01782736957759462,0.5478892182803001,0.014552754017876257,0.01782736957759462,0.08096658146359936,0.09284767584966393,0.08690712865663164,0.09284767584966393,False,True,False,1.782736957759462,1.782736957759462
219,balanced,14,84,84,84,-0.4289510674202255,-0.0015744422123781243,0.016825343432293194,0.4289510674202255,0.0015744422123781243,0.016825343432293194,0.0915222948026129,0.08659945091356622,0.06875414181577204,0.0915222948026129,False,True,False,1.6825343432293194,1.6825343432293194
220,balanced,14,84,84,84,-0.23428654370519197,0.0031039061330375706,0.008120619109820204,0.23428654370519197,0.0031039061330375706,0.008120619109820204,0.06723942061914229,0.06184322635614882,0.0823629650667424,0.0823629650667424,True,True,True,0.8120619109820204,0.8120619109820204
221,balanced,14,84,84,84,-0.1891333118573968,0.00027101338304647005,0.014578352277599238,0.1891333118573968,0.00027101338304647005,0.014578352277599238,0.07327463788696394,0.07095522105462464,0.08309665814635994,0.08309665814635994,False,True,False,1.4578352277599238,1.4578352277599238
222,balanced,14,84,84,84,-0.27420208267469093,-0.01133994410040362,0.012557437016972262,0.27420208267469093,0.01133994410040362,0.012557437016972262,0.10238568588469185,0.0958061156868314,0.09519076020070055,0.10238568588469185,False,True,False,1.2557437016972262,1.2557437016972262
223,balanced,14,84,84,84,-0.4763053966202264,-0.017355741201719566,0.01983181745854995,0.4763053966202264,0.017355741201719566,0.01983181745854995,0.06283726214143709,0.1160418441730569,0.09765218214522389,0.1160418441730569,False,True,False,1.983181745854995,1.983181745854995
224,balanced,14,84,84,84,0.08382766887589455,0.0015574189208564793,-0.010637970868554114,0.08382766887589455,0.0015574189208564793,0.010637970868554114,0.04600965634762851,0.05398561014863202,0.08333333333333333,0.08333333333333333,False,True,False,1.0637970868554114,1.0637970868554114
225,balanced,14,84,84,84,-0.23562027994319834,0.0005138560104698264,0.01231071392317018,0.23562027994319834,0.0005138560104698264,0.01231071392317018,0.08437470415601628,0.07916785004260153,0.09713149673388242,0.09713149673388242,False,True,False,1.231071392317018,1.231071392317018
226,balanced,14,84,84,84,-0.6161453410055984,-0.02037162837133022,0.027671001801655548,0.6161453410055984,0.02037162837133022,0.027671001801655548,0.08241030010413708,0.08650478083877686,0.08461137934298968,0.08650478083877686,False,True,False,2.7671001801655546,2.7671001801655546
227,balanced,14,84,84,84,-0.3281912262733613,-0.01621594180268393,0.023229976267808983,0.3281912262733613,0.01621594180268393,0.023229976267808983,0.06776010603048377,0.09102527690996876,0.08917921045157626,0.09102527690996876,False,True,False,2.3229976267808983,2.3229976267808983
228,balanced,14,84,84,84,-1.155945933836815,-0.023166277291116866,0.027237337121418737,1.155945933836815,0.023166277291116866,0.027237337121418737,0.10763987503550128,0.12931932216226452,0.11727255514531856,0.12931932216226452,False,True,False,2.7237337121418737,2.7237337121418737
229,balanced,14,84,84,84,0.34980402974187186,0.014044477759065588,-0.009503303855181167,0.34980402974187186,0.014044477759065588,0.009503303855181167,0.06709741550695825,0.061275205907412665,0.0642099782258828,0.06709741550695825,False,True,False,1.4044477759065588,1.4044477759065588
230,balanced,14,84,84,84,-0.6428323045865305,-0.01742164229667853,0.03640860943898733,0.6428323045865305,0.01742164229667853,0.03640860943898733,0.09220865284483575,0.08894253526460286,0.11649152702830635,0.11649152702830635,False,True,False,3.6408609438987325,3.6408609438987325
231,balanced,14,84,84,84,-0.7243353949908098,-0.015394414886430452,0.01941442972469337,0.7243353949908098,0.015394414886430452,0.01941442972469337,0.08636277572659283,0.07793713907033986,0.07280128751301713,0.08636277572659283,False,True,False,1.9414429724693372,1.9414429724693372
232,balanced,14,84,84,84,-0.7153617681274866,-0.0006956103972262095,0.01660894420152037,0.7153617681274866,0.0006956103972262095,0.01660894420152037,0.10323771655779608,0.10094196724415412,0.11798258070623875,0.11798258070623875,False,True,False,1.660894420152037,1.660894420152037
233,balanced,14,84,84,84,-0.21600129190612094,-0.0017771785418430053,-0.002446358984657504,0.21600129190612094,0.0017771785418430053,0.002446358984657504,0.05573700653223516,0.05744106787844362,0.06357095522105463,0.06357095522105463,True,True,True,0.4320025838122419,0.4540782515789616
234,balanced,14,84,84,84,-0.823419636040505,-0.022353186560836402,0.041490160943264354,0.823419636040505,0.022353186560836402,0.041490160943264354,0.10288270377733598,0.10482344031051785,0.11168702073274638,0.11168702073274638,False,True,False,4.149016094326435,4.149016094326435
235,balanced,14,84,84,84,-0.5373112898280148,-0.01629881673940181,0.028072803408738967,0.5373112898280148,0.01629881673940181,0.028072803408738967,0.08430370159992426,0.09100160939127142,0.11000662690523526,0.11000662690523526,False,True,False,2.8072803408738967,2.8072803408738967
236,balanced,14,84,84,84,0.007772936871131009,0.0027119750817384825,0.01051812711547645,0.007772936871131009,0.0027119750817384825,0.01051812711547645,0.08837451481586671,0.05294423932594907,0.07370065322351604,0.08837451481586671,False,True,False,1.051812711547645,1.051812711547645
237,balanced,14,84,84,84,-0.02325472077398416,0.006064353532426736,-0.004978858294819588,0.02325472077398416,0.006064353532426736,0.004978858294819588,0.05682571239231279,0.09521442771939789,0.07268294991953043,0.09521442771939789,True,True,True,0.6064353532426736,0.6801030551385563
238,balanced,14,84,84,84,-0.3000666951631672,-0.0049807926689116044,0.013067889199137817,0.3000666951631672,0.0049807926689116044,0.013067889199137817,0.060328505159519076,0.048707753479125246,0.055618668938748464,0.060328505159519076,False,True,False,1.3067889199137817,1.3067889199137817
239,balanced,14,84,84,84,-0.5480785112788347,-0.021839630812714117,0.023744317608697274,0.5480785112788347,0.021839630812714117,0.023744317608697274,0.09459907223326706,0.11618384928524093,0.10016093912714191,0.11618384928524093,False,True,False,2.374431760869727,2.374431760869727
240,balanced,14,84,84,84,-0.8659957674070107,-0.02752772051268626,0.02168579589729691,0.8659957674070107,0.02752772051268626,0.02168579589729691,0.10129698002461422,0.10960427908738048,0.10577014105841144,0.10960427908738048,False,True,False,2.752772051268626,2.752772051268626
241,balanced,14,84,84,84,-0.657148630682503,-0.010689358693100837,0.014823858132796852,0.657148630682503,0.010689358693100837,0.014823858132796852,0.08551074505348859,0.05381993751775064,0.08496639212344978,0.08551074505348859,False,True,False,1.4823858132796852,1.4823858132796852
242,balanced,14,84,84,84,-0.21217004157918495,0.005191172805263267,0.017874567719564638,0.21217004157918495,0.005191172805263267,0.017874567719564638,0.05479030578434157,0.07675376313547287,0.06818612136703588,0.07675376313547287,False,True,False,1.7874567719564638,1.7874567719564638
243,balanced,14,84,84,84,0.30733008344309454,0.01936791546682981,-0.014296636789205841,0.30733008344309454,0.01936791546682981,0.014296636789205841,0.0890845403767869,0.10584114361450346,0.09033891886774591,0.10584114361450346,False,True,False,1.936791546682981,1.936791546682981
244,balanced,14,84,84,84,-0.16748887851792205,0.008717489672251277,-0.004745134069329304,0.16748887851792205,0.008717489672251277,0.004745134069329304,0.056731042317523434,0.10858657578339487,0.04572564612326044,0.10858657578339487,True,True,True,0.8717489672251277,0.8717489672251277
245,balanced,14,84,84,84,-0.12791583919059235,-0.0026802527723092107,0.0065084662942458404,0.12791583919059235,0.0026802527723092107,0.0065084662942458404,0.0621272365805169,0.05670737479882609,0.05370159992426394,0.0621272365805169,True,True,True,0.650846629424584,0.650846629424584
246,balanced,14,84,84,84,-0.8476654204367193,-0.03207969743186034,0.032121725818352875,0.8476654204367193,0.03207969743186034,0.032121725818352875,0.10120230994982486,0.10020827416453659,0.11668086717788508,0.11668086717788508,False,True,False,3.2121725818352873,3.2121725818352873
247,balanced,14,84,84,84,-0.22763248552118753,-0.007350311814627419,0.014515255749702305,0.22763248552118753,0.007350311814627419,0.014515255749702305,0.08624443813310613,0.0850373946795418,0.10120230994982486,0.10120230994982486,False,True,False,1.4515255749702305,1.4515255749702305
248,balanced,14,84,84,84,-0.2698035664284326,-0.002001167475065402,0.01805191251470384,0.2698035664284326,0.002001167475065402,0.01805191251470384,0.05408028022342137,0.07374798826091072,0.07239893969516235,0.07374798826091072,False,True,False,1.8051912514703838,1.8051912514703838
249,balanced,14,84,84,84,-0.1481584450810871,-0.00587231033929303,0.009887623728152828,0.1481584450810871,0.00587231033929303,0.009887623728152828,0.06423364574458014,0.10046861687020733,0.07131023383508472,0.10046861687020733,True,True,True,0.9887623728152828,0.9887623728152828
250,balanced,14,84,84,84,0.06998490452100015,0.0014988165565656963,-0.004716188164572255,0.06998490452100015,0.0014988165565656963,0.004716188164572255,0.061653886206570106,0.05505064849001231,0.07235160465776767,0.07235160465776767,True,True,True,0.4716188164572255,0.5167971761269119
251,balanced,14,84,84,84,-0.16211857949648945,-0.008336644864106124,0.014565915218543446,0.16211857949648945,0.008336644864106124,0.014565915218543446,0.08610243302092209,0.06106219823913661,0.07192558932121557,0.08610243302092209,False,True,False,1.4565915218543446,1.4565915218543446
252,balanced,14,84,84,84,-0.022104748494175652,-0.0012615877208494997,0.01951491322167681,0.022104748494175652,0.0012615877208494997,0.01951491322167681,0.0540329451860267,0.04849474581084919,0.10655116917542365,0.10655116917542365,False,True,False,1.951491322167681,1.951491322167681
253,balanced,14,84,84,84,-0.2223011509076258,-0.0048490947871221435,0.008406765043856956,0.2223011509076258,0.0048490947871221435,0.008406765043856956,0.07760579380857711,0.06269525702925305,0.06335794755277857,0.07760579380857711,True,True,True,0.8406765043856956,0.8406765043856956
254,balanced,14,84,84,84,-0.515568582620908,-0.011244036679064595,0.017317137985834008,0.515568582620908,0.011244036679064595,0.017317137985834008,0.07580706238757928,0.1122313736627852,0.10603048376408217,0.1122313736627852,False,True,False,1.7317137985834008,1.7317137985834008
255,balanced,14,84,84,84,-0.5567319930801027,-0.016558834551653523,0.03488727658431612,0.5567319930801027,0.016558834551653523,0.03488727658431612,0.10432642241787371,0.10416074978699233,0.1007526270945754,0.10432642241787371,False,True,False,3.488727658431612,3.488727658431612
256,balanced,14,84,84,84,0.024268885617132696,-0.004324404678481608,0.007661812755800301,0.024268885617132696,0.004324404678481608,0.007661812755800301,0.05826943103285052,0.06281359462273975,0.050956167755372525,0.06281359462273975,True,True,True,0.7661812755800301,0.7661812755800301
257,balanced,14,84,84,84,-0.449477987466377,-0.01878476220542058,0.02800725532938464,0.449477987466377,0.01878476220542058,0.02800725532938464,0.07893117485562813,0.07514437186405377,0.09308435103663731,0.09308435103663731,False,True,False,2.800725532938464,2.800725532938464
258,balanced,14,84,84,84,-0.5744152493203387,-0.011804241576672592,0.008514982820034434,0.5744152493203387,0.011804241576672592,0.008514982820034434,0.10432642241787371,0.12536684653980876,0.10463410016093913,0.12536684653980876,False,True,False,1.1804241576672592,1.1804241576672592
259,balanced,14,84,84,84,-0.6147328585168914,-0.014216875458355038,0.026467118761491104,0.6147328585168914,0.014216875458355038,0.026467118761491104,0.08174760958061157,0.08101391650099403,0.08953422323203636,0.08953422323203636,False,True,False,2.6467118761491104,2.6467118761491104
260,balanced,14,84,84,84,-0.7661516749925745,-0.027780287744341603,0.029129703967111842,0.7661516749925745,0.027780287744341603,0.029129703967111842,0.10352172678216416,0.10702451954937045,0.11327274448546815,0.11327274448546815,False,True,False,2.912970396711184,2.912970396711184
261,balanced,14,84,84,84,-0.6034669959611776,-0.013225275912762346,0.024567982797233434,0.6034669959611776,0.013225275912762346,0.024567982797233434,0.10863391082078955,0.09012591119946985,0.10195967054813973,0.10863391082078955,False,True,False,2.456798279723343,2.456798279723343
262,balanced,14,84,84,84,-0.23022101306442622,-0.013882497303850605,0.021873452074237854,0.23022101306442622,0.013882497303850605,0.021873452074237854,0.06610337972166998,0.08903720533939222,0.07748745621509041,0.08903720533939222,False,True,False,2.1873452074237854,2.1873452074237854
263,balanced,14,84,84,84,-0.42327823792854247,-0.00812143910103813,0.019567359632447046,0.42327823792854247,0.00812143910103813,0.019567359632447046,0.09074126668560069,0.06366562529584398,0.07708510839723563,0.09074126668560069,False,True,False,1.9567359632447046,1.9567359632447046
264,balanced,14,84,84,84,-0.6587950642402767,-0.0164410795444766,0.030311201693523415,0.6587950642402767,0.0164410795444766,0.030311201693523415,0.09625579854208084,0.06754709836220771,0.10271703114645461,0.10271703114645461,False,True,False,3.0311201693523415,3.0311201693523415
265,balanced,14,84,84,84,-0.6523149664695822,-0.007956929571879434,0.012583744972711308,0.6523149664695822,0.007956929571879434,0.012583744972711308,0.11774590551926536,0.11857426867367225,0.10778188014768532,0.11857426867367225,False,True,False,1.3046299329391644,1.3046299329391644
266,balanced,14,84,84,84,-0.1517856601940153,0.0008216744416998933,-0.000238351130292358,0.1517856601940153,0.0008216744416998933,0.000238351130292358,0.08162927198712487,0.07223326706428099,0.07886017229953611,0.08162927198712487,True,True,True,0.3035713203880306,0.5830662284794633
267,balanced,14,84,84,84,-1.1818682606513953,-0.03606044117498508,0.04702705871645374,1.1818682606513953,0.03606044117498508,0.04702705871645374,0.15772034459907222,0.12148537347344504,0.12744958818517466,0.15772034459907222,False,False,False,4.702705871645374,4.702705871645374
268,balanced,14,84,84,84,-1.703473122183265,-0.04589783406998005,0.061313211513184696,1.703473122183265,0.04589783406998005,0.061313211513184696,0.14581558269431033,0.19092587333143993,0.15464356716841807,0.19092587333143993,False,False,False,6.1313211513184696,6.1313211513184696
269,balanced,14,84,84,84,-0.2856935857089802,0.004984766532669771,-0.0046022825796887545,0.2856935857089802,0.004984766532669771,0.0046022825796887545,0.06792577866136515,0.04783205528732368,0.08529773738521254,0.08529773738521254,True,True,True,0.5713871714179604,0.6092695527515181
270,balanced,14,84,84,84,-0.7258106610386861,-0.02393893088218213,0.0293653435683478,0.7258106610386861,0.02393893088218213,0.0293653435683478,0.09121461705954748,0.13400549086433777,0.09871722048660418,0.13400549086433777,False,True,False,2.93653435683478,2.93653435683478
271,balanced,14,84,84,84,0.21744771530982732,-0.0021566218878784627,-0.004808275123315386,0.21744771530982732,0.0021566218878784627,0.004808275123315386,0.06993751775063903,0.06302660229101581,0.07720344599072233,0.07720344599072233,True,True,True,0.48082751233153864,0.5514531856480166
272,balanced,14,84,84,84,-0.9245642336843787,-0.023542200237820277,0.041374380162551294,0.9245642336843787,0.023542200237820277,0.041374380162551294,0.09852788033702546,0.07902584493041749,0.11135567547098363,0.11135567547098363,False,True,False,4.137438016255129,4.137438016255129
273,balanced,14,84,84,84,-0.21818292408426743,0.0037389088284163208,-0.0032390838633179486,0.21818292408426743,0.0037389088284163208,0.0032390838633179486,0.10875224841427625,0.0758780649436713,0.09829120515005207,0.10875224841427625,True,True,True,0.43636584816853485,0.7768017743876874
274,balanced,14,84,84,84,-0.38204665110892577,-0.0009256889383236766,0.016205131070722134,0.38204665110892577,0.0009256889383236766,0.016205131070722134,0.05755940547193032,0.04449493515099877,0.060281170122124396,0.060281170122124396,False,True,False,1.6205131070722134,1.6205131070722134
275,balanced,14,84,84,84,-0.18163157344528358,-0.0015339383727270839,0.00999156748764013,0.18163157344528358,0.0015339383727270839,0.00999156748764013,0.07481302660229101,0.09088327179778471,0.10361639685695352,0.10361639685695352,True,True,True,0.999156748764013,0.999156748764013
276,balanced,14,84,84,84,-0.4085214221544575,-0.011006164830663301,0.010569256857869413,0.4085214221544575,0.011006164830663301,0.010569256857869413,0.08330966581463599,0.08120325665057275,0.08385401874467481,0.08385401874467481,False,True,False,1.10061648306633,1.10061648306633
277,balanced,14,84,84,84,0.2264052829789236,0.0015105945053317527,0.002486993154012407,0.2264052829789236,0.0015105945053317527,0.002486993154012407,0.07857616207516804,0.07464735397140963,0.08030389094007384,0.08030389094007384,True,True,True,0.4528105659578472,0.5735992210005274
278,balanced,14,84,84,84,-0.1447645225477956,0.011156526637621011,0.009206116726122926,0.1447645225477956,0.011156526637621011,0.009206116726122926,0.0708132159424406,0.12060967528164347,0.10371106693174288,0.12060967528164347,False,True,False,1.1156526637621011,1.1156526637621011
279,balanced,14,84,84,84,-0.36840801847079163,-0.008329835388229845,0.010842163775416025,0.36840801847079163,0.008329835388229845,0.010842163775416025,0.07760579380857711,0.0909306068351794,0.0730142951812932,0.0909306068351794,False,True,False,1.0842163775416025,1.0842163775416025
280,balanced,14,84,84,84,-0.23311579494913914,-0.0019985125848465124,0.009785087906655943,0.23311579494913914,0.0019985125848465124,0.009785087906655943,0.05500331345261763,0.05483764082173625,0.0662927198712487,0.0662927198712487,True,True,True,0.9785087906655943,0.9785087906655943
281,balanced,14,84,84,84,-0.6602087785583137,-0.022663660769259186,0.03671788228563755,0.6602087785583137,0.022663660769259186,0.03671788228563755,0.09062292909211399,0.08383035122597747,0.10733219729243586,0.10733219729243586,False,True,False,3.671788228563755,3.671788228563755
282,balanced,14,84,84,84,-0.12897300420025104,-0.013027738669396438,0.023246382845421798,0.12897300420025104,0.013027738669396438,0.023246382845421798,0.10423175234308435,0.10558080090883272,0.09552210546246331,0.10558080090883272,False,True,False,2.32463828454218,2.32463828454218
283,balanced,14,84,84,84,0.6263399381230208,0.017523460377941613,-0.03034385999421846,0.6263399381230208,0.017523460377941613,0.03034385999421846,0.10345072422607214,0.10108397235633816,0.14060872858089557,0.14060872858089557,False,False,False,3.0343859994218456,3.0343859994218456
284,balanced,14,84,84,84,-0.31947098159319154,-0.00853248834215048,0.018042912390736743,0.31947098159319154,0.00853248834215048,0.018042912390736743,0.0990248982296696,0.09481207990154313,0.07535737953232984,0.0990248982296696,False,True,False,1.8042912390736743,1.8042912390736743
285,balanced,14,84,84,84,-0.7335497508229132,-0.018074388727143287,0.02798968929951534,0.7335497508229132,0.018074388727143287,0.02798968929951534,0.11966297453374988,0.12023099498248603,0.1281832812647922,0.1281832812647922,False,True,False,2.798968929951534,2.798968929951534
286,balanced,14,84,84,84,-0.3166107022828726,-0.007329636453470845,0.01279682669942711,0.3166107022828726,0.007329636453470845,0.01279682669942711,0.053299252106409165,0.07616207516803938,0.06555902679163117,0.07616207516803938,False,True,False,1.279682669942711,1.279682669942711
287,balanced,14,84,84,84,-0.8432366023243674,-0.010857220273949975,0.022659545581377616,0.8432366023243674,0.010857220273949975,0.022659545581377616,0.10195967054813973,0.10044494935151,0.10858657578339487,0.10858657578339487,False,True,False,2.2659545581377616,2.2659545581377616
288,balanced,14,84,84,84,-0.27780110195238805,-0.01543228884852621,0.025992806862275175,0.27780110195238805,0.01543228884852621,0.025992806862275175,0.0728959575878065,0.10678784436239705,0.09850421281832812,0.10678784436239705,False,True,False,2.5992806862275173,2.5992806862275173
289,balanced,14,84,84,84,-0.03160950950875119,-0.0022474485454344606,0.0032029447223256846,0.03160950950875119,0.0022474485454344606,0.0032029447223256846,0.05843510366373189,0.049796459339202875,0.07687210072895957,0.07687210072895957,True,True,True,0.32029447223256846,0.5490864337782826
290,balanced,14,84,84,84,-0.5867053183554312,-0.007912293853102326,0.017326848930668604,0.5867053183554312,0.007912293853102326,0.017326848930668604,0.08113225409448073,0.06468332859982959,0.09393638170974156,0.09393638170974156,False,True,False,1.7326848930668604,1.7326848930668604
291,balanced,14,84,84,84,-0.5411501525195455,-0.022159492752689025,0.027493986428615447,0.5411501525195455,0.022159492752689025,0.027493986428615447,0.08160560446842753,0.1174145602575026,0.09708416169648774,0.1174145602575026,False,True,False,2.7493986428615447,2.7493986428615447
292,balanced,14,84,84,84,-0.04558822922007266,0.005729042636189452,0.012139141908836248,0.04558822922007266,0.005729042636189452,0.012139141908836248,0.07781880147685316,0.05964214711729622,0.05372526744296128,0.07781880147685316,False,True,False,1.2139141908836248,1.2139141908836248
293,balanced,14,84,84,84,-0.6632546553792018,-0.0159477460912536,0.02789931034202492,0.6632546553792018,0.0159477460912536,0.02789931034202492,0.07559405471930322,0.07654075546719682,0.08768815677364385,0.08768815677364385,False,True,False,2.7899310342024917,2.7899310342024917
294,balanced,14,84,84,84,-0.0801676197913288,0.003833613690567894,-0.004053385445992208,0.0801676197913288,0.003833613690567894,0.004053385445992208,0.0807535737953233,0.05798542080848244,0.06309760484710783,0.0807535737953233,True,True,True,0.4053385445992208,0.5768112413951664
295,balanced,14,84,84,84,-0.42376588339564236,-0.004556595281783871,0.015566696895142229,0.42376588339564236,0.004556595281783871,0.015566696895142229,0.07467102149010697,0.0895578907507337,0.07225693458297833,0.0895578907507337,False,True,False,1.556669689514223,1.556669689514223
296,balanced,14,84,84,84,-0.6079347046850181,-0.02487856830474444,0.029838135460425408,0.6079347046850181,0.02487856830474444,0.029838135460425408,0.075996402537158,0.09883555808009088,0.09362870396667614,0.09883555808009088,False,True,False,2.9838135460425406,2.9838135460425406
297,balanced,14,84,84,84,-0.3896933480170581,-0.011530754179070235,0.016364344434491473,0.3896933480170581,0.011530754179070235,0.016364344434491473,0.0781974817760106,0.05531099119568304,0.08709646880621036,0.08709646880621036,False,True,False,1.6364344434491473,1.6364344434491473
298,balanced,14,84,84,84,-0.49500107465001975,-0.019231383356618115,0.028895379038560876,0.49500107465001975,0.019231383356618115,0.028895379038560876,0.06946416737669223,0.08333333333333333,0.10629082646975291,0.10629082646975291,False,True,False,2.8895379038560876,2.8895379038560876
299,balanced,14,84,84,84,-1.2680666757264092,-0.029738623893285077,0.05657386100694667,1.2680666757264092,0.029738623893285077,0.05657386100694667,0.13712960333238663,0.1574600018934015,0.13310612515383888,0.1574600018934015,False,False,False,5.657386100694667,5.657386100694667
300,balanced,14,84,84,84,-0.3510816975500859,-0.002791902560870585,0.002280830577493065,0.3510816975500859,0.002791902560870585,0.002280830577493065,0.07594906749976332,0.06567736438511787,0.09829120515005207,0.09829120515005207,True,True,True,0.7021633951001718,0.7021633951001718
301,balanced,14,84,84,84,-0.5988196104547399,-0.013891480930101952,0.01677111500229972,0.5988196104547399,0.013891480930101952,0.01677111500229972,0.0822446274732557,0.06683707280128752,0.07514437186405377,0.0822446274732557,False,True,False,1.677111500229972,1.677111500229972
302,balanced,14,84,84,84,-0.4224422629173432,-0.012827450387841832,0.026481789486871188,0.4224422629173432,0.012827450387841832,0.026481789486871188,0.09048092397992995,0.08181861213670359,0.10513111805358326,0.10513111805358326,False,True,False,2.648178948687119,2.648178948687119
303,balanced,14,84,84,84,-0.002716708587307437,0.006875781009287318,-0.001032183484539928,0.002716708587307437,0.006875781009287318,0.001032183484539928,0.11824292341190949,0.09933257597273502,0.10203067310423175,0.11824292341190949,True,True,True,0.6875781009287318,0.8445923100850677
304,balanced,14,84,84,84,0.18323713557387933,-0.003442743416651184,-0.01384037188144499,0.18323713557387933,0.003442743416651184,0.01384037188144499,0.0708132159424406,0.05531099119568304,0.07315630029347724,0.07315630029347724,False,True,False,1.384037188144499,1.384037188144499
305,balanced,14,84,84,84,-0.5651414704956892,-0.011583484421481272,0.005881946395318305,0.5651414704956892,0.011583484421481272,0.005881946395318305,0.08472971693647638,0.06492000378680299,0.08080090883271798,0.08472971693647638,False,True,False,1.1583484421481272,1.1583484421481272
306,balanced,14,84,84,84,-0.2180533038501018,0.00457784455842003,-0.0025601132517966696,0.2180533038501018,0.00457784455842003,0.0025601132517966696,0.10756887247940926,0.10207800814162643,0.09760484710782921,0.10756887247940926,True,True,True,0.457784455842003,0.7683490891386375
307,balanced,14,84,84,84,0.09383012299779736,0.00402688405738405,-0.006784938946599706,0.09383012299779736,0.00402688405738405,0.006784938946599706,0.06468332859982959,0.07616207516803938,0.05360692984947458,0.07616207516803938,True,True,True,0.6784938946599706,0.6784938946599706
308,balanced,14,84,84,84,-0.5370811421028812,-0.012105395108768846,0.021848000136990897,0.5370811421028812,0.012105395108768846,0.021848000136990897,0.10051595190760201,0.06423364574458014,0.07717977847202499,0.10051595190760201,False,True,False,2.1848000136990895,2.1848000136990895
309,balanced,14,84,84,84,-0.6679979475973106,-0.016658410851752126,0.029162918034531027,0.6679979475973106,0.016658410851752126,0.029162918034531027,0.11043264224178737,0.09168796743349428,0.11769857048187068,0.11769857048187068,False,True,False,2.9162918034531025,2.9162918034531025
310,balanced,14,84,84,84,0.8987045658703146,0.024748094312893376,-0.030669540837640064,0.8987045658703146,0.024748094312893376,0.030669540837640064,0.09734450440215847,0.11966297453374988,0.10442109249266307,0.11966297453374988,False,True,False,3.0669540837640064,3.0669540837640064
311,balanced,14,84,84,84,-0.21378879019857422,0.015115850316319346,-0.023659511208767414,0.21378879019857422,0.015115850316319346,0.023659511208767414,0.09386537915364954,0.1332954653034176,0.11755656536968664,0.1332954653034176,False,True,False,2.3659511208767414,2.3659511208767414
312,balanced,14,84,84,84,0.2846000792232495,0.008408485534337706,-0.015159911259886638,0.2846000792232495,0.008408485534337706,0.015159911259886638,0.0865284483574742,0.07090788601722996,0.08475338445517372,0.0865284483574742,False,True,False,1.5159911259886638,1.5159911259886638
313,balanced,14,84,84,84,-1.1192334235916412,-0.022633550489539744,0.048641502940350856,1.1192334235916412,0.022633550489539744,0.048641502940350856,0.118834611379343,0.1057464735397141,0.11852693363627757,0.118834611379343,False,True,False,4.864150294035086,4.864150294035086
314,balanced,14,84,84,84,-0.02773528707117734,0.0013201026728932863,-0.00015951471870034872,0.02773528707117734,0.0013201026728932863,0.00015951471870034872,0.07531004449493515,0.0736769857048187,0.0706948783489539,0.07531004449493515,True,True,True,0.13201026728932863,0.5379288892495367
315,balanced,14,84,84,84,-0.5123814995582734,-0.010938339357172921,0.012710639536147816,0.5123814995582734,0.010938339357172921,0.012710639536147816,0.08925021300766828,0.09881189056139354,0.09201931269525702,0.09881189056139354,False,True,False,1.2710639536147816,1.2710639536147816
316,balanced,14,84,84,84,-0.21757254981528007,-0.009325458956923827,0.01803383155214805,0.21757254981528007,0.009325458956923827,0.01803383155214805,0.057914418252390416,0.08020922086528448,0.08742781406797312,0.08742781406797312,False,True,False,1.803383155214805,1.803383155214805
317,balanced,14,84,84,84,-0.4831870423678488,-0.0024838343577965327,-0.00043387547513434876,0.4831870423678488,0.0024838343577965327,0.00043387547513434876,0.08499005964214712,0.0848007194925684,0.08231563002934772,0.08499005964214712,True,True,True,0.9663740847356976,0.9663740847356976
318,balanced,14,84,84,84,-0.4919264627137174,-0.01601146913315099,0.007618055229862197,0.4919264627137174,0.01601146913315099,0.007618055229862197,0.06087285808955789,0.075996402537158,0.05710972261668087,0.075996402537158,False,True,False,1.601146913315099,1.601146913315099
319,balanced,14,84,84,84,-0.7154308470724651,-0.01567703953416122,0.021358437874963887,0.7154308470724651,0.01567703953416122,0.021358437874963887,0.0993799110101297,0.11050364479787939,0.10293003881473066,0.11050364479787939,False,True,False,2.1358437874963885,2.1358437874963885
320,balanced,14,84,84,84,-0.41118735058629596,-0.006561747686092301,0.007057253310135347,0.41118735058629596,0.006561747686092301,0.007057253310135347,0.12811227870870018,0.09862255041181482,0.09284767584966393,0.12811227870870018,True,True,True,0.8223747011725919,0.9150877050621441
321,balanced,14,84,84,84,-1.0510106283777105,-0.025353084074906884,0.045451099712701115,1.0510106283777105,0.025353084074906884,0.045451099712701115,0.0967054813973303,0.0920666477326517,0.0964688062103569,0.0967054813973303,False,True,False,4.5451099712701115,4.5451099712701115
322,balanced,14,84,84,84,-0.1317864683195289,0.006936724275042994,0.0017132563017463465,0.1317864683195289,0.006936724275042994,0.0017132563017463465,0.084564044305595,0.09452806967717504,0.060257502603427056,0.09452806967717504,True,True,True,0.6936724275042994,0.6936724275042994
323,balanced,14,84,84,84,-0.5717352939286258,-0.012894034807478971,0.023087538196693846,0.5717352939286258,0.012894034807478971,0.023087538196693846,0.0843273691186216,0.07100255609201932,0.07788980403294518,0.0843273691186216,False,True,False,2.3087538196693846,2.3087538196693846
324,balanced,14,84,84,84,-0.6560733174776772,-0.010844866856530078,0.02767330243450733,0.6560733174776772,0.010844866856530078,0.02767330243450733,0.08214995739846634,0.09154596232131024,0.11542648868692607,0.11542648868692607,False,True,False,2.7673302434507328,2.7673302434507328
325,balanced,14,84,84,84,0.527890367331036,0.005630030451478585,-0.009488094869701758,0.527890367331036,0.005630030451478585,0.009488094869701758,0.07275395247562245,0.06207990154312222,0.06648206002082742,0.07275395247562245,False,True,False,1.055780734662072,1.055780734662072
326,balanced,14,84,84,84,0.2422196327438364,0.011193338182402757,-0.013046263722669815,0.2422196327438364,0.011193338182402757,0.013046263722669815,0.08245763514153176,0.07112089368550602,0.0704582031619805,0.08245763514153176,False,True,False,1.3046263722669815,1.3046263722669815
327,balanced,14,84,84,84,0.5844988739423442,0.008745233683051357,-0.011118930858748044,0.5844988739423442,0.008745233683051357,0.011118930858748044,0.08302565559026792,0.08472971693647638,0.0695115024140869,0.08472971693647638,False,True,False,1.1689977478846885,1.1689977478846885
328,balanced,14,84,84,84,-1.014332495820934,-0.015896981382961695,0.028677364140516193,1.014332495820934,0.015896981382961695,0.028677364140516193,0.11802991574363343,0.12655022247467576,0.09817286755656537,0.12655022247467576,False,True,False,2.867736414051619,2.867736414051619
329,balanced,14,84,84,84,0.34964684377866107,0.018586303439570462,-0.030742537457550956,0.34964684377866107,0.018586303439570462,0.030742537457550956,0.09235065795701979,0.11391176749029631,0.10458676512354445,0.11391176749029631,False,True,False,3.0742537457550956,3.0742537457550956
330,balanced,14,84,84,84,-0.15392389451416832,0.0005440768071347524,0.00797076549357767,0.15392389451416832,0.0005440768071347524,0.00797076549357767,0.055547666382656444,0.06584303701599924,0.052352551358515576,0.06584303701599924,True,True,True,0.797076549357767,0.797076549357767
331,balanced,14,84,84,84,-0.19052991112739193,0.005559482677753302,0.002086094220246193,0.19052991112739193,0.005559482677753302,0.002086094220246193,0.08936855060115498,0.09516709268200321,0.0595711445612042,0.09516709268200321,True,True,True,0.5559482677753302,0.6797649477285943
332,balanced,14,84,84,84,-0.47236825438438146,-0.009621027391888082,0.01356397262618031,0.47236825438438146,0.009621027391888082,0.01356397262618031,0.06563002934772319,0.07975953801003503,0.06439931837546152,0.07975953801003503,False,True,False,1.356397262618031,1.356397262618031
333,balanced,14,84,84,84,0.009496987029660175,0.008566197827859834,-0.004770165669653714,0.009496987029660175,0.008566197827859834,0.004770165669653714,0.06709741550695825,0.09661081132254094,0.07578339486888194,0.09661081132254094,True,True,True,0.8566197827859834,0.8566197827859834
334,balanced,14,84,84,84,-0.3028116309708828,-0.015442076250508974,0.016269366251337847,0.3028116309708828,0.015442076250508974,0.016269366251337847,0.0923033229196251,0.07528637697623781,0.0726592824008331,0.0923033229196251,False,True,False,1.6269366251337847,1.6269366251337847
335,balanced,14,84,84,84,-0.30904306384022107,-0.0009750992374994993,0.010340909556740718,0.30904306384022107,0.0009750992374994993,0.010340909556740718,0.07315630029347724,0.05954747704250686,0.0659377070907886,0.07315630029347724,False,True,False,1.0340909556740718,1.0340909556740718
336,balanced,14,84,84,84,-1.4532852029299193,-0.043156500085785754,0.06630211229811961,1.4532852029299193,0.043156500085785754,0.06630211229811961,0.13301145507904952,0.14148442677269715,0.15741266685600683,0.15741266685600683,False,False,False,6.630211229811961,6.630211229811961
337,balanced,14,84,84,84,0.17294143795304961,0.01250827057416004,-0.008050464542726288,0.17294143795304961,0.01250827057416004,0.008050464542726288,0.12058600776294613,0.09521442771939789,0.07744012117769573,0.12058600776294613,False,True,False,1.250827057416004,1.250827057416004
338,balanced,14,84,84,84,-0.6301071840874926,-0.017125247202057103,0.030661518280826194,0.6301071840874926,0.017125247202057103,0.030661518280826194,0.07419767111616019,0.07526270945754047,0.09985326138407649,0.09985326138407649,False,True,False,3.0661518280826194,3.0661518280826194
339,balanced,14,84,84,84,-0.3078062504313337,-0.01575395648992728,0.0155018467755344,0.3078062504313337,0.01575395648992728,0.0155018467755344,0.08818517466628799,0.08844551737195873,0.08600776294613273,0.08844551737195873,False,True,False,1.5753956489927279,1.5753956489927279
340,balanced,14,84,84,84,-0.1912368733040708,-0.01056073470799257,0.011339852846926068,0.1912368733040708,0.01056073470799257,0.011339852846926068,0.09909590078576162,0.06809145129224652,0.06555902679163117,0.09909590078576162,False,True,False,1.1339852846926068,1.1339852846926068
341,balanced,14,84,84,84,-0.7053255664233156,-0.007327638988291363,0.035891660439238304,0.7053255664233156,0.007327638988291363,0.035891660439238304,0.10581747609580612,0.09064659661081133,0.0990248982296696,0.10581747609580612,False,True,False,3.5891660439238304,3.5891660439238304
342,balanced,14,84,84,84,-0.04149686422331911,0.006703518618832449,0.0017357585630053407,0.04149686422331911,0.006703518618832449,0.0017357585630053407,0.05474297074694689,0.07912051500520685,0.045204960711918964,0.07912051500520685,True,True,True,0.6703518618832449,0.6703518618832449
343,balanced,14,84,84,84,-0.0970390267098118,-0.00034881886586768385,-0.0026442365155534553,0.0970390267098118,0.00034881886586768385,0.0026442365155534553,0.07284862255041182,0.08413802896904289,0.07228060210167567,0.08413802896904289,True,True,True,0.26442365155534553,0.6009859212074492
344,balanced,14,84,84,84,-0.08067511076691858,0.001347880920885891,0.007172549004832274,0.08067511076691858,0.001347880920885891,0.007172549004832274,0.06387863296412004,0.05374893496165862,0.055666003976143144,0.06387863296412004,True,True,True,0.7172549004832274,0.7172549004832274
345,balanced,14,84,84,84,-0.43329415702350715,-0.011434786620901916,0.02764161981618929,0.43329415702350715,0.011434786620901916,0.02764161981618929,0.06634005490864338,0.060423175234308436,0.0888478651898135,0.0888478651898135,False,True,False,2.764161981618929,2.764161981618929
346,balanced,14,84,84,84,-0.0017259999182819286,-0.0024384264395588273,-0.004434701282586884,0.0017259999182819286,0.0024384264395588273,0.004434701282586884,0.07149957398466344,0.049772791820505535,0.06936949730190287,0.07149957398466344,True,True,True,0.44347012825868837,0.5107112427475959
347,balanced,14,84,84,84,-0.6529836965241884,-0.010574014480932314,0.022493446373281212,0.6529836965241884,0.010574014480932314,0.022493446373281212,0.11021963457351132,0.1169412098835558,0.09467007478935908,0.1169412098835558,False,True,False,2.249344637328121,2.249344637328121
348,balanced,14,84,84,84,-1.015116472875384,-0.025607034276237006,0.03412823684490296,1.015116472875384,0.025607034276237006,0.03412823684490296,0.09852788033702546,0.11800624822493609,0.10214901069771845,0.11800624822493609,False,True,False,3.412823684490296,3.412823684490296
349,balanced,14,84,84,84,-0.5213183986072139,-0.013060457361903421,0.009196239251942573,0.5213183986072139,0.013060457361903421,0.009196239251942573,0.08536873994130455,0.07907317996781217,0.08546341001609391,0.08546341001609391,False,True,False,1.3060457361903421,1.3060457361903421
350,balanced,14,84,84,84,-0.21337645094265056,-0.005105824764593425,0.012927684350859947,0.21337645094265056,0.005105824764593425,0.012927684350859947,0.06771277099308909,0.07680109817286755,0.07881283726214143,0.07881283726214143,False,True,False,1.2927684350859947,1.2927684350859947
351,balanced,14,84,84,84,-0.7872767191340202,-0.016775056254603515,0.017840743325417574,0.7872767191340202,0.016775056254603515,0.017840743325417574,0.10522578812837262,0.11900028401022437,0.11746189529489728,0.11900028401022437,False,True,False,1.7840743325417574,1.7840743325417574
352,balanced,14,84,84,84,0.1988107734000728,-0.0012865092033670367,-0.008002243808570175,0.1988107734000728,0.0012865092033670367,0.008002243808570175,0.07296696014389852,0.06891981444665342,0.08018555334658714,0.08018555334658714,True,True,True,0.8002243808570175,0.8002243808570175
353,balanced,14,84,84,84,-0.6715740900447003,-0.01787445204203586,0.03251690980201116,0.6715740900447003,0.01787445204203586,0.03251690980201116,0.09590078576162075,0.10674050932500237,0.10799488781596138,0.10799488781596138,False,True,False,3.2516909802011162,3.2516909802011162
354,balanced,14,84,84,84,-0.19424044218049374,-0.01501375088694068,0.015043212760538993,0.19424044218049374,0.01501375088694068,0.015043212760538993,0.06967717504496829,0.09930890845403768,0.06257691943576635,0.09930890845403768,False,True,False,1.5043212760538993,1.5043212760538993
355,balanced,14,84,84,84,-0.8279832174163388,-0.015127415170579472,0.022654722793948312,0.8279832174163388,0.015127415170579472,0.022654722793948312,0.09895389567357758,0.11310707185458677,0.075996402537158,0.11310707185458677,False,True,False,2.265472279394831,2.265472279394831
356,balanced,14,84,84,84,-0.4868286647749933,-0.018937899665061653,0.02949731747640888,0.4868286647749933,0.018937899665061653,0.02949731747640888,0.08177127709930891,0.09367603900407082,0.08657578339486888,0.09367603900407082,False,True,False,2.9497317476408877,2.9497317476408877
357,balanced,14,84,84,84,-0.2387856555619834,-0.0020198095372988556,0.02009094842996717,0.2387856555619834,0.0020198095372988556,0.02009094842996717,0.04892076114740131,0.04555997349237906,0.08988923601249645,0.08988923601249645,False,True,False,2.009094842996717,2.009094842996717
358,balanced,14,84,84,84,-0.6174383587562424,-0.01105606456202668,0.014710741112041847,0.6174383587562424,0.01105606456202668,0.014710741112041847,0.08991290353119379,0.0691564896336268,0.06967717504496829,0.08991290353119379,False,True,False,1.4710741112041847,1.4710741112041847
359,balanced,14,84,84,84,-0.11019054748426527,0.004333183811936148,-0.009169140836190637,0.11019054748426527,0.004333183811936148,0.009169140836190637,0.06731042317523431,0.07071854586765124,0.061511881094386066,0.07071854586765124,True,True,True,0.9169140836190637,0.9169140836190637
360,balanced,14,84,84,84,0.3556751667251561,0.020242479518458034,-0.013683395731894532,0.3556751667251561,0.020242479518458034,0.013683395731894532,0.08693079617532898,0.1122313736627852,0.06787844362397047,0.1122313736627852,False,True,False,2.0242479518458034,2.0242479518458034
361,balanced,14,84,84,84,-0.2235091156685698,-0.0009703839069558073,-0.00547404343906549,0.2235091156685698,0.0009703839069558073,0.00547404343906549,0.08252863769762378,0.05514531856480167,0.12856196156394964,0.12856196156394964,True,True,True,0.547404343906549,0.9182997254567831
362,balanced,14,84,84,84,-0.08964389546243368,8.936361583034014e-05,-0.00490926721112267,0.08964389546243368,8.936361583034014e-05,0.00490926721112267,0.07566505727539524,0.06447032093155354,0.0704582031619805,0.07566505727539524,True,True,True,0.490926721112267,0.5404646948242516
363,balanced,14,84,84,84,0.336493075057529,0.0072893801229103605,-0.01878773488127622,0.336493075057529,0.0072893801229103605,0.01878773488127622,0.0825996402537158,0.07644608539240746,0.10671684180630503,0.10671684180630503,False,True,False,1.878773488127622,1.878773488127622
364,balanced,14,84,84,84,-0.9969960023742317,-0.025030826418480534,0.037697802824400606,0.9969960023742317,0.025030826418480534,0.037697802824400606,0.10768721007289596,0.12498816624065133,0.11249171636845594,0.12498816624065133,False,True,False,3.7697802824400606,3.7697802824400606
365,balanced,14,84,84,84,-0.04628273118774473,4.939657277092113e-05,0.019572239984480655,0.04628273118774473,4.939657277092113e-05,0.019572239984480655,0.062387579286187635,0.08411436145034555,0.07699043832244627,0.08411436145034555,False,True,False,1.9572239984480655,1.9572239984480655
366,balanced,14,84,84,84,-0.26315374301260164,-0.0017855363193254314,0.01586128358306793,0.26315374301260164,0.0017855363193254314,0.01586128358306793,0.08371201363249077,0.08546341001609391,0.08494272460475244,0.08546341001609391,False,True,False,1.586128358306793,1.586128358306793
367,balanced,14,84,84,84,-0.08340225600726114,-0.010784557422310215,0.0060975717857281175,0.08340225600726114,0.010784557422310215,0.0060975717857281175,0.05836410110763988,0.0946227397519644,0.08577108775915933,0.0946227397519644,False,True,False,1.0784557422310215,1.0784557422310215
368,balanced,14,84,84,84,-0.011527773716217382,0.0014074280897539149,-0.010559781548755476,0.011527773716217382,0.0014074280897539149,0.010559781548755476,0.05275489917637035,0.05067215753100445,0.06910915459623213,0.06910915459623213,False,True,False,1.0559781548755476,1.0559781548755476
369,balanced,14,84,84,84,-0.016049654547231285,-0.009662274870442134,0.003250509228856613,0.016049654547231285,0.009662274870442134,0.003250509228856613,0.10229101580990249,0.10934393638170974,0.10905992615734167,0.10934393638170974,True,True,True,0.9662274870442134,0.9662274870442134
370,balanced,14,84,84,84,0.2803401068779614,0.012239119414464206,-0.017602818757528338,0.2803401068779614,0.012239119414464206,0.017602818757528338,0.07398466344788412,0.07251727728864905,0.10721385969894916,0.10721385969894916,False,True,False,1.7602818757528338,1.7602818757528338
371,balanced,14,84,84,84,-0.06754386124819689,-0.003368468223890697,-0.0036870807997020916,0.06754386124819689,0.003368468223890697,0.0036870807997020916,0.04776105273123166,0.06868313925968002,0.0515951907602007,0.06868313925968002,True,True,True,0.36870807997020916,0.4905938518548572
372,balanced,14,84,84,84,-0.1483991797263684,-0.007771597089110238,0.004446169222871443,0.1483991797263684,0.007771597089110238,0.004446169222871443,0.08818517466628799,0.062434914323582315,0.06778377354918111,0.08818517466628799,True,True,True,0.7771597089110238,0.7771597089110238
373,balanced,14,84,84,84,-0.274627682544871,0.003888712330635702,0.012181358938537445,0.274627682544871,0.003888712330635702,0.012181358938537445,0.08293098551547856,0.0687304742970747,0.059003124112468046,0.08293098551547856,False,True,False,1.2181358938537445,1.2181358938537445
374,balanced,14,84,84,84,-0.5129947972932065,-0.011443929725057811,0.009671919973600784,0.5129947972932065,0.011443929725057811,0.009671919973600784,0.10449209504875509,0.11249171636845594,0.08891886774590552,0.11249171636845594,False,True,False,1.144392972505781,1.144392972505781
375,balanced,14,84,84,84,-0.6093718748500052,-0.018463998390403136,0.00971469424464283,0.6093718748500052,0.018463998390403136,0.00971469424464283,0.09504875508851653,0.09535643283158193,0.07228060210167567,0.09535643283158193,False,True,False,1.8463998390403136,1.8463998390403136
376,balanced,14,84,84,84,-0.3184974050020273,-0.0019293183332639297,0.004931579161025101,0.3184974050020273,0.0019293183332639297,0.004931579161025101,0.07869449966865474,0.0942677269715043,0.11109533276531289,0.11109533276531289,True,True,True,0.6369948100040546,0.7935380911808063
377,balanced,14,84,84,84,-1.1399088386760603,-0.013013989864668507,0.05264119683608526,1.1399088386760603,0.013013989864668507,0.05264119683608526,0.10205434062292909,0.09748650951434251,0.17528164347249833,0.17528164347249833,False,False,False,5.264119683608525,5.264119683608525
378,balanced,14,84,84,84,-0.12409380203869702,0.006954775967460414,-0.005048015781334403,0.12409380203869702,0.006954775967460414,0.005048015781334403,0.07673009561677553,0.09516709268200321,0.0911672820221528,0.09516709268200321,True,True,True,0.6954775967460414,0.6954775967460414
379,balanced,14,84,84,84,-0.08747077823348093,0.009091290267852492,-0.0017246197343784297,0.08747077823348093,0.009091290267852492,0.0017246197343784297,0.0660560446842753,0.08543974249739657,0.061464546056991386,0.08543974249739657,True,True,True,0.9091290267852492,0.9091290267852492
380,balanced,14,84,84,84,-0.595922489797374,-0.010144088306904941,0.022289588864482568,0.595922489797374,0.010144088306904941,0.022289588864482568,0.08685979361923696,0.08681245858184228,0.08314399318375462,0.08685979361923696,False,True,False,2.2289588864482566,2.2289588864482566
381,balanced,14,84,84,84,-1.3492035778997895,-0.031718907323929346,0.04610766075173417,1.3492035778997895,0.031718907323929346,0.04610766075173417,0.12778093344693742,0.13348480545299632,0.11805358326233077,0.13348480545299632,False,True,False,4.610766075173417,4.610766075173417
382,balanced,14,84,84,84,-0.8963668656983863,-0.02556542739586687,0.04008496716240478,0.8963668656983863,0.02556542739586687,0.04008496716240478,0.09876455552399886,0.10645649910063429,0.15149578718167186,0.15149578718167186,False,False,False,4.0084967162404785,4.0084967162404785
383,balanced,14,84,84,84,-0.06393104207607792,0.004570376593134529,-0.015817350846549005,0.06393104207607792,0.004570376593134529,0.015817350846549005,0.08619710309571145,0.08030389094007384,0.09436239704629366,0.09436239704629366,False,True,False,1.5817350846549005,1.5817350846549005
384,balanced,14,84,84,84,-0.3993891504331657,-0.005095807636375405,0.0156267963382975,0.3993891504331657,0.005095807636375405,0.0156267963382975,0.08357000852030673,0.07519170690144845,0.08200795228628231,0.08357000852030673,False,True,False,1.56267963382975,1.56267963382975
385,balanced,14,84,84,84,-0.18731965037280673,-0.015354318345184637,0.010639241314482073,0.18731965037280673,0.015354318345184637,0.010639241314482073,0.09192464262046766,0.08553441257218593,0.07102622361071666,0.09192464262046766,False,True,False,1.5354318345184637,1.5354318345184637
386,balanced,14,84,84,84,-0.28751772625769334,-0.002595574795088429,0.007426711946847853,0.28751772625769334,0.002595574795088429,0.007426711946847853,0.08816150714759065,0.09287134336836127,0.08264697529111048,0.09287134336836127,True,True,True,0.7426711946847853,0.7426711946847853
387,balanced,14,84,84,84,-0.26545250683272315,-0.001633652331171076,0.003242951590512355,0.26545250683272315,0.001633652331171076,0.003242951590512355,0.06913282211492947,0.04894442866609865,0.05706238757928619,0.06913282211492947,True,True,True,0.5309050136654463,0.5309050136654463
388,balanced,14,84,84,84,-0.4018197597275055,-0.005765047523545452,0.004129277314935786,0.4018197597275055,0.005765047523545452,0.004129277314935786,0.07090788601722996,0.06889614692795608,0.07883650478083877,0.07883650478083877,True,True,True,0.803639519455011,0.803639519455011
389,balanced,14,84,84,84,0.17521394166964654,0.015112242816151977,-0.02658785441115391,0.17521394166964654,0.015112242816151977,0.02658785441115391,0.07751112373378775,0.10498911294139922,0.11296506674240273,0.11296506674240273,False,True,False,2.658785441115391,2.658785441115391
390,balanced,14,84,84,84,-0.6372306600705713,-0.01083245933370447,0.0043076057197597994,0.6372306600705713,0.01083245933370447,0.0043076057197597994,0.10132064754331156,0.0953327653128846,0.08136892928145413,0.10132064754331156,False,True,False,1.2744613201411426,1.2744613201411426
391,balanced,14,84,84,84,0.4746033834777279,0.016337090237912077,-0.020467027716926545,0.4746033834777279,0.016337090237912077,0.020467027716926545,0.08023288838398182,0.10174666287986367,0.08046956357095522,0.10174666287986367,False,True,False,2.0467027716926545,2.0467027716926545
392,balanced,14,84,84,84,0.20504892740270364,0.014671732205412957,-0.008129409475573779,0.20504892740270364,0.014671732205412957,0.008129409475573779,0.08614976805831677,0.07971220297264035,0.07838682192558932,0.08614976805831677,False,True,False,1.4671732205412957,1.4671732205412957
393,balanced,14,84,84,84,-0.7900252652802529,-0.013721610885597979,0.022147837045059404,0.7900252652802529,0.013721610885597979,0.022147837045059404,0.08681245858184228,0.09410205434062292,0.07554671968190854,0.09410205434062292,False,True,False,2.2147837045059404,2.2147837045059404
394,balanced,14,84,84,84,-0.6070750921747425,0.0020661257601685135,0.020905142600104842,0.6070750921747425,0.0020661257601685135,0.020905142600104842,0.1235444476001136,0.06967717504496829,0.0719492568399129,0.1235444476001136,False,True,False,2.090514260010484,2.090514260010484
395,balanced,14,84,84,84,0.038469873887184036,-0.0002668855406224857,-0.0072045103214520845,0.038469873887184036,0.0002668855406224857,0.0072045103214520845,0.05381993751775064,0.08929754804506296,0.10479977279182051,0.10479977279182051,True,True,True,0.7204510321452084,0.7485698056558607
396,balanced,14,84,84,84,-0.681077920091532,-0.017799995197025242,0.03008491057524515,0.681077920091532,0.017799995197025242,0.03008491057524515,0.11137934298968097,0.0964688062103569,0.11367509230332291,0.11367509230332291,False,True,False,3.0084910575245147,3.0084910575245147
397,balanced,14,84,84,84,-0.604584639817034,-0.010913382040910302,0.029947542225088053,0.604584639817034,0.010913382040910302,0.029947542225088053,0.08108491905708605,0.07803180914512922,0.08780649436713055,0.08780649436713055,False,True,False,2.994754222508805,2.994754222508805
398,balanced,14,84,84,84,-1.1638110108101252,-0.023326577597028497,0.04036688839549979,1.1638110108101252,0.023326577597028497,0.04036688839549979,0.1099119568304459,0.13511786424311276,0.13667992047713717,0.13667992047713717,False,True,False,4.036688839549979,4.036688839549979
399,balanced,14,84,84,84,-0.15087594004572225,-0.0015184823206729758,0.004166655236888417,0.15087594004572225,0.0015184823206729758,0.004166655236888417,0.09571144561204203,0.07968853545394301,0.08120325665057275,0.09571144561204203,True,True,True,0.4166655236888417,0.6836531829431574
0,balanced,16,96,96,96,-0.9759750854183729,-0.032141445715109906,0.04048429309788515,0.9759750854183729,0.032141445715109906,0.04048429309788515,0.10176145507904952,0.1144502035406608,0.11329641200416549,0.1144502035406608,False,True,False,4.0484293097885145,4.0484293097885145
1,balanced,16,96,96,96,-0.43337645542714043,-0.007041338410359144,0.002591224315210805,0.43337645542714043,0.007041338410359144,0.002591224315210805,0.08478592729338257,0.07767679636466913,0.06382242260721387,0.08478592729338257,True,True,True,0.8667529108542809,0.8667529108542809
2,balanced,16,96,96,96,-0.13703949662149384,0.007091970914223533,-0.0015518525560010987,0.13703949662149384,0.007091970914223533,0.0015518525560010987,0.09888289311748556,0.12009194831013917,0.11222249834327369,0.12009194831013917,True,True,True,0.7091970914223533,0.8577996307867083
3,balanced,16,96,96,96,-0.5571000716298364,-0.02318759950015048,0.02374796500051435,0.5571000716298364,0.02318759950015048,0.02374796500051435,0.09933553441257219,0.12745254662501182,0.0791708084824387,0.12745254662501182,False,True,False,2.374796500051435,2.374796500051435
4,balanced,16,96,96,96,-0.31339752090069695,-0.0036621598664733357,0.004788101229450725,0.31339752090069695,0.0036621598664733357,0.004788101229450725,0.05095025087569819,0.052911696487740224,0.05813334280034081,0.05813334280034081,True,True,True,0.6267950418013939,0.6267950418013939
5,balanced,16,96,96,96,-0.1862899900684809,2.50009061797396e-06,0.006805400680074569,0.1862899900684809,2.50009061797396e-06,0.006805400680074569,0.09813144939884502,0.062328410489444284,0.08334812553251918,0.09813144939884502,True,True,True,0.6805400680074569,0.7009389242774644
6,balanced,16,96,96,96,-0.46494187824026056,-0.0050920386626135405,0.01927786402491849,0.46494187824026056,0.0050920386626135405,0.01927786402491849,0.06218640537726025,0.06192606267158951,0.11010129698002462,0.11010129698002462,False,True,False,1.927786402491849,1.927786402491849
7,balanced,16,96,96,96,-0.7653738400548491,-0.016087880247713016,0.03242521116597652,0.7653738400548491,0.016087880247713016,0.03242521116597652,0.11899436713055003,0.13082220959954557,0.11214262046767016,0.13082220959954557,False,True,False,3.242521116597652,3.242521116597652
8,balanced,16,96,96,96,-0.5806517691622339,-0.02021589088080389,0.024230105109457778,0.5806517691622339,0.02021589088080389,0.024230105109457778,0.05860965161412478,0.09241870207327464,0.08605805642336457,0.09241870207327464,False,True,False,2.423010510945778,2.423010510945778
9,balanced,16,96,96,96,-0.6396823467025605,-0.01910419285434617,0.016245891850076022,0.6396823467025605,0.01910419285434617,0.016245891850076022,0.08482142857142858,0.10604823440310518,0.0733870586007763,0.10604823440310518,False,True,False,1.910419285434617,1.910419285434617
10,balanced,16,96,96,96,-0.7103690049260294,-0.015439335146427924,0.018913137770823374,0.7103690049260294,0.015439335146427924,0.018913137770823374,0.095551689860835,0.08115592161317807,0.08122988260910727,0.095551689860835,False,True,False,1.8913137770823374,1.8913137770823374
11,balanced,16,96,96,96,-0.08831419956782582,0.0017687024410750762,0.02277930228903341,0.08831419956782582,0.0017687024410750762,0.02277930228903341,0.07956723942061915,0.0713309429139449,0.12084635046861687,0.12084635046861687,False,True,False,2.2779302289033407,2.2779302289033407
12,balanced,16,96,96,96,-0.16351016771888993,-0.0003190151243219752,-0.006566865558170654,0.16351016771888993,0.0003190151243219752,0.006566865558170654,0.07260898892360125,0.06697316103379722,0.07868266590930607,0.07868266590930607,True,True,True,0.6566865558170654,0.6566865558170654
13,balanced,16,96,96,96,-0.4242358000288107,-0.006337118535121977,0.0094591895328896,0.4242358000288107,0.006337118535121977,0.0094591895328896,0.0682571239231279,0.06478391555429329,0.06677198712486983,0.0682571239231279,True,True,True,0.94591895328896,0.94591895328896
14,balanced,16,96,96,96,-0.11810058764712039,-0.0027188868710205094,0.0020707029283735245,0.11810058764712039,0.0027188868710205094,0.0020707029283735245,0.05574884029158383,0.05217800340812269,0.051938369781312124,0.05574884029158383,True,True,True,0.27188868710205094,0.3982060020827416
15,balanced,16,96,96,96,0.13612739829122944,5.2956043302354594e-05,-0.00636771735958086,0.13612739829122944,5.2956043302354594e-05,0.00636771735958086,0.07027182145223895,0.075978651898135,0.06712108302565559,0.075978651898135,True,True,True,0.636771735958086,0.636771735958086
16,balanced,16,96,96,96,-0.37619489840763976,-0.004555759530644576,0.008741102380932897,0.37619489840763976,0.004555759530644576,0.008741102380932897,0.06565369686642053,0.052352551358515576,0.05677541891508094,0.06565369686642053,True,True,True,0.8741102380932897,0.8741102380932897
17,balanced,16,96,96,96,0.05067509500090139,0.0005387812404518133,-0.004666283759964918,0.05067509500090139,0.0005387812404518133,0.004666283759964918,0.06677198712486983,0.04698298305405661,0.05890253715800436,0.06677198712486983,True,True,True,0.46662837599649176,0.47694276517764156
18,balanced,16,96,96,96,-0.31538825643157153,0.007029569197315455,0.0052105588117680735,0.31538825643157153,0.007029569197315455,0.0052105588117680735,0.10304245952854303,0.07936014863201742,0.08495751680393827,0.10304245952854303,True,True,True,0.7029569197315455,0.7360175680610216
19,balanced,16,96,96,96,-0.7269187709897338,-0.019581152947129477,0.03333541584599187,0.7269187709897338,0.019581152947129477,0.03333541584599187,0.09761076398750355,0.10813689292814542,0.12006532235160466,0.12006532235160466,False,True,False,3.3335415845991867,3.3335415845991867
20,balanced,16,96,96,96,-0.33218486023051597,-0.005150604882717902,0.012856402595161298,0.33218486023051597,0.005150604882717902,0.012856402595161298,0.09072055760674051,0.09261691754236485,0.08986852693363628,0.09261691754236485,False,True,False,1.2856402595161298,1.2856402595161298
21,balanced,16,96,96,96,-0.4689245364278136,-0.007112415862710053,0.012697560989863355,0.4689245364278136,0.007112415862710053,0.012697560989863355,0.08451670926820032,0.09899235539146076,0.09627059074126669,0.09899235539146076,False,True,False,1.2697560989863355,1.2697560989863355
22,balanced,16,96,96,96,-0.6041711013724722,-0.014881647391995712,0.014606437845410714,0.6041711013724722,0.014881647391995712,0.014606437845410714,0.07757620941020543,0.0703398655684938,0.06350291110479978,0.07757620941020543,False,True,False,1.4881647391995712,1.4881647391995712
23,balanced,16,96,96,96,-0.7168535531769606,-0.014065926473717849,0.03223793329448188,0.7168535531769606,0.014065926473717849,0.03223793329448188,0.1251538388715327,0.07697268768342327,0.09661376976237811,0.1251538388715327,False,True,False,3.223793329448188,3.223793329448188
24,balanced,16,96,96,96,-0.8705078006992579,-0.01852475095677486,0.03308714197260032,0.8705078006992579,0.01852475095677486,0.03308714197260032,0.0909661081132254,0.07573014295181293,0.09027383319132821,0.0909661081132254,False,True,False,3.308714197260032,3.308714197260032
25,balanced,16,96,96,96,-0.40047551604210696,-0.008796321738641533,0.023716007015612106,0.40047551604210696,0.008796321738641533,0.023716007015612106,0.0570978888573322,0.06552648395342232,0.0730409211398277,0.0730409211398277,False,True,False,2.3716007015612104,2.3716007015612104
26,balanced,16,96,96,96,-0.3214606783002196,-0.006662299125275606,0.011697572894339037,0.3214606783002196,0.006662299125275606,0.011697572894339037,0.053556636372242734,0.07581593770709079,0.05665708132159424,0.07581593770709079,False,True,False,1.1697572894339037,1.1697572894339037
27,balanced,16,96,96,96,0.3640046376774926,0.014728173103052966,-0.026283210681186164,0.3640046376774926,0.014728173103052966,0.026283210681186164,0.08614976805831677,0.0808630360692985,0.11618089084540377,0.11618089084540377,False,True,False,2.628321068118616,2.628321068118616
28,balanced,16,96,96,96,0.23898012030028326,0.010066587277868577,-0.014097222587149183,0.23898012030028326,0.010066587277868577,0.014097222587149183,0.10248331439931838,0.09536530815109344,0.0969421565843037,0.10248331439931838,False,True,False,1.4097222587149183,1.4097222587149183
29,balanced,16,96,96,96,0.07074839460745963,0.011887851902464108,-0.021671478165369407,0.07074839460745963,0.011887851902464108,0.021671478165369407,0.08959339202877971,0.07817677269715043,0.10111059831487267,0.10111059831487267,False,True,False,2.1671478165369407,2.1671478165369407
30,balanced,16,96,96,96,-0.332187035799997,-0.005804741644741762,0.02313335686699225,0.332187035799997,0.005804741644741762,0.02313335686699225,0.09574990532992521,0.08144880715705766,0.07202321783584209,0.09574990532992521,False,True,False,2.313335686699225,2.313335686699225
31,balanced,16,96,96,96,-0.5345737279663858,-0.004242561336736839,0.011535376083050108,0.5345737279663858,0.004242561336736839,0.011535376083050108,0.0798542080848244,0.07605261289406419,0.09556648206002083,0.09556648206002083,False,True,False,1.1535376083050108,1.1535376083050108
32,balanced,16,96,96,96,-0.6202929756253823,-0.018923715888342296,0.03311540194719498,0.6202929756253823,0.018923715888342296,0.03311540194719498,0.10246852220013254,0.08496047524377544,0.10127627094575405,0.10246852220013254,False,True,False,3.311540194719498,3.311540194719498
33,balanced,16,96,96,96,-0.5777772308597662,-0.017715232025961924,0.026431100758978754,0.5777772308597662,0.017715232025961924,0.026431100758978754,0.07453197481776011,0.060361047997727915,0.09315239515289217,0.09315239515289217,False,True,False,2.643110075897875,2.643110075897875
34,balanced,16,96,96,96,-0.671767705799212,-0.026767163116614978,0.029483192256596236,0.671767705799212,0.026767163116614978,0.029483192256596236,0.11155389094007384,0.1046370586007763,0.09650134904856575,0.11155389094007384,False,True,False,2.9483192256596236,2.9483192256596236
35,balanced,16,96,96,96,0.24012748984396382,0.0075128914650473,-0.01122599633943866,0.24012748984396382,0.0075128914650473,0.01122599633943866,0.07526566789737764,0.07280128751301713,0.06489929470794283,0.07526566789737764,False,True,False,1.122599633943866,1.122599633943866
36,balanced,16,96,96,96,-0.463980470221248,-0.00799605084099464,0.02086193394469127,0.463980470221248,0.00799605084099464,0.02086193394469127,0.09067322256934583,0.0834901306447032,0.08906087285808956,0.09067322256934583,False,True,False,2.086193394469127,2.086193394469127
37,balanced,16,96,96,96,-0.18851523014009075,0.0001440145558302408,0.012302666830464548,0.18851523014009075,0.0001440145558302408,0.012302666830464548,0.06444369497301902,0.05410986462179305,0.07972107829215185,0.07972107829215185,False,True,False,1.2302666830464548,1.2302666830464548
38,balanced,16,96,96,96,-0.8462952615033004,-0.02084210659204011,0.028529098961447008,0.8462952615033004,0.02084210659204011,0.028529098961447008,0.09613450250875698,0.10934689482154691,0.10995041654832907,0.10995041654832907,False,True,False,2.8529098961447006,2.8529098961447006
39,balanced,16,96,96,96,0.020642788091308262,0.002631369778135606,0.011952810965112137,0.020642788091308262,0.002631369778135606,0.011952810965112137,0.0965605178453091,0.06612704724036732,0.09436239704629366,0.0965605178453091,False,True,False,1.1952810965112137,1.1952810965112137
40,balanced,16,96,96,96,-0.44577706269523176,-0.012048051582158714,0.027359551988486774,0.44577706269523176,0.012048051582158714,0.027359551988486774,0.07634845687778094,0.08401673293571901,0.11147401306447031,0.11147401306447031,False,True,False,2.735955198848677,2.735955198848677
41,balanced,16,96,96,96,-0.04525234711266535,-0.012432367740950245,0.021438203059081562,0.04525234711266535,0.012432367740950245,0.021438203059081562,0.08839818233456405,0.08374455647069962,0.06468332859982959,0.08839818233456405,False,True,False,2.143820305908156,2.143820305908156
42,balanced,16,96,96,96,-0.5925346455186435,-0.009633288297932308,0.01212211004235586,0.5925346455186435,0.009633288297932308,0.01212211004235586,0.09466119946984758,0.0944866515194547,0.08635981728675565,0.09466119946984758,False,True,False,1.212211004235586,1.212211004235586
43,balanced,16,96,96,96,0.3149191199531103,0.011417264539618333,-0.007887504756506125,0.3149191199531103,0.011417264539618333,0.007887504756506125,0.09118799110101297,0.08959339202877971,0.062292909211398274,0.09118799110101297,False,True,False,1.1417264539618333,1.1417264539618333
44,balanced,16,96,96,96,-0.6282324037164528,-0.022575303801776636,0.02215451514901623,0.6282324037164528,0.022575303801776636,0.02215451514901623,0.08967918678405756,0.09425885165199281,0.08385106030483765,0.09425885165199281,False,True,False,2.2575303801776636,2.2575303801776636
45,balanced,16,96,96,96,-0.8442881744314548,-0.029343771327416945,0.038720415367379246,0.8442881744314548,0.029343771327416945,0.038720415367379246,0.10911021963457351,0.1240177979740604,0.11214262046767016,0.1240177979740604,False,True,False,3.8720415367379246,3.8720415367379246
46,balanced,16,96,96,96,0.2543702779998256,0.017262072412787655,-0.024231702394218235,0.2543702779998256,0.017262072412787655,0.024231702394218235,0.05195612042033513,0.0782241077345451,0.10531454132348765,0.10531454132348765,False,True,False,2.4231702394218235,2.4231702394218235
47,balanced,16,96,96,96,-0.11126077584523131,-0.005366128138086346,0.006237652197114585,0.11126077584523131,0.005366128138086346,0.006237652197114585,0.09686819558837452,0.07519170690144845,0.07613544920950488,0.09686819558837452,True,True,True,0.6237652197114585,0.6919156827741036
48,balanced,16,96,96,96,-0.22145336282349604,-0.007482993926983372,0.018355266778674273,0.22145336282349604,0.007482993926983372,0.018355266778674273,0.04472273501846066,0.06002082741645366,0.0681299110101297,0.0681299110101297,False,True,False,1.8355266778674273,1.8355266778674273
49,balanced,16,96,96,96,-0.4989548664499992,-0.008492481318743028,0.014084580398730173,0.4989548664499992,0.008492481318743028,0.014084580398730173,0.059671731515667896,0.05020176559689482,0.08844255893212155,0.08844255893212155,False,True,False,1.4084580398730173,1.4084580398730173
50,balanced,16,96,96,96,-0.32023046823437795,-0.008954840601862468,0.007028043818915364,0.32023046823437795,0.008954840601862468,0.007028043818915364,0.07383969989586292,0.06489633626810565,0.07709102527690997,0.07709102527690997,True,True,True,0.8954840601862468,0.8954840601862468
51,balanced,16,96,96,96,0.13109050778447084,0.008028988836824125,-0.005919907158916327,0.13109050778447084,0.008028988836824125,0.005919907158916327,0.08487468048849758,0.08422382372432075,0.07485148632017419,0.08487468048849758,True,True,True,0.8028988836824125,0.8028988836824125
52,balanced,16,96,96,96,-0.42996177486674725,-0.009452976176024253,0.024122388689723273,0.42996177486674725,0.009452976176024253,0.024122388689723273,0.09152821168228722,0.06549098267537631,0.07279241219350563,0.09152821168228722,False,True,False,2.4122388689723273,2.4122388689723273
53,balanced,16,96,96,96,-0.312521908800818,-0.010309501130264964,0.010238085102855343,0.312521908800818,0.010309501130264964,0.010238085102855343,0.07964711729622266,0.09063180441162548,0.09630017513963836,0.09630017513963836,False,True,False,1.0309501130264964,1.0309501130264964
54,balanced,16,96,96,96,-0.7051569065659855,-0.03335190475745142,0.02496989134010591,0.7051569065659855,0.03335190475745142,0.02496989134010591,0.09101640159045726,0.11254792672536211,0.07289299914796933,0.11254792672536211,False,True,False,3.3351904757451423,3.3351904757451423
55,balanced,16,96,96,96,0.1431379774003858,0.005180083946505265,-0.015118251161084895,0.1431379774003858,0.005180083946505265,0.015118251161084895,0.051225385780554765,0.0648282921518508,0.09119686642052448,0.09119686642052448,False,True,False,1.5118251161084895,1.5118251161084895
56,balanced,16,96,96,96,-0.14918127071957343,-0.004466106383881563,0.005925267047814653,0.14918127071957343,0.004466106383881563,0.005925267047814653,0.05823392975480451,0.0721681813878633,0.06931032850515952,0.0721681813878633,True,True,True,0.5925267047814653,0.5925267047814653
57,balanced,16,96,96,96,-0.43738661619128294,-0.012635400097947835,0.020082165376227756,0.43738661619128294,0.012635400097947835,0.020082165376227756,0.08613201741929376,0.09574990532992521,0.08324458013821831,0.09574990532992521,False,True,False,2.0082165376227756,2.0082165376227756
58,balanced,16,96,96,96,-0.4007241369495773,-0.005710381593685643,0.01443141536409065,0.4007241369495773,0.005710381593685643,0.01443141536409065,0.07915897472309003,0.07210309571144562,0.10061358042222854,0.10061358042222854,False,True,False,1.443141536409065,1.443141536409065
59,balanced,16,96,96,96,-0.39762268376453846,-0.009777512911837816,0.010295996215138714,0.39762268376453846,0.009777512911837816,0.010295996215138714,0.0751502887437281,0.08672074694689008,0.05389094007384266,0.08672074694689008,False,True,False,1.0295996215138714,1.0295996215138714
60,balanced,16,96,96,96,-0.5620550752888036,-0.006888848619044818,0.015720162274570515,0.5620550752888036,0.006888848619044818,0.015720162274570515,0.0760792388525987,0.0809162879863675,0.08300494651140775,0.08300494651140775,False,True,False,1.5720162274570515,1.5720162274570515
61,balanced,16,96,96,96,-0.2899881989965607,-0.008782762302837144,0.01826818641052319,0.2899881989965607,0.008782762302837144,0.01826818641052319,0.06515076209410206,0.07052033039856101,0.09978521726782164,0.09978521726782164,False,True,False,1.826818641052319,1.826818641052319
62,balanced,16,96,96,96,-0.21864222896201468,0.0003131269028968653,0.0028610219458184427,0.21864222896201468,0.0003131269028968653,0.0028610219458184427,0.07684843321026223,0.07407341664299914,0.07514437186405377,0.07684843321026223,True,True,True,0.43728445792402937,0.5489173800733016
63,balanced,16,96,96,96,-0.3893316925773682,0.0019634714833091094,0.0038169705907575846,0.3893316925773682,0.0019634714833091094,0.0038169705907575846,0.08770590741266686,0.0669110337972167,0.06677198712486983,0.08770590741266686,True,True,True,0.7786633851547364,0.7786633851547364
64,balanced,16,96,96,96,-0.7459153921613897,-0.014748245677730698,0.016693725100973222,0.7459153921613897,0.014748245677730698,0.016693725100973222,0.11170181293193221,0.08159672914891603,0.09643034649247373,0.11170181293193221,False,True,False,1.6693725100973222,1.6693725100973222
65,balanced,16,96,96,96,-0.23038202933570062,-0.006925933263084549,0.01430294589537534,0.23038202933570062,0.006925933263084549,0.01430294589537534,0.05720735113130739,0.08158489538956736,0.05878419956451766,0.08158489538956736,False,True,False,1.430294589537534,1.430294589537534
66,balanced,16,96,96,96,-0.33425512325859685,-0.011872590098660485,0.007486818131003936,0.33425512325859685,0.011872590098660485,0.007486818131003936,0.06781631638738994,0.09453398655684939,0.08194582504970178,0.09453398655684939,False,True,False,1.1872590098660485,1.1872590098660485
67,balanced,16,96,96,96,-0.6044651310851208,-0.010570617903154611,0.028492425379909203,0.6044651310851208,0.010570617903154611,0.028492425379909203,0.05993799110101297,0.06403247183565275,0.07390774401211778,0.07390774401211778,False,True,False,2.84924253799092,2.84924253799092
68,balanced,16,96,96,96,0.3969707845439814,0.016934514466543038,-0.004755936247041848,0.3969707845439814,0.016934514466543038,0.004755936247041848,0.07560588847865189,0.07773892360124965,0.06883401969137555,0.07773892360124965,False,True,False,1.6934514466543038,1.6934514466543038
69,balanced,16,96,96,96,-0.465200825652488,-0.01903401521482162,0.02831504548832181,0.465200825652488,0.01903401521482162,0.02831504548832181,0.06457386632585439,0.08375934866988545,0.080253597462842,0.08375934866988545,False,True,False,2.831504548832181,2.831504548832181
70,balanced,16,96,96,96,-0.5511386932144511,-0.005292735573034446,0.013621111599983304,0.5511386932144511,0.005292735573034446,0.013621111599983304,0.09266425257975953,0.09361687020732747,0.08137780460096564,0.09361687020732747,False,True,False,1.3621111599983304,1.3621111599983304
71,balanced,16,96,96,96,-0.5421335638771048,-0.015310371184230953,0.01725408423779573,0.5421335638771048,0.015310371184230953,0.01725408423779573,0.07796672346871154,0.06768910347439175,0.06885177033039856,0.07796672346871154,False,True,False,1.725408423779573,1.725408423779573
72,balanced,16,96,96,96,-0.985368941347808,-0.029103682266057973,0.037135789952496334,0.985368941347808,0.029103682266057973,0.037135789952496334,0.09040400454416359,0.10345072422607214,0.11939967338824198,0.11939967338824198,False,True,False,3.7135789952496334,3.7135789952496334
73,balanced,16,96,96,96,-0.5037317912985699,-0.006628684278707664,0.02576378877051866,0.5037317912985699,0.006628684278707664,0.02576378877051866,0.10240343652371485,0.05907708510839724,0.07746674713623024,0.10240343652371485,False,True,False,2.576378877051866,2.576378877051866
74,balanced,16,96,96,96,0.10657290704947897,0.011833896660426335,-0.005112645133143245,0.10657290704947897,0.011833896660426335,0.005112645133143245,0.05887295275963268,0.10280578434156963,0.06291418157720345,0.10280578434156963,False,True,False,1.1833896660426335,1.1833896660426335
75,balanced,16,96,96,96,-0.14943267317707054,0.0023876262069932874,0.006547031619220434,0.14943267317707054,0.0023876262069932874,0.006547031619220434,0.08531548802423554,0.07689576824765691,0.053524093534033895,0.08531548802423554,True,True,True,0.6547031619220434,0.6547031619220434
76,balanced,16,96,96,96,-0.04222285163499251,0.008076349694151719,-0.005423369152216417,0.04222285163499251,0.008076349694151719,0.005423369152216417,0.05590563760295371,0.05777537158004355,0.04700073369307962,0.05777537158004355,True,True,True,0.8076349694151719,0.8076349694151719
77,balanced,16,96,96,96,-0.8083107413063075,-0.020093912769239552,0.026016392323753745,0.8083107413063075,0.020093912769239552,0.026016392323753745,0.0957410300104137,0.10379390324718357,0.13374514815866703,0.13374514815866703,False,True,False,2.6016392323753745,2.6016392323753745
78,balanced,16,96,96,96,-0.6974463007062575,-0.017401779891432767,0.025260348538191646,0.6974463007062575,0.017401779891432767,0.025260348538191646,0.07999029631733409,0.07808506106219824,0.08545157625674524,0.08545157625674524,False,True,False,2.5260348538191644,2.5260348538191644
79,balanced,16,96,96,96,-0.8368351897805617,-0.01304052572834613,0.03243352574228692,0.8368351897805617,0.01304052572834613,0.03243352574228692,0.11255384360503645,0.10003076777430654,0.09003419956451765,0.11255384360503645,False,True,False,3.2433525742286915,3.2433525742286915
80,balanced,16,96,96,96,-0.999519128720955,-0.0128271932541143,0.03031579646214244,0.999519128720955,0.0128271932541143,0.03031579646214244,0.10446251065038341,0.11487030199753857,0.10604823440310518,0.11487030199753857,False,True,False,3.031579646214244,3.031579646214244
81,balanced,16,96,96,96,-0.2996216258614801,-0.010069203607868116,0.009791475765041024,0.2996216258614801,0.010069203607868116,0.009791475765041024,0.07607036353308719,0.08667932878916974,0.07559405471930322,0.08667932878916974,False,True,False,1.0069203607868116,1.0069203607868116
82,balanced,16,96,96,96,-0.4318917533963713,-0.011833128408969551,0.009415645313082865,0.4318917533963713,0.011833128408969551,0.009415645313082865,0.07782175991669034,0.10129402158477706,0.08750769194357663,0.10129402158477706,False,True,False,1.183312840896955,1.183312840896955
83,balanced,16,96,96,96,-0.13262569817007375,-0.002143329519909143,0.00273513227944,0.13262569817007375,0.002143329519909143,0.00273513227944,0.0746325617722238,0.06918903247183565,0.0794163589889236,0.0794163589889236,True,True,True,0.273513227944,0.56725970706374
84,balanced,16,96,96,96,-0.4930065960893586,-0.014998092205704472,0.016287957129634045,0.4930065960893586,0.014998092205704472,0.016287957129634045,0.0689849001230711,0.05525182239893969,0.05554174950298211,0.0689849001230711,False,True,False,1.6287957129634045,1.6287957129634045
85,balanced,16,96,96,96,-0.9622926653633499,-0.03150713463761523,0.04795848027735361,0.9622926653633499,0.03150713463761523,0.04795848027735361,0.09750426015336552,0.10934689482154691,0.12002390419388431,0.12002390419388431,False,True,False,4.795848027735361,4.795848027735361
86,balanced,16,96,96,96,-1.171261245132392,-0.0235167830699492,0.035186166065689584,1.171261245132392,0.0235167830699492,0.035186166065689584,0.10849486414844267,0.10872266401590457,0.1070097273501846,0.10872266401590457,False,True,False,3.5186166065689584,3.5186166065689584
87,balanced,16,96,96,96,-0.2278742036432142,-0.0051119608942481465,0.009465970802996715,0.2278742036432142,0.0051119608942481465,0.009465970802996715,0.0796441588563855,0.07583664678595096,0.055606835179399794,0.0796441588563855,True,True,True,0.9465970802996715,0.9465970802996715
88,balanced,16,96,96,96,-0.3801087479998486,-0.011106580695888546,0.021167584234792702,0.3801087479998486,0.011106580695888546,0.021167584234792702,0.07150253242450061,0.05212179305121651,0.07751112373378775,0.07751112373378775,False,True,False,2.1167584234792702,2.1167584234792702
89,balanced,16,96,96,96,-0.7194088937053351,-0.006605381656568543,0.018882250185999983,0.7194088937053351,0.006605381656568543,0.018882250185999983,0.11325795228628231,0.124417187352078,0.09516413424216605,0.124417187352078,False,True,False,1.8882250185999983,1.8882250185999983
90,balanced,16,96,96,96,-0.676662955801703,-0.015509841542820757,0.025368242762927318,0.676662955801703,0.015509841542820757,0.025368242762927318,0.10699493515099877,0.11034684748650951,0.09631200889898703,0.11034684748650951,False,True,False,2.5368242762927316,2.5368242762927316
91,balanced,16,96,96,96,0.34247854936024424,0.01332079847516554,-0.021890441260666804,0.34247854936024424,0.01332079847516554,0.021890441260666804,0.0930488497585913,0.10630561866893874,0.14361154501562057,0.14361154501562057,False,False,False,2.18904412606668,2.18904412606668
92,balanced,16,96,96,96,-0.7829730601320648,-0.01780506150313299,0.020876939802064898,0.7829730601320648,0.01780506150313299,0.020876939802064898,0.08930050648490012,0.08185707185458677,0.082726853166714,0.08930050648490012,False,True,False,2.0876939802064896,2.0876939802064896
93,balanced,16,96,96,96,0.556278532623292,0.014724661085624202,-0.01852062875627808,0.556278532623292,0.014724661085624202,0.01852062875627808,0.10135910726119474,0.094350563286945,0.09211398277004638,0.10135910726119474,False,True,False,1.852062875627808,1.852062875627808
94,balanced,16,96,96,96,-0.3614471397012302,-0.010816090319435756,0.016411986168729964,0.3614471397012302,0.010816090319435756,0.016411986168729964,0.07748153933541607,0.07801405850610622,0.07406454132348765,0.07801405850610622,False,True,False,1.6411986168729964,1.6411986168729964
95,balanced,16,96,96,96,-1.494690973680214,-0.03444034781444172,0.05453204589207461,1.494690973680214,0.03444034781444172,0.05453204589207461,0.1517206286092966,0.11616314020638076,0.1467918678405756,0.1517206286092966,False,False,False,5.453204589207461,5.453204589207461
96,balanced,16,96,96,96,-0.7782610993792822,-0.011962421748917373,0.024420496043072837,0.7782610993792822,0.011962421748917373,0.024420496043072837,0.09789477421187162,0.08862302376218877,0.09401034270567074,0.09789477421187162,False,True,False,2.4420496043072837,2.4420496043072837
97,balanced,16,96,96,96,-0.1438745599199862,-0.002458033972860041,0.006813702683529543,0.1438745599199862,0.002458033972860041,0.006813702683529543,0.07405566600397614,0.0719492568399129,0.06540814635993562,0.07405566600397614,True,True,True,0.6813702683529543,0.6813702683529543
98,balanced,16,96,96,96,-0.6287106316496818,-0.006318447380146641,0.005330171169968256,0.6287106316496818,0.006318447380146641,0.005330171169968256,0.07487219539903436,0.05483764082173625,0.05573404809239799,0.07487219539903436,False,True,False,1.2574212632993635,1.2574212632993635
99,balanced,16,96,96,96,-0.5193446766545335,-0.011412085854888954,0.012722029317425665,0.5193446766545335,0.011412085854888954,0.012722029317425665,0.08443387295275963,0.09513454984379438,0.09699540850137271,0.09699540850137271,False,True,False,1.2722029317425665,1.2722029317425665
100,balanced,16,96,96,96,-0.32548407129542056,-0.00707294191060559,0.011597222072017022,0.32548407129542056,0.00707294191060559,0.011597222072017022,0.08383035122597747,0.05814221811985232,0.0758691896241598,0.08383035122597747,False,True,False,1.1597222072017022,1.1597222072017022
101,balanced,16,96,96,96,0.025011277078554883,0.0076904505974243476,-0.010718040473193857,0.025011277078554883,0.0076904505974243476,0.010718040473193857,0.05666595664110575,0.061192369591971975,0.11044447600113604,0.11044447600113604,False,True,False,1.0718040473193857,1.0718040473193857
102,balanced,16,96,96,96,-0.5002547444114853,-0.000754040089876451,0.011269570062192313,0.5002547444114853,0.000754040089876451,0.011269570062192313,0.10001893401495787,0.06860621982391366,0.0632366515194547,0.10001893401495787,False,True,False,1.1269570062192313,1.1269570062192313
103,balanced,16,96,96,96,0.12843733616571384,0.01285403853766054,-0.012479336887963544,0.12843733616571384,0.01285403853766054,0.012479336887963544,0.09480616302186878,0.11316624065133012,0.05003609296601344,0.11316624065133012,False,True,False,1.285403853766054,1.285403853766054
104,balanced,16,96,96,96,-0.2612405658970651,-0.005564768688262167,0.006503479327950812,0.2612405658970651,0.005564768688262167,0.006503479327950812,0.061579925210640915,0.06855888478651898,0.054550672157531004,0.06855888478651898,True,True,True,0.6503479327950812,0.6503479327950812
105,balanced,16,96,96,96,-0.10974842719335598,0.0009670410788245043,-0.004761015913194111,0.10974842719335598,0.0009670410788245043,0.004761015913194111,0.052973823724320745,0.05987586386443245,0.05610681151188109,0.05987586386443245,True,True,True,0.4761015913194111,0.4761015913194111
106,balanced,16,96,96,96,-0.06630628717039855,0.012460569651046138,-0.004714921227711444,0.06630628717039855,0.012460569651046138,0.004714921227711444,0.06505017513963836,0.10039465587427814,0.07174808293098552,0.10039465587427814,False,True,False,1.2460569651046138,1.2460569651046138
107,balanced,16,96,96,96,-0.7618418972899406,-0.025442405959100634,0.04392632881422309,0.7618418972899406,0.025442405959100634,0.04392632881422309,0.10143306825712392,0.11308636277572659,0.11427565559026792,0.11427565559026792,False,True,False,4.392632881422309,4.392632881422309
108,balanced,16,96,96,96,0.17277179745733662,0.010549309152979691,-0.01000522336524573,0.17277179745733662,0.010549309152979691,0.01000522336524573,0.05678429423459245,0.07272732651708795,0.07151732462368646,0.07272732651708795,False,True,False,1.0549309152979691,1.0549309152979691
109,balanced,16,96,96,96,-0.996498876930243,-0.020649269423266614,0.03265230265067964,0.996498876930243,0.020649269423266614,0.03265230265067964,0.1072375272176465,0.13360610148632018,0.11628147779986746,0.13360610148632018,False,True,False,3.2652302650679643,3.2652302650679643
110,balanced,16,96,96,96,-0.3430111051807714,-0.013198311640700955,0.012670664898375206,0.3430111051807714,0.013198311640700955,0.012670664898375206,0.07949623686452713,0.08858456404430559,0.07437517750639024,0.08858456404430559,False,True,False,1.3198311640700955,1.3198311640700955
111,balanced,16,96,96,96,-0.6225734195321948,-0.017166754430910647,0.023258911257244108,0.6225734195321948,0.017166754430910647,0.023258911257244108,0.11000662690523526,0.08522377638928334,0.08658170027454322,0.11000662690523526,False,True,False,2.325891125724411,2.325891125724411
112,balanced,16,96,96,96,-0.0474377315451342,0.00012764097364614813,0.0034568799171664777,0.0474377315451342,0.00012764097364614813,0.0034568799171664777,0.04028211682287229,0.049024306541702166,0.0428825854397425,0.049024306541702166,True,True,True,0.34568799171664777,0.35017361815501546
113,balanced,16,96,96,96,-1.2190981548239677,-0.032712655031563065,0.045785478166559423,1.2190981548239677,0.032712655031563065,0.045785478166559423,0.11805950014200511,0.11757431600870964,0.11192073747988261,0.11805950014200511,False,True,False,4.578547816655942,4.578547816655942
114,balanced,16,96,96,96,-0.24308025252918952,-0.0011264575162341917,0.01806145344327542,0.24308025252918952,0.0011264575162341917,0.01806145344327542,0.08535394774211871,0.07166524661554483,0.07984829120515005,0.08535394774211871,False,True,False,1.8061453443275421,1.8061453443275421
115,balanced,16,96,96,96,-0.08671186777051787,-0.0020011488486147977,0.016151624737252623,0.08671186777051787,0.0020011488486147977,0.016151624737252623,0.06509159329735871,0.06562707090788601,0.060186500047335036,0.06562707090788601,False,True,False,1.6151624737252623,1.6151624737252623
116,balanced,16,96,96,96,-0.2698963226089752,-0.00928839471328402,0.01527339666858979,0.2698963226089752,0.00928839471328402,0.01527339666858979,0.07149957398466344,0.07309417305689672,0.07527454321688914,0.07527454321688914,False,True,False,1.527339666858979,1.527339666858979
117,balanced,16,96,96,96,-0.24433855625091283,-0.00854932350554194,0.017264304183678802,0.24433855625091283,0.00854932350554194,0.017264304183678802,0.0573700653223516,0.06530460096563476,0.07220959954558365,0.07220959954558365,False,True,False,1.7264304183678802,1.7264304183678802
118,balanced,16,96,96,96,-0.017751211048182114,0.010324726612487733,-0.012163624045494092,0.017751211048182114,0.010324726612487733,0.012163624045494092,0.08277714664394585,0.08431553535927293,0.08684500142005112,0.08684500142005112,False,True,False,1.2163624045494092,1.2163624045494092
119,balanced,16,96,96,96,0.04423506148552292,0.004898623052854045,-0.009828218098164476,0.04423506148552292,0.004898623052854045,0.009828218098164476,0.04730545299630787,0.07126289879769004,0.07351722995361167,0.07351722995361167,True,True,True,0.9828218098164476,0.9828218098164476
120,balanced,16,96,96,96,-0.3694599311758999,-0.013190622331083812,0.018367681968281147,0.3694599311758999,0.013190622331083812,0.018367681968281147,0.058911412477515857,0.07046412004165484,0.06993160087096469,0.07046412004165484,False,True,False,1.8367681968281147,1.8367681968281147
121,balanced,16,96,96,96,0.09930186060971025,0.0021617964703527504,0.004463485564049963,0.09930186060971025,0.0021617964703527504,0.004463485564049963,0.05621331534601912,0.05620148158667045,0.0495124491148348,0.05621331534601912,True,True,True,0.44634855640499627,0.44634855640499627
122,balanced,16,96,96,96,-0.6836645246754287,-0.014158080532035378,0.035558237156465,0.6836645246754287,0.014158080532035378,0.035558237156465,0.09537714191044211,0.09265241882041086,0.10780850610621982,0.10780850610621982,False,True,False,3.5558237156465,3.5558237156465
123,balanced,16,96,96,96,-0.5477202178249634,-0.0007328399284494136,0.020537705049794575,0.5477202178249634,0.0007328399284494136,0.020537705049794575,0.09257254094480735,0.0983622077061441,0.08663495219161223,0.0983622077061441,False,True,False,2.0537705049794575,2.0537705049794575
124,balanced,16,96,96,96,-0.489631954949008,-0.009175232190768767,0.0002387399685330749,0.489631954949008,0.009175232190768767,0.0002387399685330749,0.07937789927104043,0.08669707942819274,0.06822162264508189,0.08669707942819274,True,True,True,0.979263909898016,0.979263909898016
125,balanced,16,96,96,96,0.2307746270090334,0.006096631243695194,0.0018145840204703556,0.2307746270090334,0.006096631243695194,0.0018145840204703556,0.07803180914512922,0.08087191138881,0.05410986462179305,0.08087191138881,True,True,True,0.6096631243695194,0.6096631243695194
126,balanced,16,96,96,96,-0.7285678129603141,-0.02052758840360369,0.028269635518957337,0.7285678129603141,0.02052758840360369,0.028269635518957337,0.09228261384076493,0.11105391460759254,0.08514389851367983,0.11105391460759254,False,True,False,2.8269635518957337,2.8269635518957337
127,balanced,16,96,96,96,-0.2846733372618395,0.0011508217564414336,-2.1333179802129898e-05,0.2846733372618395,0.0011508217564414336,2.1333179802129898e-05,0.0528229432926252,0.047184156962984,0.04605403294518603,0.0528229432926252,True,True,True,0.569346674523679,0.569346674523679
128,balanced,16,96,96,96,-0.36011231354969553,0.0009593079970471319,0.01263569963407457,0.36011231354969553,0.0009593079970471319,0.01263569963407457,0.07631887247940926,0.0859012591119947,0.09062884597178832,0.09062884597178832,False,True,False,1.263569963407457,1.263569963407457
129,balanced,16,96,96,96,-0.12618379207555108,-0.008047947860142513,0.01045974166064878,0.12618379207555108,0.008047947860142513,0.01045974166064878,0.08019738710593581,0.06989018271324435,0.10252473255703871,0.10252473255703871,False,True,False,1.045974166064878,1.045974166064878
130,balanced,16,96,96,96,0.25075493343577904,0.025441778002797455,-0.006273120209319638,0.25075493343577904,0.025441778002797455,0.006273120209319638,0.0848007194925684,0.1411175802328884,0.0633372384739184,0.1411175802328884,False,False,False,2.5441778002797455,2.5441778002797455
131,balanced,16,96,96,96,-0.22823566607726775,-0.004535887900870894,0.010495593699260286,0.22823566607726775,0.004535887900870894,0.010495593699260286,0.059964617059547476,0.07635437375745527,0.0698043879579665,0.07635437375745527,False,True,False,1.0495593699260286,1.0495593699260286
132,balanced,16,96,96,96,-0.41604050409895166,-0.021214018155019332,0.02322673417870663,0.41604050409895166,0.021214018155019332,0.02322673417870663,0.08145176559689482,0.1077286282306163,0.08978864905803276,0.1077286282306163,False,True,False,2.322673417870663,2.322673417870663
133,balanced,16,96,96,96,-0.08979374579681831,-0.0010377238952925527,0.007993468282999572,0.08979374579681831,0.0010377238952925527,0.007993468282999572,0.04037678689766165,0.05368089084540377,0.05020472403673199,0.05368089084540377,True,True,True,0.7993468282999572,0.7993468282999572
134,balanced,16,96,96,96,-0.8540982744306476,-0.017758688313395665,0.031666160023405776,0.8540982744306476,0.017758688313395665,0.031666160023405776,0.09754863675092304,0.07916785004260153,0.09190689198144467,0.09754863675092304,False,True,False,3.1666160023405774,3.1666160023405774
135,balanced,16,96,96,96,-0.5212988596369819,-0.01467424216506985,0.0167469356341976,0.5212988596369819,0.01467424216506985,0.0167469356341976,0.08451670926820032,0.10067866609864622,0.11063677459055192,0.11063677459055192,False,True,False,1.6746935634197602,1.6746935634197602
136,balanced,16,96,96,96,-1.319781555852309,-0.02237396055348806,0.048716288919194994,1.319781555852309,0.02237396055348806,0.048716288919194994,0.1433275347912525,0.13605273123165768,0.14585700085203068,0.14585700085203068,False,False,False,4.871628891919499,4.871628891919499
137,balanced,16,96,96,96,-0.9824085673898253,-0.02144771151381919,0.046142429856217415,0.9824085673898253,0.02144771151381919,0.046142429856217415,0.11168406229290921,0.09137141437091735,0.11417506863580422,0.11417506863580422,False,True,False,4.6142429856217415,4.6142429856217415
138,balanced,16,96,96,96,-1.0159651181310068,-0.030350465217114486,0.03523417190270561,1.0159651181310068,0.030350465217114486,0.03523417190270561,0.10737657388999337,0.11836421944523336,0.12063630124017798,0.12063630124017798,False,True,False,3.5234171902705613,3.5234171902705613
139,balanced,16,96,96,96,0.05448990650872787,0.00017155997317908067,0.0015503377708978583,0.05448990650872787,0.00017155997317908067,0.0015503377708978583,0.0452108775915933,0.05947055760674051,0.06633117958913187,0.06633117958913187,True,True,True,0.15503377708978583,0.47379413992237046
140,balanced,16,96,96,96,-0.6003309181541212,-0.012505832638722403,0.014633926180446344,0.6003309181541212,0.012505832638722403,0.014633926180446344,0.09245124491148347,0.06827783300198807,0.06233728580895579,0.09245124491148347,False,True,False,1.4633926180446344,1.4633926180446344
141,balanced,16,96,96,96,-0.4443557899405306,-0.002300430289289279,0.006743601063211091,0.4443557899405306,0.002300430289289279,0.006743601063211091,0.06393188488118906,0.06917128183281265,0.08875911199469848,0.08875911199469848,True,True,True,0.8887115798810612,0.8887115798810612
142,balanced,16,96,96,96,0.08726921764911921,-0.0036414259872148413,-0.003154400536535651,0.08726921764911921,0.0036414259872148413,0.003154400536535651,0.07078363154406891,0.05825168039382751,0.08776211776957304,0.08776211776957304,True,True,True,0.36414259872148413,0.6268722697826645
143,balanced,16,96,96,96,-0.828551664075242,-0.019528058247149982,0.04014449023884453,0.828551664075242,0.019528058247149982,0.04014449023884453,0.10404241219350563,0.08373863959102527,0.13010922559878824,0.13010922559878824,False,True,False,4.0144490238844535,4.0144490238844535
144,balanced,16,96,96,96,0.1115835069408675,0.002962323947369061,0.008829602938400405,0.1115835069408675,0.002962323947369061,0.008829602938400405,0.061872810754520495,0.05079937044400265,0.07857616207516804,0.07857616207516804,True,True,True,0.8829602938400405,0.8829602938400405
145,balanced,16,96,96,96,-0.6791071883052702,-0.006720475121220648,0.028771616174783243,0.6791071883052702,0.006720475121220648,0.028771616174783243,0.1220622692416927,0.12100018934014958,0.13084883555808008,0.13084883555808008,False,True,False,2.877161617478324,2.877161617478324
146,balanced,16,96,96,96,0.4231061894486814,0.012690172330656058,-0.008210430692316084,0.4231061894486814,0.012690172330656058,0.008210430692316084,0.08594859414938938,0.07748153933541607,0.08341025276909969,0.08594859414938938,False,True,False,1.2690172330656058,1.2690172330656058
147,balanced,16,96,96,96,-0.394014774879782,0.0014871248216622446,0.023016028849042414,0.394014774879782,0.0014871248216622446,0.023016028849042414,0.09250745526838966,0.09883851651992805,0.10083546341001609,0.10083546341001609,False,True,False,2.3016028849042414,2.3016028849042414
148,balanced,16,96,96,96,-0.21728411726252972,-0.002881233780464454,0.011811769999818589,0.21728411726252972,0.002881233780464454,0.011811769999818589,0.043586694120988353,0.06441115213481019,0.09099865095143425,0.09099865095143425,False,True,False,1.1811769999818589,1.1811769999818589
149,balanced,16,96,96,96,-0.9301415971129678,-0.015584253906091972,0.03646805258244923,0.9301415971129678,0.015584253906091972,0.03646805258244923,0.10986758023288838,0.09716108113225409,0.10569913850231942,0.10986758023288838,False,True,False,3.646805258244923,3.646805258244923
150,balanced,16,96,96,96,-0.47434919488529914,-0.014308679117640444,0.019124283033988998,0.47434919488529914,0.014308679117640444,0.019124283033988998,0.061804766638265646,0.08438357947552778,0.08912004165483291,0.08912004165483291,False,True,False,1.9124283033988998,1.9124283033988998
151,balanced,16,96,96,96,0.3447976468791438,0.01828941341352386,-0.011882875807639248,0.3447976468791438,0.01828941341352386,0.011882875807639248,0.11403602196345736,0.10893271324434346,0.07682180725172773,0.11403602196345736,False,True,False,1.8289413413523858,1.8289413413523858
152,balanced,16,96,96,96,-0.7807768723576984,-0.022010906178635103,0.030183499529281566,0.7807768723576984,0.022010906178635103,0.030183499529281566,0.08565570860550979,0.10118455931080185,0.10422583546341002,0.10422583546341002,False,True,False,3.0183499529281566,3.0183499529281566
153,balanced,16,96,96,96,-0.422992779931338,-0.008168087851387229,0.008884674991425756,0.422992779931338,0.008168087851387229,0.008884674991425756,0.09710782921518508,0.06656193789643094,0.06295264129508663,0.09710782921518508,True,True,True,0.8884674991425756,0.8884674991425756
154,balanced,16,96,96,96,-0.15529452176983938,0.005133552587150314,0.0031056170174296183,0.15529452176983938,0.005133552587150314,0.0031056170174296183,0.07643721007289596,0.09792140017040614,0.07844599072233267,0.09792140017040614,True,True,True,0.5133552587150314,0.699438572645758
155,balanced,16,96,96,96,-0.5101895273933579,-0.009954047434162394,0.020866979113103756,0.5101895273933579,0.009954047434162394,0.020866979113103756,0.09920536305973682,0.09075014200511218,0.09197789453753669,0.09920536305973682,False,True,False,2.0866979113103756,2.0866979113103756
156,balanced,16,96,96,96,0.2354642906576565,0.0025514843425343825,-0.015921551922702393,0.2354642906576565,0.0025514843425343825,0.015921551922702393,0.10479385591214617,0.06233728580895579,0.10423471078292151,0.10479385591214617,False,True,False,1.5921551922702393,1.5921551922702393
157,balanced,16,96,96,96,-0.5147228132892963,-0.016034200987598668,0.026368624225824255,0.5147228132892963,0.016034200987598668,0.026368624225824255,0.07346989491621699,0.06486675186973398,0.06722462841995645,0.07346989491621699,False,True,False,2.6368624225824253,2.6368624225824253
158,balanced,16,96,96,96,-0.04532377334533777,-9.909664728358081e-05,0.004135919391122456,0.04532377334533777,9.909664728358081e-05,0.004135919391122456,0.07836907128656631,0.06103853072043927,0.05629615166145981,0.07836907128656631,True,True,True,0.41359193911224557,0.5597790806183307
159,balanced,16,96,96,96,-0.23845052135088451,-0.008521066868186766,0.027270744443815387,0.23845052135088451,0.008521066868186766,0.027270744443815387,0.07300246142194453,0.07173033229196252,0.09463457351131307,0.09463457351131307,False,True,False,2.7270744443815387,2.7270744443815387
160,balanced,16,96,96,96,0.23735040016870457,0.010457364642241895,-0.017817518047422765,0.23735040016870457,0.010457364642241895,0.017817518047422765,0.0758603143046483,0.08825617722238001,0.0871378869639307,0.08825617722238001,False,True,False,1.7817518047422765,1.7817518047422765
161,balanced,16,96,96,96,-0.08687328708271025,0.003143351635455538,0.0002257289653093686,0.08687328708271025,0.003143351635455538,0.0002257289653093686,0.054574339676228344,0.0819724510082363,0.06018945848717221,0.0819724510082363,True,True,True,0.3143351635455538,0.5855175072016878
162,balanced,16,96,96,96,0.07606523819669064,-0.006913831812770388,0.007636520590267537,0.07606523819669064,0.006913831812770388,0.007636520590267537,0.06177518223989397,0.12161850326611758,0.09092764839534223,0.12161850326611758,True,True,True,0.7636520590267537,0.8687035947579826
163,balanced,16,96,96,96,0.5014214772770771,0.016365880257010135,-0.028336142067852954,0.5014214772770771,0.016365880257010135,0.028336142067852954,0.0861113083404336,0.06735775821262899,0.08731243491432358,0.08731243491432358,False,True,False,2.8336142067852954,2.8336142067852954
164,balanced,16,96,96,96,-0.6105183602581121,-0.018229540171853076,0.031586489917344696,0.6105183602581121,0.018229540171853076,0.031586489917344696,0.09366124680488498,0.09128857805547666,0.13105296790684465,0.13105296790684465,False,True,False,3.1586489917344696,3.1586489917344696
165,balanced,16,96,96,96,-0.20859305473266687,0.002967298917342265,0.017900684155468916,0.20859305473266687,0.002967298917342265,0.017900684155468916,0.04679068446464073,0.07262673956262425,0.08185707185458677,0.08185707185458677,False,True,False,1.7900684155468916,1.7900684155468916
166,balanced,16,96,96,96,0.48847011315720934,0.011052897931256966,-0.019339505499904708,0.48847011315720934,0.011052897931256966,0.019339505499904708,0.09075901732462369,0.06902631828079143,0.08474746757549939,0.09075901732462369,False,True,False,1.9339505499904708,1.9339505499904708
167,balanced,16,96,96,96,-0.07446306359865673,0.001579884239653051,-0.004289244179669416,0.07446306359865673,0.001579884239653051,0.004289244179669416,0.0693842895010887,0.0596894821546909,0.059893614503455456,0.0693842895010887,True,True,True,0.4289244179669416,0.4956020678649192
168,balanced,16,96,96,96,0.06442428219217433,0.007484082242964485,-0.003961465665194397,0.06442428219217433,0.007484082242964485,0.003961465665194397,0.042453611663353215,0.06697316103379722,0.07665021774117202,0.07665021774117202,True,True,True,0.7484082242964485,0.7484082242964485
169,balanced,16,96,96,96,-0.5212249697456528,-0.0017111883947067419,0.02854782079589241,0.5212249697456528,0.0017111883947067419,0.02854782079589241,0.08038672725551453,0.0658933304932311,0.09808707280128752,0.09808707280128752,False,True,False,2.8547820795892407,2.8547820795892407
170,balanced,16,96,96,96,-0.23709151558178476,-0.002931045568367985,0.0064572922475081285,0.23709151558178476,0.002931045568367985,0.0064572922475081285,0.07378940641863108,0.07647271135094197,0.06957658809050458,0.07647271135094197,True,True,True,0.6457292247508128,0.6457292247508128
171,balanced,16,96,96,96,-0.26779725563621426,-0.001382483059049644,0.006392493189878001,0.26779725563621426,0.001382483059049644,0.006392493189878001,0.08108196061724889,0.0908211445612042,0.08773253337120136,0.0908211445612042,True,True,True,0.6392493189878001,0.6487224611514585
172,balanced,16,96,96,96,-0.10945419383149968,-0.006874188049516228,0.012800938300112197,0.10945419383149968,0.006874188049516228,0.012800938300112197,0.06437565085676418,0.07008248130266023,0.08280081416264319,0.08280081416264319,False,True,False,1.2800938300112197,1.2800938300112197
173,balanced,16,96,96,96,-0.5022442481129801,-0.01944834650320859,0.02356827251855953,0.5022442481129801,0.01944834650320859,0.02356827251855953,0.07493432263561488,0.0771886537915365,0.07669459433872952,0.0771886537915365,False,True,False,2.356827251855953,2.356827251855953
174,balanced,16,96,96,96,-0.8736216764857687,-0.02015917054204297,0.029362458042744843,0.8736216764857687,0.02015917054204297,0.029362458042744843,0.09256366562529585,0.11067819274827227,0.10837948499479315,0.11067819274827227,False,True,False,2.9362458042744843,2.9362458042744843
175,balanced,16,96,96,96,-0.7666939041226684,-0.01342314315476123,0.02240735591787274,0.7666939041226684,0.01342314315476123,0.02240735591787274,0.12487574552683897,0.11177577392786141,0.14247550411814824,0.14247550411814824,False,False,False,2.2407355917872738,2.2407355917872738
176,balanced,16,96,96,96,-0.21955017658173404,-0.00634063986577682,0.007944885452843553,0.21955017658173404,0.00634063986577682,0.007944885452843553,0.052781525134904854,0.06463599356243492,0.06410643283158193,0.06463599356243492,True,True,True,0.7944885452843553,0.7944885452843553
177,balanced,16,96,96,96,-0.9437378487199979,-0.026721732890984007,0.03329442535149019,0.9437378487199979,0.026721732890984007,0.03329442535149019,0.10438854965445422,0.10556305026980971,0.09969054719303229,0.10556305026980971,False,True,False,3.3294425351490187,3.3294425351490187
178,balanced,16,96,96,96,-0.3825351934840384,-0.0049854478626265575,0.01609403399993392,0.3825351934840384,0.0049854478626265575,0.01609403399993392,0.08204641200416549,0.06502354918110385,0.07336043264224179,0.08204641200416549,False,True,False,1.609403399993392,1.609403399993392
179,balanced,16,96,96,96,-0.5055586140563193,-0.004383319568019406,0.018301794815442696,0.5055586140563193,0.004383319568019406,0.018301794815442696,0.08888928334753385,0.07490769667708037,0.09250745526838966,0.09250745526838966,False,True,False,1.8301794815442696,1.8301794815442696
180,balanced,16,96,96,96,-0.21090495002366794,-0.0070782492075173176,0.003676064783652122,0.21090495002366794,0.0070782492075173176,0.003676064783652122,0.0652454321688914,0.067976072138597,0.07468581368929282,0.07468581368929282,True,True,True,0.7078249207517318,0.7078249207517318
181,balanced,16,96,96,96,0.08823830473322047,0.013374907074986342,-0.013015037435783194,0.08823830473322047,0.013374907074986342,0.013015037435783194,0.07437517750639024,0.08951943103285051,0.11163672725551453,0.11163672725551453,False,True,False,1.3374907074986342,1.3374907074986342
182,balanced,16,96,96,96,-0.2990991812159436,-0.014901134385546966,0.020270269486066472,0.2990991812159436,0.014901134385546966,0.020270269486066472,0.062153862539051405,0.07628041276152608,0.10412820694878348,0.10412820694878348,False,True,False,2.0270269486066472,2.0270269486066472
183,balanced,16,96,96,96,0.21195274182061752,-0.003915278130651179,-0.003083099217520202,0.21195274182061752,0.003915278130651179,0.003083099217520202,0.08759644513869166,0.07396395436902395,0.05658312032566506,0.08759644513869166,True,True,True,0.42390548364123504,0.6256888938477976
184,balanced,16,96,96,96,-0.7199365338891894,-0.019727033607791933,0.035439252781315544,0.7199365338891894,0.019727033607791933,0.035439252781315544,0.07956428098078197,0.10163424216605131,0.10992674902963173,0.10992674902963173,False,True,False,3.5439252781315544,3.5439252781315544
185,balanced,16,96,96,96,-0.7732770781924501,-0.019823550757151143,0.02757268267616042,0.7732770781924501,0.019823550757151143,0.02757268267616042,0.09960179399791726,0.09090693931648205,0.0929038862065701,0.09960179399791726,False,True,False,2.757268267616042,2.757268267616042
186,balanced,16,96,96,96,-0.22403468104299407,-0.003159014087300571,0.01612276619387787,0.22403468104299407,0.003159014087300571,0.01612276619387787,0.06273075830729906,0.06407684843321027,0.07019786045630975,0.07019786045630975,False,True,False,1.6122766193877869,1.6122766193877869
187,balanced,16,96,96,96,-0.5667603702554977,-0.020858970670780574,0.029507005049481172,0.5667603702554977,0.020858970670780574,0.029507005049481172,0.08528886206570103,0.09851900501751397,0.1154679068446464,0.1154679068446464,False,True,False,2.950700504948117,2.950700504948117
188,balanced,16,96,96,96,-0.6755209705442269,-0.010325337649763622,0.026379660126698012,0.6755209705442269,0.010325337649763622,0.026379660126698012,0.0770703161980498,0.0598078197481776,0.0993059500142005,0.0993059500142005,False,True,False,2.6379660126698012,2.6379660126698012
189,balanced,16,96,96,96,-0.9963168244769101,-0.027508842338006323,0.04215332388965454,0.9963168244769101,0.027508842338006323,0.04215332388965454,0.12513312979267255,0.10914572091261952,0.12708570008520306,0.12708570008520306,False,True,False,4.215332388965454,4.215332388965454
190,balanced,16,96,96,96,-0.9120137732436291,-0.022105685635289696,0.030818620624585735,0.9120137732436291,0.022105685635289696,0.030818620624585735,0.0907028069677175,0.11487917731705008,0.10445363533087192,0.11487917731705008,False,True,False,3.0818620624585735,3.0818620624585735
191,balanced,16,96,96,96,-0.010500315945378702,-0.006241971671711477,0.0067102044177616005,0.010500315945378702,0.006241971671711477,0.0067102044177616005,0.043355935813689295,0.03561961563949635,0.05810375840196914,0.05810375840196914,True,True,True,0.67102044177616,0.67102044177616
192,balanced,16,96,96,96,-0.08848828486696192,0.007118060363947576,0.0010924958291221865,0.08848828486696192,0.007118060363947576,0.0010924958291221865,0.06439931837546152,0.07458522673482912,0.0520862917731705,0.07458522673482912,True,True,True,0.7118060363947576,0.7118060363947576
193,balanced,16,96,96,96,-0.5423012516110717,-0.015612721953671582,0.02362641929425935,0.5423012516110717,0.015612721953671582,0.02362641929425935,0.08431553535927293,0.0730409211398277,0.08363213575688724,0.08431553535927293,False,True,False,2.362641929425935,2.362641929425935
194,balanced,16,96,96,96,-0.3420887928416789,-0.006736762400847196,0.004912276524994874,0.3420887928416789,0.006736762400847196,0.004912276524994874,0.0743958865852504,0.07370657010319039,0.08093699706522768,0.08093699706522768,True,True,True,0.6841775856833578,0.6841775856833578
195,balanced,16,96,96,96,-0.6517977954158809,-0.031097613630325593,0.041552150472322746,0.6517977954158809,0.031097613630325593,0.041552150472322746,0.09726462652655496,0.11059535643283158,0.12132265928240084,0.12132265928240084,False,True,False,4.155215047232274,4.155215047232274
196,balanced,16,96,96,96,-0.7704926472117606,-0.021003112862637896,0.025389095347009227,0.7704926472117606,0.021003112862637896,0.025389095347009227,0.11048293571901922,0.09346007289595759,0.08617047713717693,0.11048293571901922,False,True,False,2.5389095347009225,2.5389095347009225
197,balanced,16,96,96,96,-0.9366308292954564,-0.01838422214128632,0.035050280669338185,0.9366308292954564,0.01838422214128632,0.035050280669338185,0.0891377922938559,0.07759396004922844,0.09894206191422891,0.09894206191422891,False,True,False,3.5050280669338183,3.5050280669338183
198,balanced,16,96,96,96,-0.8825982551981539,-0.01968682825702539,0.03310057633954483,0.8825982551981539,0.01968682825702539,0.03310057633954483,0.1184884739183944,0.07626562056234025,0.10606006816245385,0.1184884739183944,False,True,False,3.3100576339544827,3.3100576339544827
199,balanced,16,96,96,96,-0.6885230184803568,-0.012095499983808322,0.020775387030350312,0.6885230184803568,0.012095499983808322,0.020775387030350312,0.08155826943103285,0.06288755561866893,0.06941979077913471,0.08155826943103285,False,True,False,2.077538703035031,2.077538703035031
200,balanced,16,96,96,96,0.6042378404528215,0.01972165218106814,-0.029793289096460618,0.6042378404528215,0.01972165218106814,0.029793289096460618,0.10735882325097036,0.10786175802328885,0.08825617722238001,0.10786175802328885,False,True,False,2.979328909646062,2.979328909646062
201,balanced,16,96,96,96,0.10947594630622604,0.0005666388060835414,0.011322206590269057,0.10947594630622604,0.0005666388060835414,0.011322206590269057,0.05079049512449115,0.05468971882987787,0.07218001514721196,0.07218001514721196,False,True,False,1.1322206590269057,1.1322206590269057
202,balanced,16,96,96,96,-0.7653612833430152,-0.017395782484492583,0.027635629022749075,0.7653612833430152,0.017395782484492583,0.027635629022749075,0.09969942251254378,0.11851805831676607,0.11142667802707563,0.11851805831676607,False,True,False,2.7635629022749075,2.7635629022749075
203,balanced,16,96,96,96,-0.4611371101150752,-0.016428227425993702,0.017097449750584137,0.4611371101150752,0.016428227425993702,0.017097449750584137,0.08496639212344978,0.06743171920855817,0.08745739846634479,0.08745739846634479,False,True,False,1.7097449750584137,1.7097449750584137
204,balanced,16,96,96,96,0.00464013802908525,0.008161084371178351,-0.005486626288908947,0.00464013802908525,0.008161084371178351,0.005486626288908947,0.08309665814635994,0.110903034175897,0.06782519170690145,0.110903034175897,True,True,True,0.8161084371178351,0.8161084371178351
205,balanced,16,96,96,96,0.1917212266514703,0.0010290010383914305,-0.0038951933716673826,0.1917212266514703,0.0010290010383914305,0.0038951933716673826,0.055751798731421,0.04743266590930607,0.07259123828457824,0.07259123828457824,True,True,True,0.38951933716673826,0.5185088448898445
206,balanced,16,96,96,96,-0.5552708348839879,-0.015222274277489234,0.016606027304760462,0.5552708348839879,0.015222274277489234,0.016606027304760462,0.07585439742497396,0.08229196251065038,0.07533962889330682,0.08229196251065038,False,True,False,1.6606027304760462,1.6606027304760462
207,balanced,16,96,96,96,0.01581658510265882,0.005810268023232146,-0.007647311930289558,0.01581658510265882,0.005810268023232146,0.007647311930289558,0.072322020259396,0.06956475433115593,0.06776010603048377,0.072322020259396,True,True,True,0.7647311930289558,0.7647311930289558
208,balanced,16,96,96,96,-0.32956393472451495,0.003985945556182258,-0.005327447738864066,0.32956393472451495,0.003985945556182258,0.005327447738864066,0.0933949872195399,0.0598166950676891,0.09624396478273217,0.09624396478273217,True,True,True,0.6591278694490299,0.6874568913052297
209,balanced,16,96,96,96,-0.5173466445217016,-0.018943200398367055,0.02314138083185413,0.5173466445217016,0.018943200398367055,0.02314138083185413,0.09235657483669413,0.09329144182523905,0.09855746473539714,0.09855746473539714,False,True,False,2.314138083185413,2.314138083185413
210,balanced,16,96,96,96,-0.7347894351889259,-0.01535956115909598,0.02167760065223434,0.7347894351889259,0.01535956115909598,0.02167760065223434,0.11373426110006626,0.09469670074789359,0.10824635520212061,0.11373426110006626,False,True,False,2.167760065223434,2.167760065223434
211,balanced,16,96,96,96,-0.6319598298479789,-0.027192176830153958,0.03410183289641572,0.6319598298479789,0.027192176830153958,0.03410183289641572,0.07566209883555808,0.11166631165388621,0.1129769005017514,0.1129769005017514,False,True,False,3.4101832896415716,3.4101832896415716
212,balanced,16,96,96,96,-0.15185719144440313,-0.0061168955156017946,0.0040226664915129495,0.15185719144440313,0.0061168955156017946,0.0040226664915129495,0.048121982391366086,0.06708262330777241,0.04717824008330967,0.06708262330777241,True,True,True,0.6116895515601795,0.6116895515601795
213,balanced,16,96,96,96,-0.39831918887395545,-0.006675752079865593,0.011034297762383405,0.39831918887395545,0.006675752079865593,0.011034297762383405,0.08382147590646596,0.07716498627283916,0.08177719397898324,0.08382147590646596,False,True,False,1.1034297762383405,1.1034297762383405
214,balanced,16,96,96,96,-0.43831516714986307,-0.006908058078468948,0.016022273926940445,0.43831516714986307,0.006908058078468948,0.016022273926940445,0.05684937991101013,0.05744402631828079,0.06785477610527313,0.06785477610527313,False,True,False,1.6022273926940445,1.6022273926940445
215,balanced,16,96,96,96,-0.642742742221504,-0.01668994459150286,0.02361041148901699,0.642742742221504,0.01668994459150286,0.02361041148901699,0.1079919293761242,0.08628881473066363,0.09841841806305027,0.1079919293761242,False,True,False,2.361041148901699,2.361041148901699
216,balanced,16,96,96,96,-0.6166819871673681,-0.01303666446495133,0.017007118795011322,0.6166819871673681,0.01303666446495133,0.017007118795011322,0.07981870680677838,0.06815653696866421,0.08025951434251632,0.08025951434251632,False,True,False,1.7007118795011322,1.7007118795011322
217,balanced,16,96,96,96,-0.11104210130474712,0.0037501781420106184,0.004288937513971192,0.11104210130474712,0.0037501781420106184,0.004288937513971192,0.075943150620089,0.0745408501372716,0.04350385780554766,0.075943150620089,True,True,True,0.42889375139711916,0.5424510758577785
218,balanced,16,96,96,96,-0.4994004111697379,-0.005864182997625145,0.01920969315271215,0.4994004111697379,0.005864182997625145,0.01920969315271215,0.09029454227018839,0.050982793713907036,0.08445754047145697,0.09029454227018839,False,True,False,1.9209693152712148,1.9209693152712148
219,balanced,16,96,96,96,-0.4155497293879762,-0.0055360566341687845,0.017046615021247713,0.4155497293879762,0.0055360566341687845,0.017046615021247713,0.09525584587711824,0.0731770093723374,0.0834191280886112,0.09525584587711824,False,True,False,1.7046615021247713,1.7046615021247713
220,balanced,16,96,96,96,-0.2365631104717032,0.001741838751851299,-0.005254666548277553,0.2365631104717032,0.001741838751851299,0.005254666548277553,0.07525383413802897,0.06501171542175518,0.07655554766638266,0.07655554766638266,True,True,True,0.5254666548277553,0.5468253404741618
221,balanced,16,96,96,96,-0.18357876352564517,-0.00848287891733801,0.002210793440174885,0.18357876352564517,0.00848287891733801,0.002210793440174885,0.05535832623307772,0.08322091261952097,0.061020780081416266,0.08322091261952097,True,True,True,0.848287891733801,0.848287891733801
222,balanced,16,96,96,96,-0.13815245441701052,-0.003981273976595312,0.015506520795270484,0.13815245441701052,0.003981273976595312,0.015506520795270484,0.07073925494651141,0.06293193221622645,0.0757419767111616,0.0757419767111616,False,True,False,1.5506520795270484,1.5506520795270484
223,balanced,16,96,96,96,-0.4434563558508522,-0.009299754365167279,0.016420402103979437,0.4434563558508522,0.009299754365167279,0.016420402103979437,0.09259029158383035,0.1057730994982486,0.09678535927293383,0.1057730994982486,False,True,False,1.6420402103979437,1.6420402103979437
224,balanced,16,96,96,96,-0.24225579114853701,-0.002048046838622253,0.008004738217474106,0.24225579114853701,0.002048046838622253,0.008004738217474106,0.07584256366562529,0.0695026270945754,0.06041429991479693,0.07584256366562529,True,True,True,0.8004738217474106,0.8004738217474106
225,balanced,16,96,96,96,0.09605071532628529,-0.006022694255045202,-0.0026167030778948552,0.09605071532628529,0.006022694255045202,0.0026167030778948552,0.07712060967528164,0.0689671494840481,0.05769549370444003,0.07712060967528164,True,True,True,0.6022694255045202,0.6022694255045202
226,balanced,16,96,96,96,-0.05424545617997012,-0.004049825992565204,0.012994129138632848,0.05424545617997012,0.004049825992565204,0.012994129138632848,0.045897235633816154,0.050749076966770806,0.057902584493041746,0.057902584493041746,False,True,False,1.2994129138632848,1.2994129138632848
227,balanced,16,96,96,96,-0.47918186001081153,-0.014468644945700881,0.009493860305231028,0.47918186001081153,0.014468644945700881,0.009493860305231028,0.0793246473539714,0.07496686547382372,0.07933352267348291,0.07933352267348291,False,True,False,1.4468644945700881,1.4468644945700881
228,balanced,16,96,96,96,-0.4328405997365934,-0.0027191625425025956,0.023686069690256273,0.4328405997365934,0.0027191625425025956,0.023686069690256273,0.07587214806399697,0.06433423269904383,0.07837498816624065,0.07837498816624065,False,True,False,2.368606969025627,2.368606969025627
229,balanced,16,96,96,96,-1.1412466010659408,-0.020306933560849783,0.056471268613146886,1.1412466010659408,0.020306933560849783,0.056471268613146886,0.11328457824481682,0.12558872952759634,0.15948061630218688,0.15948061630218688,False,False,False,5.647126861314688,5.647126861314688
230,balanced,16,96,96,96,-0.15159505518375127,-0.0038904382053819297,0.012886154820155649,0.15159505518375127,0.0038904382053819297,0.012886154820155649,0.07191967244154122,0.07386336741456026,0.052947197765786234,0.07386336741456026,False,True,False,1.2886154820155649,1.2886154820155649
231,balanced,16,96,96,96,-0.016778195024503617,-0.004903562256575622,0.009405953543515755,0.016778195024503617,0.004903562256575622,0.009405953543515755,0.07134869355296791,0.06812399413045536,0.06510934393638171,0.07134869355296791,True,True,True,0.9405953543515755,0.9405953543515755
232,balanced,16,96,96,96,-0.004355226080569707,0.005365435765305238,0.0013344037246645346,0.004355226080569707,0.005365435765305238,0.0013344037246645346,0.08128313452617628,0.07551121840386255,0.0647277051973871,0.08128313452617628,True,True,True,0.5365435765305238,0.5805938180441162
233,balanced,16,96,96,96,-0.8601345212469838,-0.019557489592712418,0.044505474512410714,0.8601345212469838,0.019557489592712418,0.044505474512410714,0.09966983811417211,0.09944203824671022,0.12244982486036164,0.12244982486036164,False,True,False,4.450547451241071,4.450547451241071
234,balanced,16,96,96,96,-1.1584269395679172,-0.03789567719040399,0.04758233375779758,1.1584269395679172,0.03789567719040399,0.04758233375779758,0.09588303512259774,0.111556849379911,0.11640277383319132,0.11640277383319132,False,True,False,4.758233375779758,4.758233375779758
235,balanced,16,96,96,96,-0.38440113178992164,-0.0229181233310507,0.019904807642356914,0.38440113178992164,0.0229181233310507,0.019904807642356914,0.08369722143330494,0.11614834800719492,0.076596965824103,0.11614834800719492,False,True,False,2.29181233310507,2.29181233310507
236,balanced,16,96,96,96,0.5457179306735327,0.019349964135506603,-0.015678242735930603,0.5457179306735327,0.019349964135506603,0.015678242735930603,0.06428098078197482,0.0758780649436713,0.07017419293761241,0.0758780649436713,False,True,False,1.9349964135506603,1.9349964135506603
237,balanced,16,96,96,96,-0.10397738627691666,0.00371234657726649,-0.005331989139374049,0.10397738627691666,0.00371234657726649,0.005331989139374049,0.060082954653034176,0.06018354160749787,0.060082954653034176,0.06018354160749787,True,True,True,0.5331989139374049,0.5331989139374049
238,balanced,16,96,96,96,-0.7591555457522148,-0.02719695575672465,0.029260703368057195,0.7591555457522148,0.02719695575672465,0.029260703368057195,0.10381165388620657,0.11537323676985704,0.0982882467102149,0.11537323676985704,False,True,False,2.9260703368057195,2.9260703368057195
239,balanced,16,96,96,96,-0.22976011447207156,-0.004138442887744009,0.004805959495039758,0.22976011447207156,0.004138442887744009,0.004805959495039758,0.0635827889804033,0.043166595664110574,0.04419613272744485,0.0635827889804033,True,True,True,0.4805959495039758,0.4805959495039758
240,balanced,16,96,96,96,-0.47533149929940066,-0.01976610740163065,0.022558454390870508,0.47533149929940066,0.01976610740163065,0.022558454390870508,0.08340433588942535,0.08606101486320174,0.07228356054151283,0.08606101486320174,False,True,False,2.2558454390870506,2.2558454390870506
241,balanced,16,96,96,96,-0.059034753959366526,-0.005303461770346907,0.008883971260804813,0.059034753959366526,0.005303461770346907,0.008883971260804813,0.08798104231752343,0.06627792767206286,0.06121012023099498,0.08798104231752343,True,True,True,0.8883971260804813,0.8883971260804813
242,balanced,16,96,96,96,-0.5243608048766788,-0.023376903851957676,0.03189558245329227,0.5243608048766788,0.023376903851957676,0.03189558245329227,0.08035418441730569,0.08016780270756414,0.1055097983527407,0.1055097983527407,False,True,False,3.189558245329227,3.189558245329227
243,balanced,16,96,96,96,0.12334647365311113,0.0035722225766572357,-0.012601234866982391,0.12334647365311113,0.0035722225766572357,0.012601234866982391,0.08328008141626432,0.06273371674713624,0.06493183754615166,0.08328008141626432,False,True,False,1.2601234866982391,1.2601234866982391
244,balanced,16,96,96,96,-0.9817247431685558,-0.017316277338942365,0.03350487805990532,0.9817247431685558,0.017316277338942365,0.03350487805990532,0.09026495787181672,0.09370858184227966,0.09628242450061536,0.09628242450061536,False,True,False,3.350487805990532,3.350487805990532
245,balanced,16,96,96,96,-0.25250038913984696,-0.01023974506942571,0.019223362911436892,0.25250038913984696,0.01023974506942571,0.019223362911436892,0.08817925778661365,0.07066825239041939,0.09900714759064659,0.09900714759064659,False,True,False,1.9223362911436892,1.9223362911436892
246,balanced,16,96,96,96,-0.6665394645144609,-0.009500743089995045,0.015125119055255931,0.6665394645144609,0.009500743089995045,0.015125119055255931,0.07698747988260911,0.09765514058506106,0.09026495787181672,0.09765514058506106,False,True,False,1.5125119055255931,1.5125119055255931
247,balanced,16,96,96,96,-0.45646401159066485,-0.016487645806253948,0.017453799495417588,0.45646401159066485,0.016487645806253948,0.017453799495417588,0.07633662311843227,0.08363805263656159,0.09529134715516425,0.09529134715516425,False,True,False,1.7453799495417588,1.7453799495417588
248,balanced,16,96,96,96,-0.5037032506078418,-0.01400368929046536,0.01905452320905454,0.5037032506078418,0.01400368929046536,0.01905452320905454,0.10622278235349807,0.08055239988639591,0.08131271892454794,0.10622278235349807,False,True,False,1.9054523209054541,1.9054523209054541
249,balanced,16,96,96,96,-0.3032537739683754,-0.0024267198034931825,0.002214754044644107,0.3032537739683754,0.0024267198034931825,0.002214754044644107,0.06232545204960712,0.04834090693931648,0.058452854302754896,0.06232545204960712,True,True,True,0.6065075479367508,0.6065075479367508
250,balanced,16,96,96,96,-0.3675073922882035,-0.004190764279545567,0.012016705475692224,0.3675073922882035,0.004190764279545567,0.012016705475692224,0.07924181103853072,0.06644064186310707,0.0583167660702452,0.07924181103853072,False,True,False,1.2016705475692224,1.2016705475692224
251,balanced,16,96,96,96,-0.5515544952163651,-0.013987650363525672,0.012708218579745967,0.5515544952163651,0.013987650363525672,0.012708218579745967,0.08632431600870964,0.07095226261478746,0.08851356148821357,0.08851356148821357,False,True,False,1.3987650363525672,1.3987650363525672
252,balanced,16,96,96,96,-0.5143022776851645,-0.01323018957066635,0.020009535758390817,0.5143022776851645,0.01323018957066635,0.020009535758390817,0.07476273312505917,0.08186003029442393,0.07689576824765691,0.08186003029442393,False,True,False,2.0009535758390817,2.0009535758390817
253,balanced,16,96,96,96,-0.5799352120567889,-0.002751850412667567,0.018555004349233295,0.5799352120567889,0.002751850412667567,0.018555004349233295,0.08011159235065796,0.059378845971788316,0.0684671731515668,0.08011159235065796,False,True,False,1.8555004349233295,1.8555004349233295
254,balanced,16,96,96,96,-0.34878306996924735,-0.017019741747658745,0.023296660710381445,0.34878306996924735,0.017019741747658745,0.023296660710381445,0.07244627473255703,0.10983503739467954,0.10335605415128278,0.10983503739467954,False,True,False,2.3296660710381443,2.3296660710381443
255,balanced,16,96,96,96,-0.2761193654149743,0.0019467433776644283,0.002147982756240674,0.2761193654149743,0.0019467433776644283,0.002147982756240674,0.06270413234876455,0.05896170595474771,0.06781631638738994,0.06781631638738994,True,True,True,0.5522387308299486,0.5522387308299486
256,balanced,16,96,96,96,-0.8728048246313946,-0.016868984526773767,0.02701322630135422,0.8728048246313946,0.016868984526773767,0.02701322630135422,0.08984485941493894,0.0642277288649058,0.10577605793808577,0.10577605793808577,False,True,False,2.701322630135422,2.701322630135422
257,balanced,16,96,96,96,-0.1787452440669064,-0.006986872803550259,0.012404782276234871,0.1787452440669064,0.006986872803550259,0.012404782276234871,0.062257407933352264,0.05377260248035596,0.07666796838019502,0.07666796838019502,False,True,False,1.2404782276234871,1.2404782276234871
258,balanced,16,96,96,96,-0.528825396419478,-0.009402928763510343,0.013509994766309208,0.528825396419478,0.009402928763510343,0.013509994766309208,0.0893744674808293,0.088220675944334,0.08027726498153934,0.0893744674808293,False,True,False,1.3509994766309208,1.3509994766309208
259,balanced,16,96,96,96,-0.7085563283373482,-0.02992164782696105,0.044906862240850054,0.7085563283373482,0.02992164782696105,0.044906862240850054,0.09466119946984758,0.10239456120420336,0.11918666571996592,0.11918666571996592,False,True,False,4.490686224085005,4.490686224085005
260,balanced,16,96,96,96,-0.7182599943090793,-0.011689398948233398,0.025233577864809842,0.7182599943090793,0.011689398948233398,0.025233577864809842,0.10017868976616491,0.06495254662501183,0.09472628514626527,0.10017868976616491,False,True,False,2.523357786480984,2.523357786480984
261,balanced,16,96,96,96,-0.6515474062372633,-0.018091564887643408,0.03457653100069025,0.6515474062372633,0.018091564887643408,0.03457653100069025,0.09504875508851653,0.08098433210262236,0.09635638549654454,0.09635638549654454,False,True,False,3.4576531000690247,3.4576531000690247
262,balanced,16,96,96,96,-0.18688026479978248,-0.0016510833192682206,0.014930256609128612,0.18688026479978248,0.0016510833192682206,0.014930256609128612,0.05834635046861687,0.062245574174003594,0.07899626053204582,0.07899626053204582,False,True,False,1.4930256609128612,1.4930256609128612
263,balanced,16,96,96,96,0.22791552134254545,0.016417796213049618,-0.016809112774884283,0.22791552134254545,0.016417796213049618,0.016809112774884283,0.0681299110101297,0.07894892549465114,0.07902880337025467,0.07902880337025467,False,True,False,1.6809112774884283,1.6809112774884283
264,balanced,16,96,96,96,0.1180912712007931,0.00388264170400221,-0.004782941652517192,0.1180912712007931,0.00388264170400221,0.004782941652517192,0.05848539714096374,0.06868313925968002,0.05951197576446085,0.06868313925968002,True,True,True,0.4782941652517192,0.4905938518548572
265,balanced,16,96,96,96,-0.5167598665963062,0.0011164894810506976,0.009518456573232248,0.5167598665963062,0.0011164894810506976,0.009518456573232248,0.10160465776767964,0.08504035311937896,0.07310304837640821,0.10160465776767964,False,True,False,1.0335197331926125,1.0335197331926125
266,balanced,16,96,96,96,-0.4963443816909958,-0.009442701204499748,0.01864688331814568,0.4963443816909958,0.009442701204499748,0.01864688331814568,0.06305322824955031,0.10837652655495598,0.08785382940452523,0.10837652655495598,False,True,False,1.864688331814568,1.864688331814568
267,balanced,16,96,96,96,-0.21414891294735838,0.0009247711411303206,0.015190591381497087,0.21414891294735838,0.0009247711411303206,0.015190591381497087,0.07050553819937518,0.04030578434156963,0.07703777335984095,0.07703777335984095,False,True,False,1.5190591381497087,1.5190591381497087
268,balanced,16,96,96,96,-1.040037149311086,-0.026956392341733526,0.03615971779383126,1.040037149311086,0.026956392341733526,0.03615971779383126,0.12021324434346303,0.09344232225693458,0.10747124396478273,0.12021324434346303,False,True,False,3.6159717793831256,3.6159717793831256
269,balanced,16,96,96,96,-0.18974665216699194,-0.0023347234491315483,0.005211248805380264,0.18974665216699194,0.0023347234491315483,0.005211248805380264,0.07033690712865663,0.08444274827227113,0.06757076588090505,0.08444274827227113,True,True,True,0.5211248805380264,0.6031624876590794
270,balanced,16,96,96,96,-0.0612585188160466,-0.0005967805299970097,0.0013865633379731568,0.0612585188160466,0.0005967805299970097,0.0013865633379731568,0.06653531193789643,0.05961847959859888,0.06473066363722427,0.06653531193789643,True,True,True,0.13865633379731568,0.4752522281278316
271,balanced,16,96,96,96,-0.402669861039449,-0.014811856561780967,0.00635439258932502,0.402669861039449,0.014811856561780967,0.00635439258932502,0.08659649247372905,0.0911495313831298,0.09054600965634763,0.0911495313831298,False,True,False,1.4811856561780967,1.4811856561780967
272,balanced,16,96,96,96,-0.9326481164704035,-0.019894039458414725,0.03201492007133255,0.9326481164704035,0.019894039458414725,0.03201492007133255,0.11361592350657956,0.11381709741550695,0.11474308908454038,0.11474308908454038,False,True,False,3.2014920071332553,3.2014920071332553
273,balanced,16,96,96,96,-0.818406352520963,-0.020558816270411784,0.03835841490043357,0.818406352520963,0.020558816270411784,0.03835841490043357,0.11879319322162264,0.10515182713244343,0.09125307677743065,0.11879319322162264,False,True,False,3.835841490043357,3.835841490043357
274,balanced,16,96,96,96,-0.9066547792364901,-0.01915047089396027,0.03233132899981639,0.9066547792364901,0.01915047089396027,0.03233132899981639,0.10606598504212818,0.11279051879200984,0.10274957398466344,0.11279051879200984,False,True,False,3.233132899981639,3.233132899981639
275,balanced,16,96,96,96,-0.3225667020887073,-0.005154308752597592,0.006760899021855671,0.3225667020887073,0.005154308752597592,0.006760899021855671,0.08506993751775063,0.060855107450534886,0.0904750071002556,0.0904750071002556,True,True,True,0.6760899021855671,0.6760899021855671
276,balanced,16,96,96,96,-0.6097810657033875,-0.010324032556396467,0.030010739230495576,0.6097810657033875,0.010324032556396467,0.030010739230495576,0.08284223232036353,0.07128952475622456,0.0878390372053394,0.0878390372053394,False,True,False,3.0010739230495576,3.0010739230495576
277,balanced,16,96,96,96,-0.42839230509699533,-0.015470047060530345,0.013779515677697363,0.42839230509699533,0.015470047060530345,0.013779515677697363,0.08300494651140775,0.07690464356716842,0.06044980119284294,0.08300494651140775,False,True,False,1.5470047060530345,1.5470047060530345
278,balanced,16,96,96,96,-0.43109776489038865,0.0015988515552071147,0.004803902087056944,0.43109776489038865,0.0015988515552071147,0.004803902087056944,0.08081570103190382,0.08099024898229669,0.08540719965918774,0.08540719965918774,True,True,True,0.8621955297807773,0.8621955297807773
279,balanced,16,96,96,96,0.06681910741231434,-0.0019320444031369899,0.0018658321406137546,0.06681910741231434,0.0019320444031369899,0.0018658321406137546,0.07773004828173814,0.05095025087569819,0.06639626526554956,0.07773004828173814,True,True,True,0.193204440313699,0.5552146305838438
280,balanced,16,96,96,96,0.39788899409672496,0.016150028089551904,-0.007597932819332576,0.39788899409672496,0.016150028089551904,0.007597932819332576,0.08589238379248319,0.11087640821736248,0.06546139827700465,0.11087640821736248,False,True,False,1.6150028089551904,1.6150028089551904
281,balanced,16,96,96,96,-0.7592948418071259,-0.013763574617734697,0.014349796038686413,0.7592948418071259,0.013763574617734697,0.014349796038686413,0.10015798068730475,0.12344681908548708,0.07536625485184133,0.12344681908548708,False,True,False,1.5185896836142518,1.5185896836142518
282,balanced,16,96,96,96,-0.9139958362986391,-0.020991621428609553,0.04446604708762891,0.9139958362986391,0.020991621428609553,0.04446604708762891,0.09612858562908265,0.10861616018176655,0.129310446842753,0.129310446842753,False,True,False,4.446604708762891,4.446604708762891
283,balanced,16,96,96,96,-0.2861140709330847,-0.000866441256186512,0.01008832928656983,0.2861140709330847,0.000866441256186512,0.01008832928656983,0.08181861213670359,0.060162832528637696,0.06177518223989397,0.08181861213670359,False,True,False,1.008832928656983,1.008832928656983
284,balanced,16,96,96,96,0.5523047604948736,0.01214249536257861,-0.01571175020876575,0.5523047604948736,0.01214249536257861,0.01571175020876575,0.08687162737858563,0.06875118337593486,0.07895780081416265,0.08687162737858563,False,True,False,1.5711750208765751,1.5711750208765751
285,balanced,16,96,96,96,-0.29588735512989217,-0.015513887828967121,0.019128480116781255,0.29588735512989217,0.015513887828967121,0.019128480116781255,0.05363059736817192,0.05877532424500615,0.09274708889520022,0.09274708889520022,False,True,False,1.9128480116781255,1.9128480116781255
286,balanced,16,96,96,96,-0.12471174609757796,0.005224573846775993,0.0017896614791268473,0.12471174609757796,0.005224573846775993,0.0017896614791268473,0.04673447410773455,0.04426121840386254,0.03546577676796365,0.04673447410773455,True,True,True,0.5224573846775993,0.5224573846775993
287,balanced,16,96,96,96,-0.5734165550480022,-0.019222428290924243,0.02796281265492917,0.5734165550480022,0.019222428290924243,0.02796281265492917,0.11392064280980782,0.09715516425257976,0.11630218687872763,0.11630218687872763,False,True,False,2.796281265492917,2.796281265492917
288,balanced,16,96,96,96,-0.4123186112652064,-0.009230638899039745,0.012550524053418832,0.4123186112652064,0.009230638899039745,0.012550524053418832,0.07904063712960334,0.061532590173246235,0.08019442866609865,0.08019442866609865,False,True,False,1.2550524053418832,1.2550524053418832
289,balanced,16,96,96,96,-0.07196716876918785,-0.0005396047744958832,0.006047013027227877,0.07196716876918785,0.0005396047744958832,0.006047013027227877,0.07474794092587334,0.05412169838114172,0.05652395152892171,0.07474794092587334,True,True,True,0.6047013027227877,0.6047013027227877
290,balanced,16,96,96,96,-1.1864737710565088,-0.03395743672562679,0.04785517510579973,1.1864737710565088,0.03395743672562679,0.04785517510579973,0.1346770567073748,0.13684855154785572,0.12629579664867935,0.13684855154785572,False,True,False,4.7855175105799725,4.7855175105799725
291,balanced,16,96,96,96,0.040188199161484306,0.0010304113712099605,0.005173857872629362,0.040188199161484306,0.0010304113712099605,0.005173857872629362,0.08026543122219067,0.07462368645271229,0.07499053299252106,0.08026543122219067,True,True,True,0.5173857872629362,0.5733245087299332
292,balanced,16,96,96,96,0.17683719185897218,0.01413072222085654,-0.011266086671867237,0.17683719185897218,0.01413072222085654,0.011266086671867237,0.08667932878916974,0.11176394016851274,0.07609107261194736,0.11176394016851274,False,True,False,1.413072222085654,1.413072222085654
293,balanced,16,96,96,96,-0.7476019602229123,-0.01321590773898429,0.03608145600272428,0.7476019602229123,0.01321590773898429,0.03608145600272428,0.11218699706522768,0.11918666571996592,0.12410655116917542,0.12410655116917542,False,True,False,3.6081456002724277,3.6081456002724277
294,balanced,16,96,96,96,-0.02658564261689733,0.006226537238676388,0.0010404792514386307,0.02658564261689733,0.006226537238676388,0.0010404792514386307,0.06698203635330872,0.06276921802518225,0.08067073747988261,0.08067073747988261,True,True,True,0.6226537238676388,0.6226537238676388
295,balanced,16,96,96,96,0.20800490764681712,-0.004774021184823174,-0.0033556025342323936,0.20800490764681712,0.004774021184823174,0.0033556025342323936,0.06502354918110385,0.05344717409826754,0.055923388241976714,0.06502354918110385,True,True,True,0.4774021184823174,0.4774021184823174
296,balanced,16,96,96,96,-0.08306830537419785,-0.001442828105272409,0.005566933973947641,0.08306830537419785,0.001442828105272409,0.005566933973947641,0.04097143330493231,0.0696209646880621,0.059588895200227206,0.0696209646880621,True,True,True,0.5566933973947641,0.5566933973947641
297,balanced,16,96,96,96,0.02656492181520065,0.0023782049478277,0.006812975553430023,0.02656492181520065,0.0023782049478277,0.006812975553430023,0.0627100492284389,0.06122195399034365,0.0666743586102433,0.0666743586102433,True,True,True,0.6812975553430023,0.6812975553430023
298,balanced,16,96,96,96,-0.7004629215806162,-0.025528270640851503,0.02972013829829201,0.7004629215806162,0.025528270640851503,0.02972013829829201,0.07590764934204298,0.09966392123449777,0.08998982296696015,0.09966392123449777,False,True,False,2.972013829829201,2.972013829829201
299,balanced,16,96,96,96,-0.5981124084403291,-0.008731004050752778,0.0189064417943427,0.5981124084403291,0.008731004050752778,0.0189064417943427,0.08698404809239799,0.07533667045346966,0.10750674524282874,0.10750674524282874,False,True,False,1.8906441794342699,1.8906441794342699
300,balanced,16,96,96,96,-0.42021216861503774,-0.00952224453427486,0.01857424485274345,0.42021216861503774,0.00952224453427486,0.01857424485274345,0.06857367698570482,0.0972794187257408,0.10949185837356812,0.10949185837356812,False,True,False,1.857424485274345,1.857424485274345
301,balanced,16,96,96,96,-0.4955439260810195,-0.006390119637182723,0.018113409873042885,0.4955439260810195,0.006390119637182723,0.018113409873042885,0.09394525702925305,0.08580067215753101,0.08797216699801193,0.09394525702925305,False,True,False,1.8113409873042885,1.8113409873042885
302,balanced,16,96,96,96,0.20896550603608688,0.010821071563779205,-0.012678978338271807,0.20896550603608688,0.010821071563779205,0.012678978338271807,0.08624147969326895,0.08577404619899649,0.08010271703114645,0.08624147969326895,False,True,False,1.2678978338271807,1.2678978338271807
303,balanced,16,96,96,96,-0.4068647664001048,-0.0072156764083914915,0.022941636664427056,0.4068647664001048,0.0072156764083914915,0.022941636664427056,0.1132313263277478,0.09799536116633532,0.09248082930985516,0.1132313263277478,False,True,False,2.2941636664427056,2.2941636664427056
304,balanced,16,96,96,96,0.22593730278710922,0.011991333947697025,-0.008060569015697405,0.22593730278710922,0.011991333947697025,0.008060569015697405,0.11790270283063524,0.10624940831203257,0.08205528732367699,0.11790270283063524,False,True,False,1.1991333947697025,1.1991333947697025
305,balanced,16,96,96,96,-0.16608981700836978,0.0016625282527196195,0.0030137014164964837,0.16608981700836978,0.0016625282527196195,0.0030137014164964837,0.0705587901164442,0.051379224652087475,0.07656146454605699,0.07656146454605699,True,True,True,0.33217963401673956,0.546867603900407
306,balanced,16,96,96,96,-0.29900808545049884,-0.008876794838787672,0.016623696511866626,0.29900808545049884,0.008876794838787672,0.016623696511866626,0.061778140679731135,0.07968557701410584,0.07053216415790968,0.07968557701410584,False,True,False,1.6623696511866626,1.6623696511866626
307,balanced,16,96,96,96,-1.015117212256797,-0.03517847248800676,0.041332769446019435,1.015117212256797,0.03517847248800676,0.041332769446019435,0.11993810943860646,0.12501479219918585,0.09993905613935435,0.12501479219918585,False,True,False,4.133276944601944,4.133276944601944
308,balanced,16,96,96,96,-0.19986364654796773,-0.0039118899791250605,0.006892875346920568,0.19986364654796773,0.0039118899791250605,0.006892875346920568,0.06120124491148348,0.08337179305121652,0.08241917542364859,0.08337179305121652,True,True,True,0.6892875346920568,0.6892875346920568
309,balanced,16,96,96,96,-0.42348749848307676,-0.017717781987171444,0.01667161565827241,0.42348749848307676,0.017717781987171444,0.01667161565827241,0.07431305026980971,0.09370562340244248,0.06857367698570482,0.09370562340244248,False,True,False,1.7717781987171444,1.7717781987171444
310,balanced,16,96,96,96,-1.0594479283899076,-0.027572876352947362,0.051290178094935246,1.0594479283899076,0.027572876352947362,0.051290178094935246,0.11695008520306731,0.1131484900123071,0.12013040802802234,0.12013040802802234,False,True,False,5.129017809493525,5.129017809493525
311,balanced,16,96,96,96,-0.12660031926731108,-0.006389313887934844,0.005791440301208706,0.12660031926731108,0.006389313887934844,0.005791440301208706,0.053941233551074504,0.050896998958629175,0.053885023194168324,0.053941233551074504,True,True,True,0.6389313887934844,0.6389313887934844
312,balanced,16,96,96,96,0.09479029563963692,0.009679710602878533,-0.001719483673317701,0.09479029563963692,0.009679710602878533,0.001719483673317701,0.05039110574647354,0.0781057701410584,0.05671329167850043,0.0781057701410584,True,True,True,0.9679710602878533,0.9679710602878533
313,balanced,16,96,96,96,-0.5369428834527845,-0.009604032972336807,0.021116058386496772,0.5369428834527845,0.009604032972336807,0.021116058386496772,0.09524697055760674,0.09736225504118148,0.0969599072233267,0.09736225504118148,False,True,False,2.111605838649677,2.111605838649677
314,balanced,16,96,96,96,-0.07391521744029106,-0.0004366920777966188,0.009407099419528553,0.07391521744029106,0.0004366920777966188,0.009407099419528553,0.05201528921707848,0.05873686452712298,0.05890253715800436,0.05890253715800436,True,True,True,0.9407099419528553,0.9407099419528553
315,balanced,16,96,96,96,-0.2757466327359275,-0.006185016173999136,0.012352447807113087,0.2757466327359275,0.006185016173999136,0.012352447807113087,0.07442251254378492,0.10234722616680868,0.0568789643093818,0.10234722616680868,False,True,False,1.2352447807113087,1.2352447807113087
316,balanced,16,96,96,96,-0.35006932826929926,-0.011028069892407455,0.015588613931034556,0.35006932826929926,0.011028069892407455,0.015588613931034556,0.08586871627378585,0.06410643283158193,0.07524791725835464,0.08586871627378585,False,True,False,1.5588613931034556,1.5588613931034556
317,balanced,16,96,96,96,-0.05885364027917106,0.007093973878640969,0.001980769104269142,0.05885364027917106,0.007093973878640969,0.001980769104269142,0.09489787465682098,0.08909045725646124,0.07149957398466344,0.09489787465682098,True,True,True,0.7093973878640969,0.7093973878640969
318,balanced,16,96,96,96,0.013741042096416578,0.00849763221901556,-0.005947042289866089,0.013741042096416578,0.00849763221901556,0.005947042289866089,0.07131615071475907,0.06941979077913471,0.08918216889141342,0.08918216889141342,True,True,True,0.8497632219015561,0.8497632219015561
319,balanced,16,96,96,96,-0.30727203103008094,-0.014955170652648953,0.01297761453868862,0.30727203103008094,0.014955170652648953,0.01297761453868862,0.05556245858184228,0.06332836315440689,0.0670293713907034,0.0670293713907034,False,True,False,1.4955170652648953,1.4955170652648953
320,balanced,16,96,96,96,-0.5742909800221199,-0.012931097188473739,0.02438371858026278,0.5742909800221199,0.012931097188473739,0.02438371858026278,0.08044293761242072,0.07282199659187731,0.09275596421471173,0.09275596421471173,False,True,False,2.438371858026278,2.438371858026278
321,balanced,16,96,96,96,-0.18104538730877096,-0.0028329757490561658,0.007090255157966685,0.18104538730877096,0.0028329757490561658,0.007090255157966685,0.05683162927198712,0.06771572943292625,0.06572765786234971,0.06771572943292625,True,True,True,0.7090255157966685,0.7090255157966685
322,balanced,16,96,96,96,-0.7713681103001555,-0.01650497554628161,0.017927797671973278,0.7713681103001555,0.01650497554628161,0.017927797671973278,0.09661081132254094,0.08131271892454794,0.08428890940073842,0.09661081132254094,False,True,False,1.7927797671973278,1.7927797671973278
323,balanced,16,96,96,96,-0.09737461221316579,0.006109738211948712,-0.0027572335231976774,0.09737461221316579,0.006109738211948712,0.0027572335231976774,0.06307985420808482,0.07274507715611095,0.07262673956262425,0.07274507715611095,True,True,True,0.6109738211948712,0.6109738211948712
324,balanced,16,96,96,96,-0.5599249542961431,0.00035355685762450406,0.010416145713633751,0.5599249542961431,0.00035355685762450406,0.010416145713633751,0.09796873520780082,0.0948239136608918,0.05885520212060968,0.09796873520780082,False,True,False,1.1198499085922862,1.1198499085922862
325,balanced,16,96,96,96,-0.7009783229440032,-0.01275716804105198,0.02669328591408221,0.7009783229440032,0.01275716804105198,0.02669328591408221,0.08750473350373947,0.07878325286376976,0.08339250213007668,0.08750473350373947,False,True,False,2.6693285914082208,2.6693285914082208
326,balanced,16,96,96,96,0.06213674533271529,0.003275409140804486,0.007845504408957038,0.06213674533271529,0.003275409140804486,0.007845504408957038,0.05657128656631639,0.052645436902395155,0.06542589699895864,0.06542589699895864,True,True,True,0.7845504408957038,0.7845504408957038
327,balanced,16,96,96,96,-0.8152513048261625,-0.026922561117888155,0.04579115993275662,0.8152513048261625,0.026922561117888155,0.04579115993275662,0.08833013821830919,0.11206865947174098,0.11899436713055003,0.11899436713055003,False,True,False,4.5791159932756615,4.5791159932756615
328,balanced,16,96,96,96,-0.7064536056131203,-0.017353034157436387,0.0274889861133637,0.7064536056131203,0.017353034157436387,0.0274889861133637,0.11005396194262994,0.10959540376786897,0.08329191517561299,0.11005396194262994,False,True,False,2.74889861133637,2.74889861133637
329,balanced,16,96,96,96,-0.4634105852454802,-0.005450490751744419,0.0112092270338357,0.4634105852454802,0.005450490751744419,0.0112092270338357,0.07713540187446748,0.08036897661649153,0.07113864432452902,0.08036897661649153,False,True,False,1.12092270338357,1.12092270338357
330,balanced,16,96,96,96,-0.47728059105179454,-0.0012903348991085695,0.018043321679291124,0.47728059105179454,0.0012903348991085695,0.018043321679291124,0.08027726498153934,0.07685730852977374,0.10523466344788412,0.10523466344788412,False,True,False,1.8043321679291124,1.8043321679291124
331,balanced,16,96,96,96,-0.18116720926857965,0.0058579644671270525,0.010042542209172556,0.18116720926857965,0.0058579644671270525,0.010042542209172556,0.0696032140490391,0.09478841238284579,0.06894348196535076,0.09478841238284579,False,True,False,1.0042542209172556,1.0042542209172556
332,balanced,16,96,96,96,-0.19368506880701375,-0.004623278865099945,0.010987928259131308,0.19368506880701375,0.004623278865099945,0.010987928259131308,0.052748982296696015,0.05286140301050838,0.06928666098646218,0.06928666098646218,False,True,False,1.0987928259131308,1.0987928259131308
333,balanced,16,96,96,96,0.2730364808231336,0.01838124244026207,-0.012322943768519501,0.2730364808231336,0.01838124244026207,0.012322943768519501,0.0767241787371012,0.09453102811701221,0.07984829120515005,0.09453102811701221,False,True,False,1.8381242440262069,1.8381242440262069
334,balanced,16,96,96,96,-0.914893298467959,-0.022969515883803693,0.02188634966122016,0.914893298467959,0.022969515883803693,0.02188634966122016,0.10747716084445706,0.10936464546056991,0.08975906465966108,0.10936464546056991,False,True,False,2.2969515883803693,2.2969515883803693
335,balanced,16,96,96,96,-0.556328509371447,-0.014998355769992755,0.022497564870187947,0.556328509371447,0.014998355769992755,0.022497564870187947,0.080889662027833,0.10924630786708321,0.08007609107261195,0.10924630786708321,False,True,False,2.2497564870187947,2.2497564870187947
336,balanced,16,96,96,96,-0.24497806441886638,-0.004578331995885532,0.0018725126338569598,0.24497806441886638,0.004578331995885532,0.0018725126338569598,0.05600918299725457,0.054248911294139925,0.05048281738142573,0.05600918299725457,True,True,True,0.48995612883773276,0.48995612883773276
337,balanced,16,96,96,96,-0.1179341069072457,-0.0015486816082211918,0.00752632320480523,0.1179341069072457,0.0015486816082211918,0.00752632320480523,0.06369520969421566,0.05678725267442961,0.08367651235444476,0.08367651235444476,True,True,True,0.752632320480523,0.752632320480523
338,balanced,16,96,96,96,-0.5058422973960646,-0.02347394844033457,0.023675109575757247,0.5058422973960646,0.02347394844033457,0.023675109575757247,0.10362527217646501,0.07741941209883556,0.08628881473066363,0.10362527217646501,False,True,False,2.3675109575757247,2.3675109575757247
339,balanced,16,96,96,96,0.12583354699510352,0.0013135027002477706,-0.001766881705937584,0.12583354699510352,0.0013135027002477706,0.001766881705937584,0.07808801950203541,0.06181068351793998,0.06142312789927104,0.07808801950203541,True,True,True,0.25166709399020704,0.5577715678716815
340,balanced,16,96,96,96,-0.45463688584262485,-0.007761247656127734,0.02214348960910717,0.45463688584262485,0.007761247656127734,0.02214348960910717,0.06851746662879864,0.07844894916216984,0.08440428855438796,0.08440428855438796,False,True,False,2.214348960910717,2.214348960910717
341,balanced,16,96,96,96,-0.6721221050828845,-0.01654161874342086,0.026203797320780153,0.6721221050828845,0.01654161874342086,0.026203797320780153,0.08217362491716368,0.08953126479219918,0.13659412572185933,0.13659412572185933,False,True,False,2.6203797320780153,2.6203797320780153
342,balanced,16,96,96,96,-0.41602802685991946,-0.008554790679495161,0.012803988653179443,0.41602802685991946,0.008554790679495161,0.012803988653179443,0.08250201173908928,0.09137141437091735,0.10740319984852788,0.10740319984852788,False,True,False,1.2803988653179443,1.2803988653179443
343,balanced,16,96,96,96,-0.6628708284308935,-0.011419284667949947,0.03568160449087043,0.6628708284308935,0.011419284667949947,0.03568160449087043,0.10811914228912241,0.09780306257691944,0.10280578434156963,0.10811914228912241,False,True,False,3.5681604490870433,3.5681604490870433
344,balanced,16,96,96,96,-0.8622798265229044,-0.023657917245110793,0.02550758150338517,0.8622798265229044,0.023657917245110793,0.02550758150338517,0.10082658809050458,0.08342800340812269,0.08388952002272082,0.10082658809050458,False,True,False,2.550758150338517,2.550758150338517
345,balanced,16,96,96,96,-0.0317371230532828,0.003352703016121561,-0.006459210760947021,0.0317371230532828,0.003352703016121561,0.006459210760947021,0.05873094764744864,0.049938464451386916,0.05684937991101013,0.05873094764744864,True,True,True,0.6459210760947021,0.6459210760947021
346,balanced,16,96,96,96,-0.3661284487654939,-0.01265545644003263,0.022617446225391358,0.3661284487654939,0.01265545644003263,0.022617446225391358,0.06700570387200606,0.07540471456972452,0.08838634857521538,0.08838634857521538,False,True,False,2.2617446225391356,2.2617446225391356
347,balanced,16,96,96,96,-0.5963096957614198,-0.007622227583210739,0.011825026367735414,0.5963096957614198,0.007622227583210739,0.011825026367735414,0.08263809997159897,0.07421246331534602,0.08652548991763703,0.08652548991763703,False,True,False,1.1926193915228396,1.1926193915228396
348,balanced,16,96,96,96,-0.430536174894403,-0.002836546750248692,0.014984115536890052,0.430536174894403,0.002836546750248692,0.014984115536890052,0.0833362917731705,0.07957019786045631,0.09045429802139544,0.09045429802139544,False,True,False,1.4984115536890052,1.4984115536890052
349,balanced,16,96,96,96,-1.07579450221953,-0.021495722744744095,0.04827934767983322,1.07579450221953,0.021495722744744095,0.04827934767983322,0.11548565748366942,0.12420713812363912,0.11976356148821357,0.12420713812363912,False,True,False,4.827934767983321,4.827934767983321
350,balanced,16,96,96,96,-0.3730037352650939,-0.0038802377396629506,0.009153485575324805,0.3730037352650939,0.0038802377396629506,0.009153485575324805,0.05940547193032283,0.08418832244627474,0.08305228154880243,0.08418832244627474,True,True,True,0.9153485575324805,0.9153485575324805
351,balanced,16,96,96,96,-0.47298073184591516,-0.005194569206616206,0.004833166493047658,0.47298073184591516,0.005194569206616206,0.004833166493047658,0.09519963552021206,0.1058648111332008,0.08977681529868409,0.1058648111332008,True,True,True,0.9459614636918303,0.9459614636918303
352,balanced,16,96,96,96,0.07696294375156043,0.010334982336678955,-0.004991270402191328,0.07696294375156043,0.010334982336678955,0.004991270402191328,0.08752248414276247,0.13381615071475905,0.07140786234971126,0.13381615071475905,False,True,False,1.0334982336678955,1.0334982336678955
353,balanced,16,96,96,96,-0.3911694925238187,-0.010187340789915345,0.020794335020961063,0.3911694925238187,0.010187340789915345,0.020794335020961063,0.07121556376029536,0.07815014673861592,0.08535098930228155,0.08535098930228155,False,True,False,2.0794335020961063,2.0794335020961063
354,balanced,16,96,96,96,-0.17920816354056512,0.003355287436265786,-0.0018034723997666369,0.17920816354056512,0.003355287436265786,0.0018034723997666369,0.049130810375840196,0.07749337309476474,0.07865899839060873,0.07865899839060873,True,True,True,0.35841632708113025,0.5618499885043481
355,balanced,16,96,96,96,-0.2964271149247253,-0.007723594594877037,0.015718476619515642,0.2964271149247253,0.007723594594877037,0.015718476619515642,0.0795613225409448,0.07099663921234498,0.07538400549086434,0.0795613225409448,False,True,False,1.5718476619515642,1.5718476619515642
356,balanced,16,96,96,96,-0.43218757621541926,-0.013055293089529574,0.02962672093970742,0.43218757621541926,0.013055293089529574,0.02962672093970742,0.0832179541796838,0.10592989680961848,0.10272294802612894,0.10592989680961848,False,True,False,2.962672093970742,2.962672093970742
357,balanced,16,96,96,96,-0.6939208449135421,-0.014832225517810382,0.021305079849070707,0.6939208449135421,0.014832225517810382,0.021305079849070707,0.10604823440310518,0.0881200889898703,0.08267655968948215,0.10604823440310518,False,True,False,2.1305079849070707,2.1305079849070707
358,balanced,16,96,96,96,-0.5880127788792109,-0.02017929456023504,0.010209406653985176,0.5880127788792109,0.02017929456023504,0.010209406653985176,0.1308932121556376,0.08203457824481682,0.09141579096847487,0.1308932121556376,False,True,False,2.017929456023504,2.017929456023504
359,balanced,16,96,96,96,-0.1848852427015899,-0.0033575723706494864,0.006397429160718171,0.1848852427015899,0.0033575723706494864,0.006397429160718171,0.05140880905045915,0.06641401590457256,0.061665719965918776,0.06641401590457256,True,True,True,0.6397429160718171,0.6397429160718171
360,balanced,16,96,96,96,-0.016802757105217836,0.0004496767979056404,0.0006202680191715881,0.016802757105217836,0.0004496767979056404,0.0006202680191715881,0.052293382561772225,0.0685855107450535,0.07323026128940642,0.07323026128940642,True,True,True,0.062026801917158814,0.5230732949243315
361,balanced,16,96,96,96,0.09756434547806947,0.007574815103032817,0.0036323367052467637,0.09756434547806947,0.007574815103032817,0.0036323367052467637,0.04788530720439269,0.0647927908738048,0.05411282306163022,0.0647927908738048,True,True,True,0.7574815103032817,0.7574815103032817
362,balanced,16,96,96,96,-0.35006115249888126,-0.006533474861464605,0.013510410485423285,0.35006115249888126,0.006533474861464605,0.013510410485423285,0.07476273312505917,0.08347533844551737,0.08102870870017988,0.08347533844551737,False,True,False,1.3510410485423285,1.3510410485423285
363,balanced,16,96,96,96,-0.7645351679335022,-0.016417340885978127,0.017844157997463306,0.7645351679335022,0.016417340885978127,0.017844157997463306,0.10929955978415223,0.09148975196440405,0.10238272744485469,0.10929955978415223,False,True,False,1.7844157997463306,1.7844157997463306
364,balanced,16,96,96,96,-0.2404863229602654,0.002598503714918099,-0.0008889435502320575,0.2404863229602654,0.002598503714918099,0.0008889435502320575,0.051098172867556566,0.08899874562150904,0.05633756981918016,0.08899874562150904,True,True,True,0.4809726459205308,0.6357053258679217
365,balanced,16,96,96,96,-0.47202471308013827,-0.01291063106445578,0.02465782338375283,0.47202471308013827,0.01291063106445578,0.02465782338375283,0.08996319700842563,0.10524353876739563,0.07715611095332765,0.10524353876739563,False,True,False,2.465782338375283,2.465782338375283
366,balanced,16,96,96,96,-0.558247167985602,-0.011032097552100995,0.018342706535577347,0.558247167985602,0.011032097552100995,0.018342706535577347,0.07828327653128846,0.0770880668370728,0.0805080232888384,0.0805080232888384,False,True,False,1.8342706535577347,1.8342706535577347
367,balanced,16,96,96,96,-0.5603739064147071,-0.01714066684383264,0.017348414486528962,0.5603739064147071,0.01714066684383264,0.017348414486528962,0.10247443907980687,0.08337179305121652,0.10217267821641579,0.10247443907980687,False,True,False,1.7348414486528962,1.7348414486528962
368,balanced,16,96,96,96,-0.2058682581990645,1.7737211688295673e-07,0.014876250765231247,0.2058682581990645,1.7737211688295673e-07,0.014876250765231247,0.07195813215942441,0.059378845971788316,0.08351083972356338,0.08351083972356338,False,True,False,1.4876250765231247,1.4876250765231247
369,balanced,16,96,96,96,0.06808960028391198,0.006045623792826138,0.00025944819761475335,0.06808960028391198,0.006045623792826138,0.00025944819761475335,0.055476663826564424,0.08313511786424312,0.05596184795985989,0.08313511786424312,True,True,True,0.6045623792826138,0.6045623792826138
370,balanced,16,96,96,96,-0.0007175844122713215,-0.006851036301632973,0.009968131165275507,0.0007175844122713215,0.006851036301632973,0.009968131165275507,0.04239740130644703,0.051914702262614784,0.0488763845498438,0.051914702262614784,True,True,True,0.9968131165275507,0.9968131165275507
371,balanced,16,96,96,96,-0.6632730107714764,-0.008077421425661369,0.026051122933570425,0.6632730107714764,0.008077421425661369,0.026051122933570425,0.10137389946038057,0.0947410773454511,0.09548364574458014,0.10137389946038057,False,True,False,2.6051122933570423,2.6051122933570423
372,balanced,16,96,96,96,-0.16233960203430087,-0.0012376515332668259,-0.0013531132468264095,0.16233960203430087,0.0012376515332668259,0.0013531132468264095,0.05722214333049323,0.0635916642999148,0.06246745716179116,0.0635916642999148,True,True,True,0.32467920406860173,0.4542261735708199
373,balanced,16,96,96,96,0.003189490118671756,0.01685661119582127,-0.028393147042076516,0.003189490118671756,0.01685661119582127,0.028393147042076516,0.12124573984663448,0.0896111426678027,0.10432642241787371,0.12124573984663448,False,True,False,2.8393147042076516,2.8393147042076516
374,balanced,16,96,96,96,0.1252775151322325,-0.005803361424686071,0.007081461649022569,0.1252775151322325,0.005803361424686071,0.007081461649022569,0.07906726308813784,0.06454724036731989,0.06400880431695541,0.07906726308813784,True,True,True,0.7081461649022569,0.7081461649022569
375,balanced,16,96,96,96,-0.09108803085587525,-0.0016369151089402623,0.011274798933982033,0.09108803085587525,0.0016369151089402623,0.011274798933982033,0.0509857521537442,0.04410146265265549,0.08004946511407744,0.08004946511407744,False,True,False,1.1274798933982033,1.1274798933982033
376,balanced,16,96,96,96,-0.43978162022527556,-0.010550007734578148,0.017109963582773335,0.43978162022527556,0.010550007734578148,0.017109963582773335,0.062118361261005395,0.07848149200037868,0.06956771277099309,0.07848149200037868,False,True,False,1.7109963582773335,1.7109963582773335
377,balanced,16,96,96,96,-0.04254662406541598,-0.000571983445565527,-0.00354211408246885,0.04254662406541598,0.000571983445565527,0.00354211408246885,0.048438535453943006,0.04744154122881757,0.05537607687210073,0.05537607687210073,True,True,True,0.354211408246885,0.3955434062292909
378,balanced,16,96,96,96,-0.3778173269043066,-0.018224534778675028,0.020707083871533083,0.3778173269043066,0.018224534778675028,0.020707083871533083,0.0696120893685506,0.07095226261478746,0.06268638170974156,0.07095226261478746,False,True,False,2.0707083871533083,2.0707083871533083
379,balanced,16,96,96,96,-0.4526341101735696,-0.005573714041591349,0.015417941385824863,0.4526341101735696,0.005573714041591349,0.015417941385824863,0.06847900691091546,0.053577345451102903,0.0879662501183376,0.0879662501183376,False,True,False,1.5417941385824863,1.5417941385824863
380,balanced,16,96,96,96,-0.12244729610385008,-0.007469003288826048,0.0005950685257778421,0.12244729610385008,0.007469003288826048,0.0005950685257778421,0.0667838208842185,0.05986698854492095,0.061979314588658525,0.0667838208842185,True,True,True,0.7469003288826048,0.7469003288826048
381,balanced,16,96,96,96,-0.0728779774119559,-0.01575586468118506,0.015294790816748172,0.0728779774119559,0.01575586468118506,0.015294790816748172,0.06053263750828363,0.07551713528353687,0.07897555145318565,0.07897555145318565,False,True,False,1.5755864681185061,1.5755864681185061
382,balanced,16,96,96,96,-0.7468138576755834,-0.02305553252635484,0.030760001241484536,0.7468138576755834,0.02305553252635484,0.030760001241484536,0.11732876550222475,0.11025513585155733,0.09993018081984285,0.11732876550222475,False,True,False,3.0760001241484534,3.0760001241484534
383,balanced,16,96,96,96,-0.7078686993528791,-0.02481871987519757,0.03540381289174882,0.7078686993528791,0.02481871987519757,0.03540381289174882,0.1030631686074032,0.11592646501940737,0.08781241124680489,0.11592646501940737,False,True,False,3.540381289174882,3.540381289174882
384,balanced,16,96,96,96,-0.16713245622418427,-0.0018333381800663684,0.013698891315243489,0.16713245622418427,0.0018333381800663684,0.013698891315243489,0.07035761620751681,0.05665412288175708,0.05864515289217079,0.07035761620751681,False,True,False,1.3698891315243489,1.3698891315243489
385,balanced,16,96,96,96,-0.5111463905582809,-0.009812175806741874,0.022795838192981477,0.5111463905582809,0.009812175806741874,0.022795838192981477,0.09888585155732273,0.08839522389472687,0.10620503171447505,0.10620503171447505,False,True,False,2.2795838192981477,2.2795838192981477
386,balanced,16,96,96,96,-0.2714481394698183,0.0017072860634514964,0.006318634924734112,0.2714481394698183,0.0017072860634514964,0.006318634924734112,0.09063772129129982,0.0846823818990817,0.07693126952570292,0.09063772129129982,True,True,True,0.6318634924734112,0.6474122949378558
387,balanced,16,96,96,96,-0.26588861556945886,0.0012327508242127028,0.006469266455875811,0.26588861556945886,0.0012327508242127028,0.006469266455875811,0.05714226545488971,0.075996402537158,0.06484012591119948,0.075996402537158,True,True,True,0.6469266455875811,0.6469266455875811
388,balanced,16,96,96,96,-0.2757264416624565,0.0019901355590609127,1.8510429753593183e-05,0.2757264416624565,0.0019901355590609127,1.8510429753593183e-05,0.07780105083783016,0.06658856385496545,0.07108539240746001,0.07780105083783016,True,True,True,0.551452883324913,0.5557217916987868
389,balanced,16,96,96,96,-0.2114320835679493,-0.005884870776416085,0.007025622302610834,0.2114320835679493,0.005884870776416085,0.007025622302610834,0.0634733267064281,0.07187529584398372,0.06723942061914229,0.07187529584398372,True,True,True,0.7025622302610834,0.7025622302610834
390,balanced,16,96,96,96,-0.49101539862253674,-0.0064563715968343205,0.013472907755158248,0.49101539862253674,0.0064563715968343205,0.013472907755158248,0.08575037868029915,0.05874278140679731,0.09928228249550317,0.09928228249550317,False,True,False,1.3472907755158248,1.3472907755158248
391,balanced,16,96,96,96,0.0001866081148982346,0.008524236069241242,-0.0106600917199563,0.0001866081148982346,0.008524236069241242,0.0106600917199563,0.062319535169932785,0.08239254946511408,0.060130289690428856,0.08239254946511408,False,True,False,1.06600917199563,1.06600917199563
392,balanced,16,96,96,96,-0.6263356895456624,-0.02239838324624399,0.024288329689397425,0.6263356895456624,0.02239838324624399,0.024288329689397425,0.09183884786518981,0.10359272933825618,0.0945872384739184,0.10359272933825618,False,True,False,2.4288329689397425,2.4288329689397425
393,balanced,16,96,96,96,0.3638519603799004,0.01505109616728495,-0.02144401011590502,0.3638519603799004,0.01505109616728495,0.02144401011590502,0.07625378680299158,0.0995426252011739,0.07310304837640821,0.0995426252011739,False,True,False,2.144401011590502,2.144401011590502
394,balanced,16,96,96,96,-0.27509654971065345,-0.009321927293023724,0.01974684272204258,0.27509654971065345,0.009321927293023724,0.01974684272204258,0.08005834043358895,0.06899081700274544,0.10111947363438417,0.10111947363438417,False,True,False,1.974684272204258,1.974684272204258
395,balanced,16,96,96,96,-0.21782528770064147,-0.010037635032217662,0.021336775123396545,0.21782528770064147,0.010037635032217662,0.021336775123396545,0.06574245006153555,0.06945233361734356,0.09180630502698098,0.09180630502698098,False,True,False,2.1336775123396543,2.1336775123396543
396,balanced,16,96,96,96,0.15522407082617562,0.005555558749654299,-0.0037388409975848136,0.15522407082617562,0.005555558749654299,0.0037388409975848136,0.10001005869544637,0.06519513869165956,0.05905637602953706,0.10001005869544637,True,True,True,0.5555558749654299,0.7143575621103311
397,balanced,16,96,96,96,-0.7439656695931944,-0.013514257546644037,0.0173079901973478,0.7439656695931944,0.013514257546644037,0.0173079901973478,0.11990260816056045,0.07797855722806021,0.06313014768531668,0.11990260816056045,False,True,False,1.73079901973478,1.73079901973478
398,balanced,16,96,96,96,0.05357105620606717,0.005971621832369989,-0.003990999495045167,0.05357105620606717,0.005971621832369989,0.003990999495045167,0.08362917731705008,0.07114160276436618,0.06299701789264414,0.08362917731705008,True,True,True,0.5971621832369989,0.5973512665503576
399,balanced,16,96,96,96,-0.7790342014243237,-0.008765934545677201,0.034445015059418604,0.7790342014243237,0.008765934545677201,0.034445015059418604,0.10264011171068825,0.10777892170784815,0.10245964688062104,0.10777892170784815,False,True,False,3.44450150594186,3.44450150594186
0,balanced,20,120,120,120,-0.3707657954305503,-0.009855174162866076,0.011243869726801137,0.3707657954305503,0.009855174162866076,0.011243869726801137,0.07679163116538862,0.0783087191138881,0.07593960049228439,0.0783087191138881,False,True,False,1.1243869726801137,1.1243869726801137
1,balanced,20,120,120,120,-0.3931239308128873,-0.007136815179269229,0.012663066842848514,0.3931239308128873,0.007136815179269229,0.012663066842848514,0.05677364385117864,0.04493278424689955,0.05526128940641863,0.05677364385117864,False,True,False,1.2663066842848514,1.2663066842848514
2,balanced,20,120,120,120,-0.2736430626322708,-0.013078346489748371,0.0230129113320946,0.2736430626322708,0.013078346489748371,0.0230129113320946,0.05999242639401685,0.06902395152892171,0.10767064280980781,0.10767064280980781,False,True,False,2.30129113320946,2.30129113320946
3,balanced,20,120,120,120,-0.35177522711056497,-0.0005054718642244493,0.014651600168341494,0.35177522711056497,0.0005054718642244493,0.014651600168341494,0.06723232036353309,0.054387957966486794,0.05628372621414371,0.06723232036353309,False,True,False,1.4651600168341494,1.4651600168341494
4,balanced,20,120,120,120,-0.22173866244255436,-0.0025550210365464787,0.013615940470193544,0.22173866244255436,0.0025550210365464787,0.013615940470193544,0.053038909400738424,0.057604373757455266,0.049699422512543785,0.057604373757455266,False,True,False,1.3615940470193544,1.3615940470193544
5,balanced,20,120,120,120,-0.5999195795465901,-0.013414451369525238,0.021929095458184056,0.5999195795465901,0.013414451369525238,0.021929095458184056,0.06760390040708132,0.0696298400075736,0.08359130928713433,0.08359130928713433,False,True,False,2.1929095458184054,2.1929095458184054
6,balanced,20,120,120,120,-0.4825841487655822,-0.0068630537776959155,0.012112088149978995,0.4825841487655822,0.0068630537776959155,0.012112088149978995,0.07292672536211303,0.07765076209410206,0.06513064470320931,0.07765076209410206,False,True,False,1.2112088149978995,1.2112088149978995
7,balanced,20,120,120,120,-0.3774276237895151,-0.0009035479415269165,0.011348362877909635,0.3774276237895151,0.0009035479415269165,0.011348362877909635,0.07508756981918016,0.06296506674240272,0.06751633058790116,0.07508756981918016,False,True,False,1.1348362877909635,1.1348362877909635
8,balanced,20,120,120,120,-0.4543381910730986,-0.008684148032348071,0.007760329565598745,0.4543381910730986,0.008684148032348071,0.007760329565598745,0.07420003786802992,0.059625579854208084,0.08755088516519928,0.08755088516519928,True,True,True,0.9086763821461972,0.9086763821461972
9,balanced,20,120,120,120,-0.7068075638224549,-0.014414456873020565,0.021601912058834438,0.7068075638224549,0.014414456873020565,0.021601912058834438,0.07949446180062482,0.1035453943008615,0.08943481965350752,0.1035453943008615,False,True,False,2.160191205883444,2.160191205883444
10,balanced,20,120,120,120,-1.074689537406904,-0.022478403785706647,0.037181413443082734,1.074689537406904,0.022478403785706647,0.037181413443082734,0.1153389188677459,0.08952948972829688,0.08991053677932405,0.1153389188677459,False,True,False,3.718141344308273,3.718141344308273
11,balanced,20,120,120,120,-0.7691812417119763,-0.01797118498770489,0.026638026246124935,0.7691812417119763,0.01797118498770489,0.026638026246124935,0.09255183186594718,0.09527359651614124,0.11216273785856291,0.11216273785856291,False,True,False,2.6638026246124933,2.6638026246124933
12,balanced,20,120,120,120,-0.1927291295141167,-0.0021699713060066017,0.009325689843490026,0.1927291295141167,0.0021699713060066017,0.009325689843490026,0.05226261478746568,0.04270330398561015,0.056335794755277856,0.056335794755277856,True,True,True,0.9325689843490026,0.9325689843490026
13,balanced,20,120,120,120,-0.22254160058595573,0.002345055452107614,0.0017984375257735774,0.22254160058595573,0.002345055452107614,0.0017984375257735774,0.06174618952948973,0.08236059831487266,0.07571949256839913,0.08236059831487266,True,True,True,0.44508320117191147,0.5882899879633761
14,balanced,20,120,120,120,-0.27531419011051383,-0.017676009375731883,0.013816698909992486,0.27531419011051383,0.017676009375731883,0.013816698909992486,0.08634147495976521,0.07514437186405377,0.05699138502319417,0.08634147495976521,False,True,False,1.7676009375731883,1.7676009375731883
15,balanced,20,120,120,120,-0.27520509771603585,-0.009128847607851931,0.01412065524850703,0.27520509771603585,0.009128847607851931,0.01412065524850703,0.061393543500899365,0.06868787276341948,0.07511597084161696,0.07511597084161696,False,True,False,1.412065524850703,1.412065524850703
16,balanced,20,120,120,120,-0.02823568793231601,-0.0031805116821143065,0.0016041236519256374,0.02823568793231601,0.0031805116821143065,0.0016041236519256374,0.08249313641957777,0.08150856764176843,0.08045062955599735,0.08249313641957777,True,True,True,0.31805116821143065,0.5892366887112698
17,balanced,20,120,120,120,-0.7483852606226762,-0.015723204999050666,0.025591434807771707,0.7483852606226762,0.015723204999050666,0.025591434807771707,0.11642762472782353,0.06505017513963836,0.07989444286660986,0.11642762472782353,False,True,False,2.5591434807771707,2.5591434807771707
18,balanced,20,120,120,120,0.3735550581207008,0.019398511311530142,-0.02624126481270367,0.3735550581207008,0.019398511311530142,0.02624126481270367,0.10686358042222853,0.10128041276152608,0.10645413234876455,0.10686358042222853,False,True,False,2.6241264812703666,2.6241264812703666
19,balanced,20,120,120,120,-0.8089893799235419,-0.01923499704786258,0.025528800477528535,0.8089893799235419,0.01923499704786258,0.025528800477528535,0.07516330587901164,0.07448168134052825,0.0785524945564707,0.0785524945564707,False,True,False,2.5528800477528533,2.5528800477528533
20,balanced,20,120,120,120,-0.37557620020800186,-0.01025567043709874,0.008972869306747455,0.37557620020800186,0.01025567043709874,0.008972869306747455,0.07675139638360315,0.06633295465303418,0.07570529205718073,0.07675139638360315,False,True,False,1.025567043709874,1.025567043709874
21,balanced,20,120,120,120,-0.4987825931320451,-0.010825354743878801,0.01394856974725367,0.4987825931320451,0.010825354743878801,0.01394856974725367,0.06117106882514437,0.06700037868029916,0.0721717315156679,0.0721717315156679,False,True,False,1.394856974725367,1.394856974725367
22,balanced,20,120,120,120,-0.04908458205157373,-0.000190804539999756,0.008169578471476258,0.04908458205157373,0.000190804539999756,0.008169578471476258,0.05351699327842469,0.06373426110006628,0.06126810565180346,0.06373426110006628,True,True,True,0.8169578471476258,0.8169578471476258
23,balanced,20,120,120,120,-0.21502758475243056,0.0011548468084325858,-0.0021274154174383275,0.21502758475243056,0.0011548468084325858,0.0021274154174383275,0.05950960901259112,0.04431742876076872,0.051938369781312124,0.05950960901259112,True,True,True,0.4300551695048611,0.4300551695048611
24,balanced,20,120,120,120,-0.6026712875773477,-0.01132705622800323,0.023120745820248312,0.6026712875773477,0.01132705622800323,0.023120745820248312,0.07728391555429329,0.062051500520685414,0.08507762946132727,0.08507762946132727,False,True,False,2.312074582024831,2.312074582024831
25,balanced,20,120,120,120,-0.3435840468813822,-0.0016968723524416474,0.019174152851049397,0.3435840468813822,0.0016968723524416474,0.019174152851049397,0.07272555145318564,0.05403531193789643,0.09238379248319606,0.09238379248319606,False,True,False,1.9174152851049397,1.9174152851049397
26,balanced,20,120,120,120,-0.41958681158325106,-0.013676828904828464,0.01766802664468109,0.41958681158325106,0.013676828904828464,0.01766802664468109,0.06055808009088327,0.07912524850894632,0.09133058790116444,0.09133058790116444,False,True,False,1.766802664468109,1.766802664468109
27,balanced,20,120,120,120,-0.36654273482266575,-0.002834013987463191,0.009744027867857663,0.36654273482266575,0.002834013987463191,0.009744027867857663,0.061739089273880526,0.06557086055097984,0.05741740035974628,0.06557086055097984,True,True,True,0.9744027867857663,0.9744027867857663
28,balanced,20,120,120,120,-0.541734236598991,-0.0011343622097184092,0.0162640279059052,0.541734236598991,0.0011343622097184092,0.0162640279059052,0.08502082741645366,0.08068493799110102,0.08503502792767206,0.08503502792767206,False,True,False,1.6264027905905198,1.6264027905905198
29,balanced,20,120,120,120,-0.5007469873835078,-0.004664286115647398,0.022457661687030395,0.5007469873835078,0.004664286115647398,0.022457661687030395,0.06738379248319606,0.06783584209031525,0.07526034270567074,0.07526034270567074,False,True,False,2.2457661687030392,2.2457661687030392
30,balanced,20,120,120,120,-0.4122633279571737,-0.00661313671755881,0.00499430378520932,0.4122633279571737,0.00661313671755881,0.00499430378520932,0.06313783962889331,0.05566127047240367,0.053431790211114265,0.06313783962889331,True,True,True,0.8245266559143474,0.8245266559143474
31,balanced,20,120,120,120,-0.5910501620381865,-0.01511656606086198,0.030841733163787632,0.5910501620381865,0.01511656606086198,0.030841733163787632,0.07481776010603049,0.09319558837451482,0.10053725267442962,0.10053725267442962,False,True,False,3.084173316378763,3.084173316378763
32,balanced,20,120,120,120,-0.417488692324369,-0.007655598361175353,0.007527065515463116,0.417488692324369,0.007655598361175353,0.007527065515463116,0.09394348196535075,0.07690286850326612,0.0870159992426394,0.09394348196535075,True,True,True,0.834977384648738,0.834977384648738
33,balanced,20,120,120,120,-0.3443003516604115,-0.0029622838039008448,0.003932243358288512,0.3443003516604115,0.0029622838039008448,0.003932243358288512,0.07321783584209031,0.05079522862823062,0.07189482154690902,0.07321783584209031,True,True,True,0.688600703320823,0.688600703320823
34,balanced,20,120,120,120,-0.07444015157318518,0.0050564347318000635,0.003201035896881921,0.07444015157318518,0.0050564347318000635,0.003201035896881921,0.06406797311369876,0.07049607119189624,0.05661980497964594,0.07049607119189624,True,True,True,0.5056434731800064,0.5056434731800064
35,balanced,20,120,120,120,-0.8894201260020296,-0.031808832425754274,0.03941627389062907,0.8894201260020296,0.031808832425754274,0.03941627389062907,0.14448783489538958,0.12734308435103664,0.12013869165956641,0.14448783489538958,False,False,False,3.941627389062907,3.941627389062907
36,balanced,20,120,120,120,-0.047783349077906934,0.003273318818329596,-0.0003362945691308128,0.047783349077906934,0.003273318818329596,0.0003362945691308128,0.07498343273691187,0.0698523146833286,0.05648253337120136,0.07498343273691187,True,True,True,0.3273318818329596,0.535595948120799
37,balanced,20,120,120,120,-0.05383672130201944,-0.004162834971031315,0.005798050937498411,0.05383672130201944,0.004162834971031315,0.005798050937498411,0.04834327369118622,0.055318091451292246,0.059862255041181485,0.059862255041181485,True,True,True,0.5798050937498411,0.5798050937498411
38,balanced,20,120,120,120,-0.7093891045659362,-0.020907778803389232,0.031567233232105196,0.7093891045659362,0.020907778803389232,0.031567233232105196,0.1302731231657673,0.10365899839060873,0.11865710498911294,0.1302731231657673,False,True,False,3.1567233232105196,3.1567233232105196
39,balanced,20,120,120,120,-1.0066138010432297,-0.02911920660623013,0.041316321606381934,1.0066138010432297,0.02911920660623013,0.041316321606381934,0.08107781880147685,0.09034838587522484,0.09920477137176939,0.09920477137176939,False,True,False,4.131632160638193,4.131632160638193
40,balanced,20,120,120,120,-0.8364701252390994,-0.019492257027706517,0.03208805203680637,0.8364701252390994,0.019492257027706517,0.03208805203680637,0.08462321310233835,0.0626147874656821,0.08544684275300578,0.08544684275300578,False,True,False,3.2088052036806367,3.2088052036806367
41,balanced,20,120,120,120,-0.43010742477677866,-0.003678132731597672,0.00661311716705032,0.43010742477677866,0.003678132731597672,0.00661311716705032,0.0658880053015242,0.06482770046388336,0.08250733693079618,0.08250733693079618,True,True,True,0.8602148495535573,0.8602148495535573
42,balanced,20,120,120,120,-0.642563945175219,-0.01567548725891188,0.02937857017163853,0.642563945175219,0.01567548725891188,0.02937857017163853,0.10818422796554009,0.08790116444191991,0.08324576351415318,0.10818422796554009,False,True,False,2.9378570171638527,2.9378570171638527
43,balanced,20,120,120,120,0.011272877334604914,0.012268140525737214,-0.0062633052568200065,0.011272877334604914,0.012268140525737214,0.0062633052568200065,0.08020685411341474,0.08965492757739278,0.07425683991290354,0.08965492757739278,False,True,False,1.2268140525737214,1.2268140525737214
44,balanced,20,120,120,120,-0.09183149151106562,0.003923782816647181,0.007707232568357203,0.09183149151106562,0.003923782816647181,0.007707232568357203,0.0558861119000284,0.05592634668181388,0.050115970841616966,0.05592634668181388,True,True,True,0.7707232568357203,0.7707232568357203
45,balanced,20,120,120,120,-0.5408064664611381,-0.02141171558586885,0.022422933351192886,0.5408064664611381,0.02141171558586885,0.022422933351192886,0.07563192274921897,0.08071807251727729,0.0792554198617817,0.08071807251727729,False,True,False,2.2422933351192884,2.2422933351192884
46,balanced,20,120,120,120,-0.22824436636859957,0.00034553419661398355,0.0003907158250054943,0.22824436636859957,0.00034553419661398355,0.0003907158250054943,0.06570576540755467,0.05603521726782164,0.047557512070434536,0.06570576540755467,True,True,True,0.45648873273719914,0.4693268957682476
47,balanced,20,120,120,120,-0.3026253920008628,-0.006334877027950325,0.018772042253309584,0.3026253920008628,0.006334877027950325,0.018772042253309584,0.06258401969137556,0.06230000946700748,0.06865237148537347,0.06865237148537347,False,True,False,1.8772042253309584,1.8772042253309584
48,balanced,20,120,120,120,0.16802992212676315,0.004974289100486695,-0.0007961446208815115,0.16802992212676315,0.004974289100486695,0.0007961446208815115,0.0958345167092682,0.07532424500615356,0.0535453943008615,0.0958345167092682,True,True,True,0.4974289100486695,0.6845322622090585
49,balanced,20,120,120,120,0.08950666773218785,0.010329600906490155,-0.010083804289555132,0.08950666773218785,0.010329600906490155,0.010083804289555132,0.0807393732841049,0.08126005869544636,0.08353924074600019,0.08353924074600019,False,True,False,1.0329600906490155,1.0329600906490155
50,balanced,20,120,120,120,-0.3495589158147361,-0.006988136359931341,0.00948060566802289,0.3495589158147361,0.006988136359931341,0.00948060566802289,0.06708084824387012,0.057926252011739086,0.043950582220959954,0.06708084824387012,True,True,True,0.948060566802289,0.948060566802289
51,balanced,20,120,120,120,-0.07265981646475694,0.00710413591178205,-0.005727736879195311,0.07265981646475694,0.00710413591178205,0.005727736879195311,0.06518271324434347,0.07113272744485469,0.08656631638738994,0.08656631638738994,True,True,True,0.710413591178205,0.710413591178205
52,balanced,20,120,120,120,-0.752348405242941,-0.0216461093613316,0.03500140770891724,0.752348405242941,0.0216461093613316,0.03500140770891724,0.07765549559784152,0.07840338918867745,0.08386821925589322,0.08386821925589322,False,True,False,3.5001407708917243,3.5001407708917243
53,balanced,20,120,120,120,-0.808472671231609,-0.017189334470908757,0.028481939425015368,0.808472671231609,0.017189334470908757,0.028481939425015368,0.07436807725078103,0.10402347817854776,0.07042506863580422,0.10402347817854776,False,True,False,2.8481939425015366,2.8481939425015366
54,balanced,20,120,120,120,-0.37891948831176947,-0.010589324324211336,0.01210811658694777,0.37891948831176947,0.010589324324211336,0.01210811658694777,0.05746236864527123,0.07074221338634858,0.057554671968190856,0.07074221338634858,False,True,False,1.210811658694777,1.210811658694777
55,balanced,20,120,120,120,-0.31238498501082645,-0.0021278487035440996,0.011393556764914659,0.31238498501082645,0.0021278487035440996,0.011393556764914659,0.07482486036163968,0.0769715043074884,0.06931032850515952,0.0769715043074884,False,True,False,1.1393556764914659,1.1393556764914659
56,balanced,20,120,120,120,-0.33431577495829856,-0.00352448760358548,0.014170145419681146,0.33431577495829856,0.00352448760358548,0.014170145419681146,0.08330966581463599,0.06492473729054246,0.07572422607213859,0.08330966581463599,False,True,False,1.4170145419681146,1.4170145419681146
57,balanced,20,120,120,120,-0.051581619303391335,0.008276975761968175,-0.011553301951592487,0.051581619303391335,0.008276975761968175,0.011553301951592487,0.06805121651046105,0.06049891129413992,0.071859320268863,0.071859320268863,False,True,False,1.1553301951592487,1.1553301951592487
58,balanced,20,120,120,120,-0.5867700160751461,-0.012331056732814205,0.026436716246052983,0.5867700160751461,0.012331056732814205,0.026436716246052983,0.08833191328221149,0.0844457067121083,0.09342989680961848,0.09342989680961848,False,True,False,2.643671624605298,2.643671624605298
59,balanced,20,120,120,120,-0.010013196985852346,0.0032875891636999777,-0.00662164816390054,0.010013196985852346,0.0032875891636999777,0.00662164816390054,0.07918915080942913,0.08286708321499574,0.09185127331250592,0.09185127331250592,True,True,True,0.662164816390054,0.662164816390054
60,balanced,20,120,120,120,-0.7705153446604633,-0.012410780180375891,0.0419272116285504,0.7705153446604633,0.012410780180375891,0.0419272116285504,0.09462037300009467,0.05966581463599356,0.08839108207895484,0.09462037300009467,False,True,False,4.192721162855039,4.192721162855039
61,balanced,20,120,120,120,-0.6390428047587342,-0.011062625188510533,0.017683372574492262,0.6390428047587342,0.011062625188510533,0.017683372574492262,0.0806565369686642,0.0958203161980498,0.11750213007668275,0.11750213007668275,False,True,False,1.7683372574492262,1.7683372574492262
62,balanced,20,120,120,120,-0.6939089200109194,-0.022838041324299008,0.025034380197469674,0.6939089200109194,0.022838041324299008,0.025034380197469674,0.08642667802707564,0.0841948310139165,0.08952948972829688,0.08952948972829688,False,True,False,2.5034380197469672,2.5034380197469672
63,balanced,20,120,120,120,-0.1408733110835385,0.0005524941892611768,0.0042660737931173864,0.1408733110835385,0.0005524941892611768,0.0042660737931173864,0.08117722238000569,0.07926488686926063,0.07377165577960806,0.08117722238000569,True,True,True,0.42660737931173864,0.5798373027143263
64,balanced,20,120,120,120,-0.910087750475558,-0.023796824255467697,0.03619901906320905,0.910087750475558,0.023796824255467697,0.03619901906320905,0.09912430180819842,0.09271513774495882,0.11376739562624255,0.11376739562624255,False,True,False,3.6199019063209046,3.6199019063209046
65,balanced,20,120,120,120,-0.7648865124791584,-0.02872912872719835,0.03492092312246009,0.7648865124791584,0.02872912872719835,0.03492092312246009,0.08691896241598031,0.09373520780081417,0.105168986083499,0.105168986083499,False,True,False,3.492092312246009,3.492092312246009
66,balanced,20,120,120,120,-0.36409512174229874,-0.009355125465870806,0.008607071069324679,0.36409512174229874,0.009355125465870806,0.008607071069324679,0.08451670926820032,0.08186358042222854,0.0747349237905898,0.08451670926820032,True,True,True,0.9355125465870806,0.9355125465870806
67,balanced,20,120,120,120,-0.7306146285146724,-0.018994215765476996,0.03442906047149952,0.7306146285146724,0.018994215765476996,0.03442906047149952,0.13137602953706334,0.09053299252106409,0.11261005396194262,0.13137602953706334,False,True,False,3.4429060471499517,3.4429060471499517
68,balanced,20,120,120,120,-0.6360926212082418,-0.012582741815727827,0.023462728338881522,0.6360926212082418,0.012582741815727827,0.023462728338881522,0.09442629934677649,0.08982060020827416,0.07050080469563572,0.09442629934677649,False,True,False,2.346272833888152,2.346272833888152
69,balanced,20,120,120,120,-0.6570508540878421,-0.014316162356616036,0.023139796799614587,0.6570508540878421,0.014316162356616036,0.023139796799614587,0.08935435008993657,0.07022389472687683,0.08392502130076683,0.08935435008993657,False,True,False,2.3139796799614585,2.3139796799614585
70,balanced,20,120,120,120,-0.8592418810933538,-0.024504065899929373,0.033405749769204796,0.8592418810933538,0.024504065899929373,0.033405749769204796,0.09400501751396384,0.09289737763892833,0.10526838966202784,0.10526838966202784,False,True,False,3.3405749769204793,3.3405749769204793
71,balanced,20,120,120,120,-0.1727382879664745,-0.010796570170800934,0.00984047631665469,0.1727382879664745,0.010796570170800934,0.00984047631665469,0.06438511786424311,0.06485610148632018,0.04855391460759254,0.06485610148632018,False,True,False,1.0796570170800934,1.0796570170800934
72,balanced,20,120,120,120,-0.08273835790254225,-0.00398478968827054,0.012017557760024389,0.08273835790254225,0.00398478968827054,0.012017557760024389,0.061095332765312885,0.05560210167566032,0.06491290353119379,0.06491290353119379,False,True,False,1.2017557760024389,1.2017557760024389
73,balanced,20,120,120,120,-0.40910432946784425,-0.008573468664170303,0.009429419651572457,0.40910432946784425,0.008573468664170303,0.009429419651572457,0.09445706712108302,0.08841001609391272,0.058740414654927575,0.09445706712108302,True,True,True,0.9429419651572457,0.9429419651572457
74,balanced,20,120,120,120,-0.8731421531448724,-0.016443634916227023,0.035808901789232295,0.8731421531448724,0.016443634916227023,0.035808901789232295,0.09218971882987788,0.08426583357000852,0.0854965445422702,0.09218971882987788,False,True,False,3.5808901789232293,3.5808901789232293
75,balanced,20,120,120,120,-0.9427121302693742,-0.024287539237619726,0.026810650486443377,0.9427121302693742,0.024287539237619726,0.026810650486443377,0.13103048376408216,0.09846634478841239,0.10168039382751112,0.13103048376408216,False,True,False,2.6810650486443377,2.6810650486443377
76,balanced,20,120,120,120,-0.15574302486678349,-0.00025701971240910115,-0.0028985472185473204,0.15574302486678349,0.00025701971240910115,0.0028985472185473204,0.05055855344125722,0.05648253337120136,0.07285808955789075,0.07285808955789075,True,True,True,0.31148604973356697,0.5204149254135053
77,balanced,20,120,120,120,-0.49250608893333947,-0.006386379538855236,0.012688104487900143,0.49250608893333947,0.006386379538855236,0.012688104487900143,0.06904761904761905,0.0682926252011739,0.06406087285808956,0.06904761904761905,False,True,False,1.2688104487900143,1.2688104487900143
78,balanced,20,120,120,120,-0.8672651272227441,-0.03039708722520007,0.03619962762042289,0.8672651272227441,0.03039708722520007,0.03619962762042289,0.08237243207422133,0.12545914986272838,0.10444239325949067,0.12545914986272838,False,True,False,3.619962762042289,3.619962762042289
79,balanced,20,120,120,120,-0.09118986737824741,0.013425375631569869,-0.014499484105712113,0.09118986737824741,0.013425375631569869,0.014499484105712113,0.0432500236675187,0.061800624822493606,0.08830351225977469,0.08830351225977469,False,True,False,1.4499484105712113,1.4499484105712113
80,balanced,20,120,120,120,-0.42368736477795466,-0.0044051156827619176,0.021418864052687392,0.42368736477795466,0.0044051156827619176,0.021418864052687392,0.06102906371296033,0.05204960711918962,0.08208842184985327,0.08208842184985327,False,True,False,2.141886405268739,2.141886405268739
81,balanced,20,120,120,120,0.005172222732515053,0.0036729664714324484,-0.004864498175735921,0.005172222732515053,0.0036729664714324484,0.004864498175735921,0.06329877875603522,0.06602054340622929,0.08626810565180347,0.08626810565180347,True,True,True,0.48644981757359207,0.616200754655739
82,balanced,20,120,120,120,-0.5652626893133501,-0.011246457337221627,0.01857163265590278,0.5652626893133501,0.011246457337221627,0.01857163265590278,0.09346539808766449,0.08522200132538105,0.09042412193505633,0.09346539808766449,False,True,False,1.8571632655902781,1.8571632655902781
83,balanced,20,120,120,120,-0.017543115338639836,0.007501163940746625,-0.00023783185586884192,0.017543115338639836,0.007501163940746625,0.00023783185586884192,0.048454511029063715,0.09478841238284579,0.048099498248603614,0.09478841238284579,True,True,True,0.7501163940746625,0.7501163940746625
84,balanced,20,120,120,120,-0.6145986975440714,-0.009891485312462756,0.023104910697732295,0.6145986975440714,0.009891485312462756,0.023104910697732295,0.100773927861403,0.09310565180346493,0.10226261478746568,0.10226261478746568,False,True,False,2.3104910697732293,2.3104910697732293
85,balanced,20,120,120,120,-0.3736856600850622,-0.010428176709891046,0.020056549667014978,0.3736856600850622,0.010428176709891046,0.020056549667014978,0.0732864716463126,0.07622361071665247,0.06863817097415507,0.07622361071665247,False,True,False,2.005654966701498,2.005654966701498
86,balanced,20,120,120,120,-1.0098252993037775,-0.02457104289420564,0.032391605019513936,1.0098252993037775,0.02457104289420564,0.032391605019513936,0.12266164915270283,0.11604657767679637,0.09724036731989018,0.12266164915270283,False,True,False,3.2391605019513934,3.2391605019513934
87,balanced,20,120,120,120,-0.7036670030365428,-0.012942759085576738,0.02499572078008916,0.7036670030365428,0.012942759085576738,0.02499572078008916,0.08023998863959103,0.06830682571239231,0.08486225504118149,0.08486225504118149,False,True,False,2.499572078008916,2.499572078008916
88,balanced,20,120,120,120,-0.03730695060987088,0.005208875473458496,0.0008370142019732962,0.03730695060987088,0.005208875473458496,0.0008370142019732962,0.045957587806494365,0.06635188866799205,0.04853498059263467,0.06635188866799205,True,True,True,0.5208875473458496,0.5208875473458496
89,balanced,20,120,120,120,-0.4833072246322523,-0.012021041054408266,0.02416540640959569,0.4833072246322523,0.012021041054408266,0.02416540640959569,0.07676323014295182,0.07366515194547003,0.07410773454511028,0.07676323014295182,False,True,False,2.416540640959569,2.416540640959569
90,balanced,20,120,120,120,0.051998076716053276,0.004349652043103225,-0.00710572455456443,0.051998076716053276,0.004349652043103225,0.00710572455456443,0.05553346587143804,0.08284578244816813,0.06608207895484237,0.08284578244816813,True,True,True,0.710572455456443,0.710572455456443
91,balanced,20,120,120,120,-0.5741427402903696,-0.006573408980052653,0.016192115553910202,0.5741427402903696,0.006573408980052653,0.016192115553910202,0.07958913187541418,0.08915554293287892,0.0769502035406608,0.08915554293287892,False,True,False,1.6192115553910202,1.6192115553910202
92,balanced,20,120,120,120,-0.5807970942268277,-0.013884437222163815,0.02470514748488334,0.5807970942268277,0.013884437222163815,0.02470514748488334,0.08093108018555335,0.06753763135472877,0.08699233172394207,0.08699233172394207,False,True,False,2.4705147484883336,2.4705147484883336
93,balanced,20,120,120,120,-0.5914091369718584,-0.012778572876136485,0.02255593260992983,0.5914091369718584,0.012778572876136485,0.02255593260992983,0.06712108302565559,0.06588090504591498,0.0667731705008047,0.06712108302565559,False,True,False,2.255593260992983,2.255593260992983
94,balanced,20,120,120,120,0.3248862682570923,0.015112330378213579,-0.010239887402758718,0.3248862682570923,0.015112330378213579,0.010239887402758718,0.07718687872763419,0.06419104421092493,0.07959149862728392,0.07959149862728392,False,True,False,1.5112330378213579,1.5112330378213579
95,balanced,20,120,120,120,-0.5914572697092737,-0.009107735891025204,0.0193554831568839,0.5914572697092737,0.009107735891025204,0.0193554831568839,0.0759751017703304,0.0732793713907034,0.08150146738615924,0.08150146738615924,False,True,False,1.9355483156883901,1.9355483156883901
96,balanced,20,120,120,120,-0.5979508937606646,-0.014953642228127673,0.027222360629532538,0.5979508937606646,0.014953642228127673,0.027222360629532538,0.06283962889330683,0.1105533465871438,0.0879769005017514,0.1105533465871438,False,True,False,2.722236062953254,2.722236062953254
97,balanced,20,120,120,120,-0.27899466963704,0.0007470442465139504,0.011538259209388557,0.27899466963704,0.0007470442465139504,0.011538259209388557,0.061677553725267446,0.06832102622361072,0.05837356811511881,0.06832102622361072,False,True,False,1.1538259209388557,1.1538259209388557
98,balanced,20,120,120,120,-0.5036715886205201,-0.02143114396818635,0.013047530492091453,0.5036715886205201,0.02143114396818635,0.013047530492091453,0.08409069393164821,0.10976285146265266,0.0779608065890372,0.10976285146265266,False,True,False,2.143114396818635,2.143114396818635
99,balanced,20,120,120,120,0.04361879217524134,0.0019915032993944592,-0.00886831309403563,0.04361879217524134,0.0019915032993944592,0.00886831309403563,0.08277714664394585,0.05642573132632775,0.08303985610148631,0.08303985610148631,True,True,True,0.8868313094035629,0.8868313094035629
100,balanced,20,120,120,120,-0.405306468527467,-0.003545599817118106,0.01110931531458531,0.405306468527467,0.003545599817118106,0.01110931531458531,0.06700511218403862,0.05384360503644798,0.056181955883745145,0.06700511218403862,False,True,False,1.110931531458531,1.110931531458531
101,balanced,20,120,120,120,-0.7420610886027141,-0.01952894865361987,0.028929865846975822,0.7420610886027141,0.01952894865361987,0.028929865846975822,0.08513206475433116,0.08405282590173246,0.08556991385023194,0.08556991385023194,False,True,False,2.892986584697582,2.892986584697582
102,balanced,20,120,120,120,-0.5076850395609931,-0.00574657011914359,0.020611521498555163,0.5076850395609931,0.00574657011914359,0.020611521498555163,0.09627709930890846,0.06428098078197482,0.06881804411625485,0.09627709930890846,False,True,False,2.0611521498555163,2.0611521498555163
103,balanced,20,120,120,120,-0.47718980920413756,-0.002391939499855944,0.008260474219863034,0.47718980920413756,0.002391939499855944,0.008260474219863034,0.09507242260721387,0.07138123639117674,0.08141863107071855,0.09507242260721387,True,True,True,0.9543796184082751,0.9543796184082751
104,balanced,20,120,120,120,-0.29084613136549464,0.002127242819586428,-0.0068061417999925045,0.29084613136549464,0.002127242819586428,0.0068061417999925045,0.09537773359840954,0.08583262330777242,0.07125106503834137,0.09537773359840954,True,True,True,0.6806141799992504,0.6812695257029252
105,balanced,20,120,120,120,-0.003453944246953,0.006366498382011199,0.0007683149749479479,0.003453944246953,0.006366498382011199,0.0007683149749479479,0.08183517939979172,0.06924169270093723,0.06290353119378965,0.08183517939979172,True,True,True,0.6366498382011199,0.6366498382011199
106,balanced,20,120,120,120,-0.47935814670820776,-0.010902592181048165,0.01617579313237899,0.47935814670820776,0.010902592181048165,0.01617579313237899,0.07790637129603332,0.07311843226356149,0.08831061251538389,0.08831061251538389,False,True,False,1.617579313237899,1.617579313237899
107,balanced,20,120,120,120,0.27810408460994296,0.011260700336216956,-0.01332525425658182,0.27810408460994296,0.011260700336216956,0.01332525425658182,0.08496639212344978,0.06875650856764177,0.06622881757076587,0.08496639212344978,False,True,False,1.332525425658182,1.332525425658182
108,balanced,20,120,120,120,-0.20284310392634453,-0.006514873493593143,0.012011834969068103,0.20284310392634453,0.006514873493593143,0.012011834969068103,0.07040140111710688,0.0678666098646218,0.0779395058222096,0.0779395058222096,False,True,False,1.2011834969068103,1.2011834969068103
109,balanced,20,120,120,120,-0.3109939874420746,-0.016913653551420493,0.0163507117789925,0.3109939874420746,0.016913653551420493,0.0163507117789925,0.05764224178737101,0.07415270283063524,0.09613982770046388,0.09613982770046388,False,True,False,1.6913653551420493,1.6913653551420493
110,balanced,20,120,120,120,-0.5913651368230539,-0.017708792178710797,0.023474908175512565,0.5913651368230539,0.017708792178710797,0.023474908175512565,0.07108775915932973,0.07962226640159045,0.0818612136703588,0.0818612136703588,False,True,False,2.3474908175512565,2.3474908175512565
111,balanced,20,120,120,120,-1.458564136545828,-0.036958893278123184,0.061131171158149034,1.458564136545828,0.036958893278123184,0.061131171158149034,0.1306068351793998,0.1370633342800341,0.14523099498248604,0.14523099498248604,False,False,False,6.113117115814903,6.113117115814903
112,balanced,20,120,120,120,-0.8600835145721568,-0.012829613575221055,0.025031213204010694,0.8600835145721568,0.012829613575221055,0.025031213204010694,0.10527548991763704,0.08523620183659945,0.09519549370444003,0.10527548991763704,False,True,False,2.5031213204010694,2.5031213204010694
113,balanced,20,120,120,120,-1.1545777858505488,-0.02731475521016269,0.03354792149980296,1.1545777858505488,0.02731475521016269,0.03354792149980296,0.12122266401590458,0.1184795985988829,0.11820268863012402,0.12122266401590458,False,True,False,3.3547921499802955,3.3547921499802955
114,balanced,20,120,120,120,-0.21398746780653255,-0.0009764464089090374,-0.0015354081156904176,0.21398746780653255,0.0009764464089090374,0.0015354081156904176,0.039271513774495885,0.04475291110479977,0.051195209694215656,0.051195209694215656,True,True,True,0.4279749356130651,0.4279749356130651
115,balanced,20,120,120,120,-0.9025898596852677,-0.02577029703943101,0.03928389312321379,0.9025898596852677,0.02577029703943101,0.03928389312321379,0.08371911388809997,0.07802470888952003,0.10262709457540471,0.10262709457540471,False,True,False,3.9283893123213787,3.9283893123213787
116,balanced,20,120,120,120,-0.263908670466126,0.007282210996864991,0.0007270253473962707,0.263908670466126,0.007282210996864991,0.0007270253473962707,0.08422559878822304,0.08004828173814257,0.07964593392028779,0.08422559878822304,True,True,True,0.7282210996864991,0.7282210996864991
117,balanced,20,120,120,120,-0.10007203233340434,0.002087797583260942,0.010297067049835795,0.10007203233340434,0.002087797583260942,0.010297067049835795,0.056454132348764556,0.07814304648300673,0.05287560352172678,0.07814304648300673,False,True,False,1.0297067049835795,1.0297067049835795
118,balanced,20,120,120,120,-0.4147927543729111,-0.013461098833760787,0.01815264239529213,0.4147927543729111,0.013461098833760787,0.01815264239529213,0.05786708321499574,0.061237337877496925,0.05855817476095806,0.061237337877496925,False,True,False,1.815264239529213,1.815264239529213
119,balanced,20,120,120,120,-0.982566553474431,-0.022153179733833128,0.028259701271796667,0.982566553474431,0.022153179733833128,0.028259701271796667,0.09674098267537631,0.09779418725740793,0.11141247751585724,0.11141247751585724,False,True,False,2.8259701271796667,2.8259701271796667
120,balanced,20,120,120,120,0.5273363370487978,0.015565209946154401,-0.018347335492626626,0.5273363370487978,0.015565209946154401,0.018347335492626626,0.083122692416927,0.05767064280980782,0.07116112846729149,0.083122692416927,False,True,False,1.8347335492626626,1.8347335492626626
121,balanced,20,120,120,120,-0.6093799333979497,-0.013318973917643806,0.02815304956331305,0.6093799333979497,0.013318973917643806,0.02815304956331305,0.10812269241692701,0.10291347155164253,0.10210167566032377,0.10812269241692701,False,True,False,2.8153049563313046,2.8153049563313046
122,balanced,20,120,120,120,-0.5237575114975108,-0.02067693063505671,0.027122948122465962,0.5237575114975108,0.02067693063505671,0.027122948122465962,0.09048329073179968,0.08611900028401022,0.08043169554103947,0.09048329073179968,False,True,False,2.712294812246596,2.712294812246596
123,balanced,20,120,120,120,-0.13072784952415617,0.002290828139701495,0.005495952835872175,0.13072784952415617,0.002290828139701495,0.005495952835872175,0.08421849853261384,0.06633295465303418,0.07682003218782543,0.08421849853261384,True,True,True,0.5495952835872175,0.6015607038043845
124,balanced,20,120,120,120,0.049831678349764985,-0.002667218087992529,0.004032205190454274,0.049831678349764985,0.002667218087992529,0.004032205190454274,0.05605888478651898,0.05987882230426962,0.05668134052825902,0.05987882230426962,True,True,True,0.40322051904542744,0.4277058736019258
125,balanced,20,120,120,120,-1.0176899891306768,-0.032670005052170326,0.03303923068810943,1.0176899891306768,0.032670005052170326,0.03303923068810943,0.10305310991195683,0.10582220959954558,0.09640253715800436,0.10582220959954558,False,True,False,3.3039230688109433,3.3039230688109433
126,balanced,20,120,120,120,-0.45168381345374087,-0.010474412777901287,0.03078693405036581,0.45168381345374087,0.010474412777901287,0.03078693405036581,0.0757100255609202,0.06340054908643378,0.0840551926536022,0.0840551926536022,False,True,False,3.078693405036581,3.078693405036581
127,balanced,20,120,120,120,-0.3405117890446938,-0.0077118497479766734,0.013966165100479266,0.3405117890446938,0.0077118497479766734,0.013966165100479266,0.05606361829025845,0.05898655684937991,0.09895626242544732,0.09895626242544732,False,True,False,1.3966165100479266,1.3966165100479266
128,balanced,20,120,120,120,-1.1129896185010324,-0.04001426263539121,0.042843271657768967,1.1129896185010324,0.04001426263539121,0.042843271657768967,0.11092729338256177,0.11420287797027359,0.1291867840575594,0.1291867840575594,False,True,False,4.284327165776896,4.284327165776896
129,balanced,20,120,120,120,-0.8806103250592976,-0.021746617445231653,0.029021233496511145,0.8806103250592976,0.021746617445231653,0.029021233496511145,0.09052589226545489,0.08512496449872195,0.09018744674808293,0.09052589226545489,False,True,False,2.9021233496511143,2.9021233496511143
130,balanced,20,120,120,120,-0.18984756680424653,-0.002403622755289825,0.012585210697049098,0.18984756680424653,0.002403622755289825,0.012585210697049098,0.060678784436239704,0.05028874372810754,0.06250118337593487,0.06250118337593487,False,True,False,1.2585210697049098,1.2585210697049098
131,balanced,20,120,120,120,0.030045741676303805,0.001852212708313039,-0.0007007551479399354,0.030045741676303805,0.001852212708313039,0.0007007551479399354,0.056217457161791155,0.07174808293098552,0.047067594433399605,0.07174808293098552,True,True,True,0.1852212708313039,0.5124863066498965
132,balanced,20,120,120,120,-0.257245538752251,-0.0011897967645337904,0.0039009949713389447,0.257245538752251,0.0011897967645337904,0.0039009949713389447,0.07098835558080091,0.06329641200416548,0.07640348385875224,0.07640348385875224,True,True,True,0.514491077504502,0.5457391704196588
133,balanced,20,120,120,120,-0.04003071598305752,0.002907372128088559,0.007333525260234175,0.04003071598305752,0.002907372128088559,0.007333525260234175,0.04322635614882136,0.04407128656631639,0.059436239704629364,0.059436239704629364,True,True,True,0.7333525260234175,0.7333525260234175
134,balanced,20,120,120,120,-0.3206665854860766,-0.010224552590530345,0.01747212806338505,0.3206665854860766,0.010224552590530345,0.01747212806338505,0.07176228344220392,0.07923648584682381,0.07431127520590741,0.07923648584682381,False,True,False,1.747212806338505,1.747212806338505
135,balanced,20,120,120,120,-0.5357325535227915,-0.014203630774101805,0.01441879268357582,0.5357325535227915,0.014203630774101805,0.01441879268357582,0.083087191138881,0.0697126763230143,0.059923790589794565,0.083087191138881,False,True,False,1.441879268357582,1.441879268357582
136,balanced,20,120,120,120,0.03969311106104456,0.004245235757151522,-0.002785072765057739,0.03969311106104456,0.004245235757151522,0.002785072765057739,0.05792861876360882,0.0571191896241598,0.06556376029537063,0.06556376029537063,True,True,True,0.4245235757151522,0.4683125735383616
137,balanced,20,120,120,120,-0.13575823120378772,-0.007570187388739269,0.004385297393991905,0.13575823120378772,0.007570187388739269,0.004385297393991905,0.04430322824955032,0.05592397992994414,0.04388667992047714,0.05592397992994414,True,True,True,0.7570187388739269,0.7570187388739269
138,balanced,20,120,120,120,-0.21448193204498267,-0.0014259960640283786,0.008402830724859311,0.21448193204498267,0.0014259960640283786,0.008402830724859311,0.05410631449398845,0.06182192558932122,0.05794045252295749,0.06182192558932122,True,True,True,0.8402830724859311,0.8402830724859311
139,balanced,20,120,120,120,-0.617127257705711,-0.013635384181024057,0.01689113874231174,0.617127257705711,0.013635384181024057,0.01689113874231174,0.08373331439931837,0.07726261478746568,0.0872455741740036,0.0872455741740036,False,True,False,1.689113874231174,1.689113874231174
140,balanced,20,120,120,120,-0.1594847700208355,0.0004570795706101416,-4.471147190104885e-05,0.1594847700208355,0.0004570795706101416,4.471147190104885e-05,0.039404051879200985,0.04598362207706144,0.042239420619142286,0.04598362207706144,True,True,True,0.318969540041671,0.3284544434075817
141,balanced,20,120,120,120,-0.5557868223597424,-0.012209477661928592,0.024680094504052452,0.5557868223597424,0.012209477661928592,0.024680094504052452,0.06940736533181861,0.06626195209694216,0.07667092682003218,0.07667092682003218,False,True,False,2.468009450405245,2.468009450405245
142,balanced,20,120,120,120,-0.1403531214803131,0.0030961281171629773,0.008685519008531706,0.1403531214803131,0.0030961281171629773,0.008685519008531706,0.06896478273217836,0.06108823250970368,0.06034507242260721,0.06896478273217836,True,True,True,0.8685519008531706,0.8685519008531706
143,balanced,20,120,120,120,-0.5362096887041865,-0.01754078406977777,0.024520260892753,0.5362096887041865,0.01754078406977777,0.024520260892753,0.08442913944902017,0.0764839534223232,0.05569913850231942,0.08442913944902017,False,True,False,2.4520260892752996,2.4520260892752996
144,balanced,20,120,120,120,-0.6447556238581598,-0.018910354513805183,0.02280024900654387,0.6447556238581598,0.018910354513805183,0.02280024900654387,0.08527880337025466,0.0770543406229291,0.0702215279750071,0.08527880337025466,False,True,False,2.280024900654387,2.280024900654387
145,balanced,20,120,120,120,-0.07161689015326189,0.0038067553054477177,0.0008256150309678967,0.07161689015326189,0.0038067553054477177,0.0008256150309678967,0.0722001325381047,0.075996402537158,0.06440641863107072,0.075996402537158,True,True,True,0.38067553054477177,0.5428314466939856
146,balanced,20,120,120,120,0.31788801538846556,0.014685443650801044,-0.01934919445222183,0.31788801538846556,0.014685443650801044,0.01934919445222183,0.10162595853450725,0.0768815677364385,0.07558695446369403,0.10162595853450725,False,True,False,1.934919445222183,1.934919445222183
147,balanced,20,120,120,120,-0.45644710671997046,-0.0027465824175687548,0.0042529601193414535,0.45644710671997046,0.0027465824175687548,0.0042529601193414535,0.09760721385969895,0.0760721385969895,0.08623260437375746,0.09760721385969895,True,True,True,0.9128942134399409,0.9128942134399409
148,balanced,20,120,120,120,-0.6776362241516196,-0.01671963720409142,0.037682138466531345,0.6776362241516196,0.01671963720409142,0.037682138466531345,0.08156773643851178,0.08956262425447316,0.1125390514058506,0.1125390514058506,False,True,False,3.7682138466531345,3.7682138466531345
149,balanced,20,120,120,120,-0.02939869376121962,0.002730689308165446,-0.0059298168657280215,0.02939869376121962,0.002730689308165446,0.0059298168657280215,0.05546009656347629,0.05646123260437376,0.05531099119568304,0.05646123260437376,True,True,True,0.5929816865728021,0.5929816865728021
150,balanced,20,120,120,120,-0.5541398188680375,-0.022388014956197355,0.02031287196024678,0.5541398188680375,0.022388014956197355,0.02031287196024678,0.0803843605036448,0.09394821546909023,0.07886963930701506,0.09394821546909023,False,True,False,2.2388014956197355,2.2388014956197355
151,balanced,20,120,120,120,-0.5574971100896562,-0.017388797192654182,0.02198569590468641,0.5574971100896562,0.017388797192654182,0.02198569590468641,0.08226356148821358,0.07971456972451008,0.0806352362018366,0.08226356148821358,False,True,False,2.1985695904686406,2.1985695904686406
152,balanced,20,120,120,120,-0.6279566825638092,-0.017558766046048446,0.02923268916949051,0.6279566825638092,0.017558766046048446,0.02923268916949051,0.08490012307109722,0.057471835652750165,0.1041512827795134,0.1041512827795134,False,True,False,2.923268916949051,2.923268916949051
153,balanced,20,120,120,120,-0.37290526044464656,-0.0020853272466666573,0.008698649415069926,0.37290526044464656,0.0020853272466666573,0.008698649415069926,0.0722001325381047,0.07907791347155164,0.07937612420713812,0.07937612420713812,True,True,True,0.8698649415069926,0.8698649415069926
154,balanced,20,120,120,120,-0.5094063660710937,-0.014558233458678904,0.023017557234758734,0.5094063660710937,0.014558233458678904,0.023017557234758734,0.09102764366183849,0.08241740035974629,0.06698381141721102,0.09102764366183849,False,True,False,2.3017557234758734,2.3017557234758734
155,balanced,20,120,120,120,-0.6592195849826155,-0.018270303695282153,0.03289272836962748,0.6592195849826155,0.018270303695282153,0.03289272836962748,0.07727681529868409,0.09431742876076872,0.09547477042506863,0.09547477042506863,False,True,False,3.2892728369627475,3.2892728369627475
156,balanced,20,120,120,120,-0.4772169571330167,-0.017695386721572115,0.0323748575113158,0.4772169571330167,0.017695386721572115,0.0323748575113158,0.11837309476474486,0.089217078481492,0.11912808861119001,0.11912808861119001,False,True,False,3.23748575113158,3.23748575113158
157,balanced,20,120,120,120,-0.24813382438919618,-0.0005946307270534579,0.008692858948006532,0.24813382438919618,0.0005946307270534579,0.008692858948006532,0.06562529584398372,0.05374656820978889,0.04715753100444949,0.06562529584398372,True,True,True,0.8692858948006532,0.8692858948006532
158,balanced,20,120,120,120,-0.2939947506993903,-0.006353582083067244,0.009704344926967257,0.2939947506993903,0.006353582083067244,0.009704344926967257,0.06557086055097984,0.060823156300293474,0.04009751017703304,0.06557086055097984,True,True,True,0.9704344926967257,0.9704344926967257
159,balanced,20,120,120,120,-0.6643149118830394,-0.023852745084843252,0.02859921649962066,0.6643149118830394,0.023852745084843252,0.02859921649962066,0.07458581842279656,0.08727634194831015,0.08759585345072422,0.08759585345072422,False,True,False,2.859921649962066,2.859921649962066
160,balanced,20,120,120,120,-0.2770039857635851,-0.00575021717834534,0.017746893710090916,0.2770039857635851,0.00575021717834534,0.017746893710090916,0.10186500047335037,0.058667045346965825,0.10566837072801287,0.10566837072801287,False,True,False,1.7746893710090916,1.7746893710090916
161,balanced,20,120,120,120,0.069622582077006,-0.002786887326718057,-0.004074091598446905,0.069622582077006,0.002786887326718057,0.004074091598446905,0.05026034270567074,0.057557038720060585,0.07244154122881757,0.07244154122881757,True,True,True,0.4074091598446905,0.5174395802058398
162,balanced,20,120,120,120,-0.5572004696935053,-0.014542387812218172,0.015933543526822858,0.5572004696935053,0.014542387812218172,0.015933543526822858,0.08485515478557228,0.08008851651992806,0.07306399697055761,0.08485515478557228,False,True,False,1.5933543526822858,1.5933543526822858
163,balanced,20,120,120,120,-0.7793563863843289,-0.02139246129878436,0.02642379218955271,0.7793563863843289,0.02139246129878436,0.02642379218955271,0.0741503360787655,0.08379958345167093,0.08772129129982012,0.08772129129982012,False,True,False,2.642379218955271,2.642379218955271
164,balanced,20,120,120,120,-0.6154490372747148,-0.01944093631096777,0.023893573528721457,0.6154490372747148,0.01944093631096777,0.023893573528721457,0.08526460285903625,0.08042932878916974,0.09023004828173814,0.09023004828173814,False,True,False,2.3893573528721457,2.3893573528721457
165,balanced,20,120,120,120,-0.05608199250797341,-0.0004654682068838678,0.012906425467326399,0.05608199250797341,0.0004654682068838678,0.012906425467326399,0.041136514247846256,0.039188677459055195,0.08448594149389378,0.08448594149389378,False,True,False,1.29064254673264,1.29064254673264
166,balanced,20,120,120,120,-0.6769176702906421,-0.020363218723616017,0.03270143881062143,0.6769176702906421,0.020363218723616017,0.03270143881062143,0.12100492284388904,0.11129413992237054,0.08690949540850137,0.12100492284388904,False,True,False,3.270143881062143,3.270143881062143
167,balanced,20,120,120,120,-0.8017643591970014,-0.023355640360594787,0.045465445601636345,0.8017643591970014,0.023355640360594787,0.045465445601636345,0.09260626715895105,0.12034223232036353,0.1256342895010887,0.1256342895010887,False,True,False,4.5465445601636345,4.5465445601636345
168,balanced,20,120,120,120,-0.03869805944066229,-0.0020869915821966067,0.00915418079986613,0.03869805944066229,0.0020869915821966067,0.00915418079986613,0.0615284483574742,0.049365710498911294,0.06070481870680678,0.0615284483574742,True,True,True,0.915418079986613,0.915418079986613
169,balanced,20,120,120,120,-0.3571123342920828,-0.006370032468320019,0.0034100467549703084,0.3571123342920828,0.006370032468320019,0.0034100467549703084,0.058203161980497964,0.05706948783489539,0.04981539335416075,0.058203161980497964,True,True,True,0.7142246685841656,0.7142246685841656
170,balanced,20,120,120,120,-0.7036462486992434,-0.02019245899109201,0.030683784021630134,0.7036462486992434,0.02019245899109201,0.030683784021630134,0.0817428760768721,0.08492379058979456,0.08237243207422133,0.08492379058979456,False,True,False,3.068378402163013,3.068378402163013
171,balanced,20,120,120,120,-0.22882550370787413,-0.012982994455974284,0.018451499401226312,0.22882550370787413,0.012982994455974284,0.018451499401226312,0.08682665909306068,0.07938559121461707,0.07430890845403768,0.08682665909306068,False,True,False,1.8451499401226312,1.8451499401226312
172,balanced,20,120,120,120,-0.058770161987300895,0.0029431545348155286,-0.004181211793229833,0.058770161987300895,0.0029431545348155286,0.004181211793229833,0.07413850231941684,0.09025844930417495,0.08303275584587712,0.09025844930417495,True,True,True,0.4181211793229833,0.6447032093155354
173,balanced,20,120,120,120,-0.30526803545259895,0.000921387832481968,-0.003252360855595049,0.30526803545259895,0.000921387832481968,0.003252360855595049,0.06234261100066269,0.06800861497680583,0.08206475433115593,0.08206475433115593,True,True,True,0.6105360709051979,0.6105360709051979
174,balanced,20,120,120,120,-0.3640184264589976,-0.0042788474648007835,0.02007993846753653,0.3640184264589976,0.0042788474648007835,0.02007993846753653,0.05684937991101013,0.07136703587995835,0.09588895200227208,0.09588895200227208,False,True,False,2.007993846753653,2.007993846753653
175,balanced,20,120,120,120,-0.6069246750285267,-0.009665418802580206,0.018048973309441607,0.6069246750285267,0.009665418802580206,0.018048973309441607,0.08800056802044874,0.07368881946416737,0.07246994225125437,0.08800056802044874,False,True,False,1.8048973309441607,1.8048973309441607
176,balanced,20,120,120,120,-0.3103434702962282,-0.016554238536835686,0.023997783495678937,0.3103434702962282,0.016554238536835686,0.023997783495678937,0.0555097983527407,0.07387342611000662,0.0766922275868598,0.0766922275868598,False,True,False,2.3997783495678937,2.3997783495678937
177,balanced,20,120,120,120,-0.11886230520506658,0.004178425531703889,0.004874783496006285,0.11886230520506658,0.004178425531703889,0.004874783496006285,0.0808032755845877,0.08982770046388337,0.08265880905045915,0.08982770046388337,True,True,True,0.4874783496006285,0.6416264318848812
178,balanced,20,120,120,120,-0.9016093553314555,-0.024717875087143293,0.04132781285414516,0.9016093553314555,0.024717875087143293,0.04132781285414516,0.09289027738331913,0.08356290826469753,0.11499810659850421,0.11499810659850421,False,True,False,4.1327812854145165,4.1327812854145165
179,balanced,20,120,120,120,-1.184337383628879,-0.04686171115823701,0.0523281191375794,1.184337383628879,0.04686171115823701,0.0523281191375794,0.1343747041560163,0.16511644419199092,0.13214522389472688,0.16511644419199092,False,False,False,5.232811913757939,5.232811913757939
180,balanced,20,120,120,120,-0.6112893205096519,-0.015676663953941294,0.026756918140942276,0.6112893205096519,0.015676663953941294,0.026756918140942276,0.09149626053204582,0.09059689482154691,0.07890987408880053,0.09149626053204582,False,True,False,2.6756918140942276,2.6756918140942276
181,balanced,20,120,120,120,0.02193126070400453,0.0015092850835314309,-0.0065926333057936826,0.02193126070400453,0.0015092850835314309,0.0065926333057936826,0.07526744296127993,0.08401732462368645,0.06732935719019217,0.08401732462368645,True,True,True,0.6592633305793683,0.6592633305793683
182,balanced,20,120,120,120,-0.8912877143631626,-0.011115021272382064,0.03222906374304918,0.8912877143631626,0.011115021272382064,0.03222906374304918,0.10783158193694974,0.09521679447126763,0.11482770046388337,0.11482770046388337,False,True,False,3.2229063743049178,3.2229063743049178
183,balanced,20,120,120,120,-0.5594429990857499,-0.013942142962298232,0.025864907561435613,0.5594429990857499,0.013942142962298232,0.025864907561435613,0.0648229669601439,0.07199659187730759,0.08533797216699801,0.08533797216699801,False,True,False,2.586490756143561,2.586490756143561
184,balanced,20,120,120,120,-0.17421407512916787,-0.0009391448287975335,-0.002137239504660715,0.17421407512916787,0.0009391448287975335,0.002137239504660715,0.052485089463220676,0.06871390703398655,0.05746473539714096,0.06871390703398655,True,True,True,0.34842815025833573,0.49081362167133247
185,balanced,20,120,120,120,-0.7813785216420825,-0.016367440808694456,0.025980181485359466,0.7813785216420825,0.016367440808694456,0.025980181485359466,0.11807015052541892,0.11078292151850799,0.11514011171068825,0.11807015052541892,False,True,False,2.5980181485359464,2.5980181485359464
186,balanced,20,120,120,120,-0.059744030357379074,0.00404497060787623,-0.0059110144563571665,0.059744030357379074,0.00404497060787623,0.0059110144563571665,0.06251538388715328,0.07066174382277762,0.05550506484900123,0.07066174382277762,True,True,True,0.5911014456357166,0.5911014456357166
187,balanced,20,120,120,120,-0.29402418744665937,-0.009658275806785355,0.007345820953393145,0.29402418744665937,0.009658275806785355,0.007345820953393145,0.056170122124396475,0.061095332765312885,0.06735065795701979,0.06735065795701979,True,True,True,0.9658275806785355,0.9658275806785355
188,balanced,20,120,120,120,-0.3333283564656888,-0.010131266851108656,0.011053636877431883,0.3333283564656888,0.010131266851108656,0.011053636877431883,0.060976995171826184,0.05888478651898135,0.06315914039572092,0.06315914039572092,False,True,False,1.1053636877431883,1.1053636877431883
189,balanced,20,120,120,120,-0.48489981305695906,-0.011843707798800285,0.01610706019147662,0.48489981305695906,0.011843707798800285,0.01610706019147662,0.08335226734829121,0.07916785004260153,0.0820978888573322,0.08335226734829121,False,True,False,1.6107060191476619,1.6107060191476619
190,balanced,20,120,120,120,-0.3915085138092067,-0.008615234507998282,0.018878706658824684,0.3915085138092067,0.008615234507998282,0.018878706658824684,0.07368171920855818,0.07718687872763419,0.08157720344599072,0.08157720344599072,False,True,False,1.8878706658824684,1.8878706658824684
191,balanced,20,120,120,120,-0.28842636557519086,0.0014103185247570371,0.006134096057409777,0.28842636557519086,0.0014103185247570371,0.006134096057409777,0.06182902584493042,0.04901306447032093,0.0535524945564707,0.06182902584493042,True,True,True,0.6134096057409777,0.6134096057409777
192,balanced,20,120,120,120,-0.54790453724166,-0.015615424651782894,0.021266564623707573,0.54790453724166,0.015615424651782894,0.021266564623707573,0.06902631828079143,0.07232320363533087,0.08360077629461327,0.08360077629461327,False,True,False,2.1266564623707573,2.1266564623707573
193,balanced,20,120,120,120,0.14447979318996573,0.00871591802549243,-0.0078021701525208265,0.14447979318996573,0.00871591802549243,0.0078021701525208265,0.06442771939789832,0.05440452522957493,0.058406702641295084,0.06442771939789832,True,True,True,0.8715918025492431,0.8715918025492431
194,balanced,20,120,120,120,-0.3789214910278851,-0.005472056705634776,0.013615874501510528,0.3789214910278851,0.005472056705634776,0.013615874501510528,0.060773454511029064,0.0809973492379059,0.07957729811606551,0.0809973492379059,False,True,False,1.3615874501510528,1.3615874501510528
195,balanced,20,120,120,120,-0.09719696255620747,0.0019721156469176826,-0.007992938760723378,0.09719696255620747,0.0019721156469176826,0.007992938760723378,0.09677648395342232,0.08245053488592256,0.09631260058695447,0.09677648395342232,True,True,True,0.7992938760723378,0.7992938760723378
196,balanced,20,120,120,120,-1.034356409431446,-0.034301803771537465,0.04900041578580372,1.034356409431446,0.034301803771537465,0.04900041578580372,0.11010129698002462,0.1031974817760106,0.11963457351131307,0.11963457351131307,False,True,False,4.900041578580372,4.900041578580372
197,balanced,20,120,120,120,-0.506569558502246,-0.02011860846368596,0.0270621151253026,0.506569558502246,0.02011860846368596,0.0270621151253026,0.06474249739657294,0.08247656915648964,0.0715800435482344,0.08247656915648964,False,True,False,2.7062115125302597,2.7062115125302597
198,balanced,20,120,120,120,-0.8579557201475154,-0.02865242065378093,0.03597138212615658,0.8579557201475154,0.02865242065378093,0.03597138212615658,0.10992379058979457,0.09058742781406798,0.09065843037016,0.10992379058979457,False,True,False,3.597138212615658,3.597138212615658
199,balanced,20,120,120,120,-0.27434588881433086,-0.004486487447103893,0.005837504059021392,0.27434588881433086,0.004486487447103893,0.005837504059021392,0.0933825617722238,0.07547571712581654,0.09233645744580138,0.0933825617722238,True,True,True,0.5837504059021392,0.6670182983730271
200,balanced,20,120,120,120,-0.5056350530395619,-0.011171186853330517,0.022239536099079915,0.5056350530395619,0.011171186853330517,0.022239536099079915,0.06302423553914607,0.05499857994887816,0.07246520874751491,0.07246520874751491,False,True,False,2.2239536099079915,2.2239536099079915
201,balanced,20,120,120,120,-0.43995245905815494,0.0003248089165679424,0.00565158438180291,0.43995245905815494,0.0003248089165679424,0.00565158438180291,0.06318517466628798,0.0572304269620373,0.077215279750071,0.077215279750071,True,True,True,0.8799049181163099,0.8799049181163099
202,balanced,20,120,120,120,-0.194386512161266,-3.81278632887172e-05,0.009202770723594877,0.194386512161266,3.81278632887172e-05,0.009202770723594877,0.06492473729054246,0.05972971693647638,0.06487030199753858,0.06492473729054246,True,True,True,0.9202770723594877,0.9202770723594877
203,balanced,20,120,120,120,-1.0217932444026232,-0.026503700404247987,0.035329730177863394,1.0217932444026232,0.026503700404247987,0.035329730177863394,0.1310872858089558,0.12767916311653887,0.1170808482438701,0.1310872858089558,False,True,False,3.532973017786339,3.532973017786339
204,balanced,20,120,120,120,0.016037354746472943,0.006646706274269332,-0.005760712931609346,0.016037354746472943,0.006646706274269332,0.005760712931609346,0.03763372148063997,0.06145507904951245,0.066912808861119,0.066912808861119,True,True,True,0.6646706274269332,0.6646706274269332
205,balanced,20,120,120,120,-0.7614399017105313,-0.017214489369472563,0.01912940227358917,0.7614399017105313,0.017214489369472563,0.01912940227358917,0.10899602385685885,0.09155306257691943,0.10379390324718357,0.10899602385685885,False,True,False,1.912940227358917,1.912940227358917
206,balanced,20,120,120,120,-0.02382930727894106,0.003098202855506771,-0.008321435635344154,0.02382930727894106,0.003098202855506771,0.008321435635344154,0.053337120136324905,0.04681198523146833,0.03806210356906182,0.053337120136324905,True,True,True,0.8321435635344154,0.8321435635344154
207,balanced,20,120,120,120,-0.8978223583310339,-0.02765921070067212,0.04031094072629432,0.8978223583310339,0.02765921070067212,0.04031094072629432,0.09695635709552211,0.11105273123165767,0.12777383319132823,0.12777383319132823,False,True,False,4.031094072629432,4.031094072629432
208,balanced,20,120,120,120,0.030731727559381028,0.00539293796928586,-0.0007354009996415889,0.030731727559381028,0.00539293796928586,0.0007354009996415889,0.09625816529395058,0.07042033513206475,0.07637744958818518,0.09625816529395058,True,True,True,0.539293796928586,0.6875583235282183
209,balanced,20,120,120,120,0.011164460459394121,0.004459681969006146,-0.00486000749350135,0.011164460459394121,0.004459681969006146,0.00486000749350135,0.05652276815298684,0.08869875982202026,0.08425163305879012,0.08869875982202026,True,True,True,0.48600074935013504,0.6335625701572875
210,balanced,20,120,120,120,0.8617031910807107,0.03423104595255755,-0.04620179783310041,0.8617031910807107,0.03423104595255755,0.04620179783310041,0.11419814446653413,0.14959528543027548,0.13900407081321595,0.14959528543027548,False,False,False,4.620179783310041,4.620179783310041
211,balanced,20,120,120,120,-0.6073205770263819,-0.006819155205171179,0.01625827025244042,0.6073205770263819,0.006819155205171179,0.01625827025244042,0.0870444002650762,0.07190192180251823,0.09577298116065512,0.09577298116065512,False,True,False,1.625827025244042,1.625827025244042
212,balanced,20,120,120,120,-0.9081917704353621,-0.025411228228490512,0.03776336686928522,0.9081917704353621,0.025411228228490512,0.03776336686928522,0.09941541228817571,0.09600728959575879,0.10680441162548518,0.10680441162548518,False,True,False,3.7763366869285218,3.7763366869285218
213,balanced,20,120,120,120,-0.7970100384165768,-0.020090900251151234,0.025719146699899387,0.7970100384165768,0.020090900251151234,0.025719146699899387,0.09036968664205244,0.10380810375840197,0.09176843699706523,0.10380810375840197,False,True,False,2.5719146699899387,2.5719146699899387
214,balanced,20,120,120,120,-0.07862200550341925,0.0032713493815254013,0.002009238385850709,0.07862200550341925,0.0032713493815254013,0.002009238385850709,0.059862255041181485,0.0573345640443056,0.06033323866325854,0.06033323866325854,True,True,True,0.32713493815254013,0.430951704737561
215,balanced,20,120,120,120,-0.740910250068648,-0.020830515413364892,0.04374095448846038,0.740910250068648,0.020830515413364892,0.04374095448846038,0.08667518697339771,0.08338540187446748,0.11858136892928145,0.11858136892928145,False,True,False,4.374095448846038,4.374095448846038
216,balanced,20,120,120,120,-0.9578269502728567,-0.013785313704492208,0.03097635826338757,0.9578269502728567,0.013785313704492208,0.03097635826338757,0.1383674145602575,0.1145933920287797,0.1133816150714759,0.1383674145602575,False,True,False,3.097635826338757,3.097635826338757
217,balanced,20,120,120,120,-0.615009989461285,-0.010876170187077094,0.019395053997580625,0.615009989461285,0.010876170187077094,0.019395053997580625,0.06686547382372432,0.07556565369686642,0.07064044305595002,0.07556565369686642,False,True,False,1.9395053997580625,1.9395053997580625
218,balanced,20,120,120,120,-0.49992575458784927,-0.01252278972554266,0.026386529818122006,0.49992575458784927,0.01252278972554266,0.026386529818122006,0.07628277951339582,0.06994461800624822,0.06996828552494556,0.07628277951339582,False,True,False,2.6386529818122004,2.6386529818122004
219,balanced,20,120,120,120,-0.1772078336487226,0.0037859575064171924,0.010586843226049525,0.1772078336487226,0.0037859575064171924,0.010586843226049525,0.07171494840480924,0.05756177222380006,0.07351367982580706,0.07351367982580706,False,True,False,1.0586843226049525,1.0586843226049525
220,balanced,20,120,120,120,-0.3753870071181993,-0.00611503634739019,0.01874246018871112,0.3753870071181993,0.00611503634739019,0.01874246018871112,0.07779513395815582,0.06987124869828647,0.0795133958155827,0.0795133958155827,False,True,False,1.8742460188711119,1.8742460188711119
221,balanced,20,120,120,120,0.2033633727620412,0.004278867553789256,0.006368174890621137,0.2033633727620412,0.004278867553789256,0.006368174890621137,0.07437754425825996,0.0588398182334564,0.07446038057370065,0.07446038057370065,True,True,True,0.6368174890621137,0.6368174890621137
222,balanced,20,120,120,120,-0.3070806087265403,-0.009661054749172227,0.012272213917170427,0.3070806087265403,0.009661054749172227,0.012272213917170427,0.05186263372148064,0.0777028306352362,0.06130124017797974,0.0777028306352362,False,True,False,1.2272213917170427,1.2272213917170427
223,balanced,20,120,120,120,-0.9879243911514592,-0.020607849845172277,0.03463415971268685,0.9879243911514592,0.020607849845172277,0.03463415971268685,0.10290637129603332,0.09471267632301429,0.0895649910063429,0.10290637129603332,False,True,False,3.463415971268685,3.463415971268685
224,balanced,20,120,120,120,-0.6038550278752588,-0.012054031480233873,0.023219780086173647,0.6038550278752588,0.012054031480233873,0.023219780086173647,0.0761005396194263,0.09066079712202972,0.0710782921518508,0.09066079712202972,False,True,False,2.3219780086173647,2.3219780086173647
225,balanced,20,120,120,120,-0.7675018927663046,-0.018509407851974746,0.0357423170059365,0.7675018927663046,0.018509407851974746,0.0357423170059365,0.09765691564896337,0.08888573321972924,0.09257786613651425,0.09765691564896337,False,True,False,3.5742317005936495,3.5742317005936495
226,balanced,20,120,120,120,-0.3438398620694514,-0.010692856102070158,0.019156750436817027,0.3438398620694514,0.010692856102070158,0.019156750436817027,0.07325807062387579,0.050163305879011647,0.07866136514247846,0.07866136514247846,False,True,False,1.9156750436817027,1.9156750436817027
227,balanced,20,120,120,120,0.002211914339667942,0.005369206379967961,-0.008937974439368723,0.002211914339667942,0.005369206379967961,0.008937974439368723,0.058740414654927575,0.05450156205623403,0.05471456972451008,0.058740414654927575,True,True,True,0.8937974439368723,0.8937974439368723
228,balanced,20,120,120,120,-1.2502524516195024,-0.030170143036922892,0.04596815114462793,1.2502524516195024,0.030170143036922892,0.04596815114462793,0.1378940641863107,0.11229054245952855,0.12620704345356432,0.1378940641863107,False,True,False,4.596815114462793,4.596815114462793
229,balanced,20,120,120,120,-0.010055611651100804,0.007779971372205763,-0.006726274525181264,0.010055611651100804,0.007779971372205763,0.006726274525181264,0.05451576256745243,0.06539808766448925,0.06602054340622929,0.06602054340622929,True,True,True,0.7779971372205763,0.7779971372205763
230,balanced,20,120,120,120,-0.7528640013148475,-0.015895390896877526,0.031471056915764184,0.7528640013148475,0.015895390896877526,0.031471056915764184,0.07014815866704535,0.068612136703588,0.0754946511407744,0.0754946511407744,False,True,False,3.147105691576418,3.147105691576418
231,balanced,20,120,120,120,-0.6633535763829883,-0.019400005677224108,0.03200307257716284,0.6633535763829883,0.019400005677224108,0.03200307257716284,0.08385401874467481,0.07579759538010035,0.0864030105083783,0.0864030105083783,False,True,False,3.200307257716284,3.200307257716284
232,balanced,20,120,120,120,-0.29798908046982575,0.0015215748162257237,0.01248459619402309,0.29798908046982575,0.0015215748162257237,0.01248459619402309,0.0708558174760958,0.05173719587238474,0.07047477042506864,0.0708558174760958,False,True,False,1.248459619402309,1.248459619402309
233,balanced,20,120,120,120,-0.13115445983506646,-0.0020034274845137645,0.0019157355551360222,0.13115445983506646,0.0020034274845137645,0.0019157355551360222,0.08491669033418536,0.09423459244532803,0.09300861497680583,0.09423459244532803,True,True,True,0.2623089196701329,0.673104231752343
234,balanced,20,120,120,120,-0.1516365588913331,-0.005277361858765817,0.016098605707232705,0.1516365588913331,0.005277361858765817,0.016098605707232705,0.04884029158383035,0.049152702830635234,0.062423080564233645,0.062423080564233645,False,True,False,1.6098605707232705,1.6098605707232705
235,balanced,20,120,120,120,-0.24020407013198053,-0.0032780323315474424,0.005636160934909262,0.24020407013198053,0.0032780323315474424,0.005636160934909262,0.06644892549465115,0.05209930890845404,0.04591735302470889,0.06644892549465115,True,True,True,0.5636160934909262,0.5636160934909262
236,balanced,20,120,120,120,-0.35264231177268357,-0.013960483559847803,0.013003940715088702,0.35264231177268357,0.013960483559847803,0.013003940715088702,0.07555855344125721,0.07622361071665247,0.07300246142194453,0.07622361071665247,False,True,False,1.3960483559847803,1.3960483559847803
237,balanced,20,120,120,120,-0.1642890752563666,-0.007759992419561934,0.015396405591263762,0.1642890752563666,0.007759992419561934,0.015396405591263762,0.06939789832433968,0.08021158761715422,0.0891058411436145,0.0891058411436145,False,True,False,1.5396405591263762,1.5396405591263762
238,balanced,20,120,120,120,-0.22071358176172495,-0.003888750710965505,0.003928117102577566,0.22071358176172495,0.003888750710965505,0.003928117102577566,0.0633461137934299,0.06374136135567547,0.042826375082836314,0.06374136135567547,True,True,True,0.4414271635234499,0.45529543825482477
239,balanced,20,120,120,120,-0.45835523021319347,-0.001985740302882122,0.00789687784631471,0.45835523021319347,0.001985740302882122,0.00789687784631471,0.07421423837924832,0.056792577866136514,0.05953801003502793,0.07421423837924832,True,True,True,0.9167104604263869,0.9167104604263869
240,balanced,20,120,120,120,-0.4444757840245863,-0.014308667320888091,0.017811347006454148,0.4444757840245863,0.014308667320888091,0.017811347006454148,0.08452854302754899,0.060974628419956454,0.0752295749313642,0.08452854302754899,False,True,False,1.7811347006454148,1.7811347006454148
241,balanced,20,120,120,120,-0.052104193092365136,0.0041428649039261245,0.0016638361748993469,0.052104193092365136,0.0041428649039261245,0.0016638361748993469,0.07746378869639307,0.06933162927198712,0.05935577014105841,0.07746378869639307,True,True,True,0.41428649039261245,0.5533127764028076
242,balanced,20,120,120,120,-0.2588630617866521,-0.0013064361004836433,0.014457407397473088,0.2588630617866521,0.0013064361004836433,0.014457407397473088,0.06422654548897094,0.0596823818990817,0.07389709362870396,0.07389709362870396,False,True,False,1.4457407397473088,1.4457407397473088
243,balanced,20,120,120,120,-0.23607813330586325,0.0008035303266036298,0.008500343613271122,0.23607813330586325,0.0008035303266036298,0.008500343613271122,0.06354018744674808,0.06820978888573322,0.08157720344599072,0.08157720344599072,True,True,True,0.8500343613271122,0.8500343613271122
244,balanced,20,120,120,120,0.07767129131066142,0.0016677221766303596,-0.0010533249105570408,0.07767129131066142,0.0016677221766303596,0.0010533249105570408,0.037804127615260814,0.04343936381709741,0.06046814351983338,0.06046814351983338,True,True,True,0.16677221766303596,0.4319153108559527
245,balanced,20,120,120,120,-1.4704485516955295,-0.04242068617431416,0.05640310252949032,1.4704485516955295,0.04242068617431416,0.05640310252949032,0.13192984947458108,0.13241503360787654,0.16490343652371486,0.16490343652371486,False,False,False,5.640310252949032,5.640310252949032
246,balanced,20,120,120,120,-0.7727118870824512,-0.014145314583064117,0.026899426979267782,0.7727118870824512,0.014145314583064117,0.026899426979267782,0.08931648206002082,0.10113367414560258,0.08816624065133011,0.10113367414560258,False,True,False,2.689942697926778,2.689942697926778
247,balanced,20,120,120,120,-0.6248926382472,-0.009004541251938725,0.009975184552316163,0.6248926382472,0.009004541251938725,0.009975184552316163,0.08327653128845972,0.07028779702735966,0.09406181955883745,0.09406181955883745,False,True,False,1.2497852764944,1.2497852764944
248,balanced,20,120,120,120,-0.31244667184448005,-0.002822630742073562,0.018765575366660237,0.31244667184448005,0.002822630742073562,0.018765575366660237,0.046617911578150144,0.0622384739183944,0.05745526838966203,0.0622384739183944,False,True,False,1.8765575366660237,1.8765575366660237
249,balanced,20,120,120,120,-0.15518035304642552,-0.003831367084265902,0.011175413016174085,0.15518035304642552,0.003831367084265902,0.011175413016174085,0.053429423459244535,0.044797879390324716,0.053647164631260055,0.053647164631260055,False,True,False,1.1175413016174085,1.1175413016174085
250,balanced,20,120,120,120,-0.8859066865056775,-0.02434275784977369,0.03192869492118017,0.8859066865056775,0.02434275784977369,0.03192869492118017,0.09072233267064281,0.07998911294139922,0.09072706617438228,0.09072706617438228,False,True,False,3.1928694921180165,3.1928694921180165
251,balanced,20,120,120,120,-0.12322896532313266,-0.013386510202170743,0.00889255114763371,0.12322896532313266,0.013386510202170743,0.00889255114763371,0.044139922370538674,0.054234119094954084,0.044821546909022056,0.054234119094954084,False,True,False,1.3386510202170743,1.3386510202170743
252,balanced,20,120,120,120,-0.6896115045954296,-0.011588181693237387,0.019917755346689825,0.6896115045954296,0.011588181693237387,0.019917755346689825,0.08594859414938938,0.07252437754425826,0.09032708510839724,0.09032708510839724,False,True,False,1.9917755346689825,1.9917755346689825
253,balanced,20,120,120,120,-0.9292153260320362,-0.025331999251128168,0.02819555770227755,0.9292153260320362,0.025331999251128168,0.02819555770227755,0.08882893117485563,0.10440689198144466,0.07595143425163306,0.10440689198144466,False,True,False,2.819555770227755,2.819555770227755
254,balanced,20,120,120,120,-0.6106826048304654,-0.008522006013870764,0.017832023609374192,0.6106826048304654,0.008522006013870764,0.017832023609374192,0.08739704629366657,0.08799346776483953,0.07150430748840292,0.08799346776483953,False,True,False,1.7832023609374192,1.7832023609374192
255,balanced,20,120,120,120,-0.34445716750716926,-0.0031022045899243844,0.009146998719567478,0.34445716750716926,0.0031022045899243844,0.009146998719567478,0.08901117106882514,0.08004118148253338,0.09242639401685128,0.09242639401685128,True,True,True,0.9146998719567478,0.9146998719567478
256,balanced,20,120,120,120,-0.4419366102625695,-0.01173012618112712,0.015417447986646793,0.4419366102625695,0.01173012618112712,0.015417447986646793,0.07214806399697056,0.07960333238663259,0.10062008898987031,0.10062008898987031,False,True,False,1.5417447986646793,1.5417447986646793
257,balanced,20,120,120,120,0.20339605994917775,0.01918423907073219,-0.020273369684870646,0.20339605994917775,0.01918423907073219,0.020273369684870646,0.05513111805358326,0.10197860456309761,0.07722001325381048,0.10197860456309761,False,True,False,2.0273369684870644,2.0273369684870644
258,balanced,20,120,120,120,-0.849518869440697,-0.024489785372099337,0.024243471730444943,0.849518869440697,0.024489785372099337,0.024243471730444943,0.09381804411625486,0.11584540376786898,0.09166429991479694,0.11584540376786898,False,True,False,2.4489785372099337,2.4489785372099337
259,balanced,20,120,120,120,-0.5058361551373771,-0.01254796772090716,0.021807637769673427,0.5058361551373771,0.01254796772090716,0.021807637769673427,0.10169222758685979,0.07981634005490865,0.07241077345451102,0.10169222758685979,False,True,False,2.1807637769673427,2.1807637769673427
260,balanced,20,120,120,120,-0.5480729879150665,-0.01667892872182597,0.02310000393161582,0.5480729879150665,0.01667892872182597,0.02310000393161582,0.07266164915270283,0.05617485562813595,0.08438180441162549,0.08438180441162549,False,True,False,2.310000393161582,2.310000393161582
261,balanced,20,120,120,120,-1.031147080780059,-0.033729875225704586,0.047473496747458155,1.031147080780059,0.033729875225704586,0.047473496747458155,0.09455647069961186,0.09806163021868787,0.1315062008898987,0.1315062008898987,False,True,False,4.7473496747458155,4.7473496747458155
262,balanced,20,120,120,120,0.11706497061154764,-0.004793844758352761,0.007547315386378706,0.11706497061154764,0.004793844758352761,0.007547315386378706,0.05404951244911484,0.06281832812647922,0.08091924642620468,0.08091924642620468,True,True,True,0.7547315386378706,0.7547315386378706
263,balanced,20,120,120,120,0.048359499254857496,0.010148097685097168,-0.01698091620957426,0.048359499254857496,0.010148097685097168,0.01698091620957426,0.08418299725456783,0.07680583167660703,0.10399507715611095,0.10399507715611095,False,True,False,1.698091620957426,1.698091620957426
264,balanced,20,120,120,120,-0.5665265620956212,-0.009841069468737751,0.012820489166869675,0.5665265620956212,0.009841069468737751,0.012820489166869675,0.07001088705860077,0.07794897282968853,0.08240319984852788,0.08240319984852788,False,True,False,1.2820489166869675,1.2820489166869675
265,balanced,20,120,120,120,-0.6883959513117865,-0.024581310042620652,0.0283668623826841,0.6883959513117865,0.024581310042620652,0.0283668623826841,0.07677743065417021,0.08093344693742308,0.07064044305595002,0.08093344693742308,False,True,False,2.8366862382684097,2.8366862382684097
266,balanced,20,120,120,120,-0.5207310896327293,-0.009187154858193103,0.013171456278556981,0.5207310896327293,0.009187154858193103,0.013171456278556981,0.06565843037015999,0.058155826943103284,0.06122077061440879,0.06565843037015999,False,True,False,1.317145627855698,1.317145627855698
267,balanced,20,120,120,120,0.18468744941454673,0.016936404368399383,-0.009957207066372598,0.18468744941454673,0.016936404368399383,0.009957207066372598,0.07491479693268957,0.09652797500710025,0.07233740414654928,0.09652797500710025,False,True,False,1.6936404368399383,1.6936404368399383
268,balanced,20,120,120,120,-0.12790543846384494,0.0017531430831739803,0.0038302305985929985,0.12790543846384494,0.0017531430831739803,0.0038302305985929985,0.08180677837735492,0.06705954747704251,0.08606693174287608,0.08606693174287608,True,True,True,0.38302305985929985,0.6147637981634005
269,balanced,20,120,120,120,-0.1153119903017874,0.003054573248941539,0.0008812174411556573,0.1153119903017874,0.003054573248941539,0.0008812174411556573,0.039427719397898325,0.043950582220959954,0.07047003692132917,0.07047003692132917,True,True,True,0.3054573248941539,0.5033574065809225
270,balanced,20,120,120,120,-0.5488958340098264,-0.008978619564455226,0.019101342176342517,0.5488958340098264,0.008978619564455226,0.019101342176342517,0.07604373757455268,0.07243444097320836,0.083122692416927,0.083122692416927,False,True,False,1.9101342176342517,1.9101342176342517
271,balanced,20,120,120,120,-0.2534453254153348,0.003723100186505679,0.01155044752105494,0.2534453254153348,0.003723100186505679,0.01155044752105494,0.05408501372716085,0.06317334090693931,0.05129224652087475,0.06317334090693931,False,True,False,1.155044752105494,1.155044752105494
272,balanced,20,120,120,120,-0.43091505976614286,-0.008904406069597526,0.025316478177849766,0.43091505976614286,0.008904406069597526,0.025316478177849766,0.0663069203824671,0.05978651898135,0.09262520117390893,0.09262520117390893,False,True,False,2.5316478177849766,2.5316478177849766
273,balanced,20,120,120,120,0.05825056421658559,0.007965798289695014,-0.008547691514150635,0.05825056421658559,0.007965798289695014,0.008547691514150635,0.06425494651140774,0.07670879484994793,0.056780744106787844,0.07670879484994793,True,True,True,0.8547691514150635,0.8547691514150635
274,balanced,20,120,120,120,-0.9572206478525942,-0.02841831844437237,0.044262543993636105,0.9572206478525942,0.02841831844437237,0.044262543993636105,0.11560399507715612,0.10631449398845025,0.10268389662027833,0.11560399507715612,False,True,False,4.426254399363611,4.426254399363611
275,balanced,20,120,120,120,-0.5390048087844974,-0.007885106542588227,0.013301537269049923,0.5390048087844974,0.007885106542588227,0.013301537269049923,0.09072943292625202,0.08305405661270472,0.06637318943481965,0.09072943292625202,False,True,False,1.3301537269049923,1.3301537269049923
276,balanced,20,120,120,120,-0.07283703299454913,0.006314792594431684,-0.0011888487053968166,0.07283703299454913,0.006314792594431684,0.0011888487053968166,0.06408217362491717,0.09643803843605037,0.0697126763230143,0.09643803843605037,True,True,True,0.6314792594431684,0.688843131686074
277,balanced,20,120,120,120,-0.2612019440739921,-0.0037415913133632683,0.019043505523298476,0.2612019440739921,0.0037415913133632683,0.019043505523298476,0.048660418441730566,0.04863201741929376,0.08157010319038152,0.08157010319038152,False,True,False,1.9043505523298476,1.9043505523298476
278,balanced,20,120,120,120,-0.7767722270101061,-0.014596026777109361,0.03549319212878166,0.7767722270101061,0.014596026777109361,0.03549319212878166,0.0932216226450819,0.06637318943481965,0.09295181293193222,0.0932216226450819,False,True,False,3.549319212878166,3.549319212878166
279,balanced,20,120,120,120,-0.5622066677818509,-0.013522621382157984,0.024838318541590798,0.5622066677818509,0.013522621382157984,0.024838318541590798,0.07666382656442298,0.09530199753857806,0.0790329451860267,0.09530199753857806,False,True,False,2.48383185415908,2.48383185415908
280,balanced,20,120,120,120,-0.5316490154673374,-0.008004503338417512,0.025267484432651532,0.5316490154673374,0.008004503338417512,0.025267484432651532,0.0684937991101013,0.04897282968853545,0.06547855722806022,0.0684937991101013,False,True,False,2.526748443265153,2.526748443265153
281,balanced,20,120,120,120,-0.3547440589676043,-0.008226525921504746,0.00872574609015836,0.3547440589676043,0.008226525921504746,0.00872574609015836,0.08858042222853356,0.04620136324907697,0.07823771655779609,0.08858042222853356,True,True,True,0.872574609015836,0.872574609015836
282,balanced,20,120,120,120,0.09683774499002595,0.005772409698485026,-0.015378733051375826,0.09683774499002595,0.005772409698485026,0.015378733051375826,0.033472971693647637,0.058392502130076684,0.06900501751396383,0.06900501751396383,False,True,False,1.5378733051375826,1.5378733051375826
283,balanced,20,120,120,120,-0.22271036915083187,-0.004640609163920839,0.006713819555882461,0.22271036915083187,0.004640609163920839,0.006713819555882461,0.05823392975480451,0.05408501372716085,0.05122361071665247,0.05823392975480451,True,True,True,0.6713819555882461,0.6713819555882461
284,balanced,20,120,120,120,-0.48943162969845844,-0.01735711061843348,0.021099263668005075,0.48943162969845844,0.01735711061843348,0.021099263668005075,0.07785193600302945,0.08570718545867652,0.09135188866799204,0.09135188866799204,False,True,False,2.1099263668005075,2.1099263668005075
285,balanced,20,120,120,120,-0.9663601618220525,-0.022529056806247505,0.03474834600706295,0.9663601618220525,0.022529056806247505,0.03474834600706295,0.0947268768342327,0.09385827889804033,0.14004780838776862,0.14004780838776862,False,False,False,3.4748346007062945,3.4748346007062945
286,balanced,20,120,120,120,-0.961516863227871,-0.016758382706722807,0.03378616905703519,0.961516863227871,0.016758382706722807,0.03378616905703519,0.11110243302092208,0.10266496260532046,0.09839770898419009,0.11110243302092208,False,True,False,3.3786169057035185,3.3786169057035185
287,balanced,20,120,120,120,-0.5543480218658559,-0.007621843257428207,0.02452008512113918,0.5543480218658559,0.007621843257428207,0.02452008512113918,0.0796743349427246,0.07330777241314021,0.09722380005680205,0.09722380005680205,False,True,False,2.4520085121139177,2.4520085121139177
288,balanced,20,120,120,120,-0.488097840667745,-0.004120662698031241,0.021750167592062608,0.488097840667745,0.004120662698031241,0.021750167592062608,0.10175139638360314,0.06082552305216321,0.07118479598598883,0.10175139638360314,False,True,False,2.175016759206261,2.175016759206261
289,balanced,20,120,120,120,-0.2460344454854777,-0.002468983221929233,-0.004591945196247227,0.2460344454854777,0.002468983221929233,0.004591945196247227,0.06922039193410963,0.07091735302470889,0.0882419767111616,0.0882419767111616,True,True,True,0.4920688909709554,0.6302998336511543
290,balanced,20,120,120,120,-0.6291075846761451,-0.013674606520812982,0.01870199832066316,0.6291075846761451,0.013674606520812982,0.01870199832066316,0.07574552683896621,0.06995408501372716,0.07186642052447222,0.07574552683896621,False,True,False,1.870199832066316,1.870199832066316
291,balanced,20,120,120,120,-0.8809298973490449,-0.017753081658364644,0.03567220353453815,0.8809298973490449,0.017753081658364644,0.03567220353453815,0.08315109343936382,0.07937612420713812,0.1029324055666004,0.1029324055666004,False,True,False,3.567220353453815,3.567220353453815
292,balanced,20,120,120,120,-0.46220590086876,-0.0033783380080071312,0.0005495108253701919,0.46220590086876,0.0033783380080071312,0.0005495108253701919,0.09122881757076588,0.09264176843699706,0.07768626337214807,0.09264176843699706,True,True,True,0.92441180173752,0.92441180173752
293,balanced,20,120,120,120,-0.9002040168851622,-0.027139467138927564,0.02970796133323933,0.9002040168851622,0.027139467138927564,0.02970796133323933,0.09257786613651425,0.09013301145507904,0.08501372716084446,0.09257786613651425,False,True,False,2.9707961333239328,2.9707961333239328
294,balanced,20,120,120,120,-0.39944098603826106,-0.008936585127195862,0.00876600908979247,0.39944098603826106,0.008936585127195862,0.00876600908979247,0.09543216889141343,0.09986509514342516,0.08256177222380005,0.09986509514342516,True,True,True,0.8936585127195862,0.8936585127195862
295,balanced,20,120,120,120,-0.8970352511813111,-0.015446981428942075,0.023958123310103607,0.8970352511813111,0.015446981428942075,0.023958123310103607,0.0992757739278614,0.0790542459528543,0.07645081889614692,0.0992757739278614,False,True,False,2.3958123310103607,2.3958123310103607
296,balanced,20,120,120,120,-0.36802353274915944,-0.004210021981478906,0.010867294100368241,0.36802353274915944,0.004210021981478906,0.010867294100368241,0.05740319984852788,0.0482722711350942,0.059519076020070054,0.059519076020070054,False,True,False,1.086729410036824,1.086729410036824
297,balanced,20,120,120,120,-0.740200048805228,-0.015501957897227081,0.030272033800626097,0.740200048805228,0.015501957897227081,0.030272033800626097,0.08743018081984284,0.07408170027454322,0.08383508472971693,0.08743018081984284,False,True,False,3.0272033800626095,3.0272033800626095
298,balanced,20,120,120,120,-0.3529667756169772,-0.01563593908039862,0.014366215209111077,0.3529667756169772,0.01563593908039862,0.014366215209111077,0.08487172204866042,0.07677506390230049,0.05492047713717694,0.08487172204866042,False,True,False,1.563593908039862,1.563593908039862
299,balanced,20,120,120,120,-0.21620073926549566,0.0018247630309259355,0.0009509866957311264,0.21620073926549566,0.0018247630309259355,0.0009509866957311264,0.06273075830729906,0.06370586007762946,0.05092539998106598,0.06370586007762946,True,True,True,0.4324014785309913,0.4550418576973533
300,balanced,20,120,120,120,-0.40058429054513667,0.0001366536926414863,0.009119265237146956,0.40058429054513667,0.0001366536926414863,0.009119265237146956,0.06405140585061062,0.05798542080848244,0.0631307393732841,0.06405140585061062,True,True,True,0.9119265237146956,0.9119265237146956
301,balanced,20,120,120,120,-0.3885729930013042,-0.0061556752909032175,0.004691075896168073,0.3885729930013042,0.0061556752909032175,0.004691075896168073,0.06609627946606078,0.07016235917826374,0.06940736533181861,0.07016235917826374,True,True,True,0.7771459860026084,0.7771459860026084
302,balanced,20,120,120,120,-0.5901038151194378,-0.016325944055001873,0.01585980034986545,0.5901038151194378,0.016325944055001873,0.01585980034986545,0.08318422796554009,0.08366704534696583,0.07639638360314305,0.08366704534696583,False,True,False,1.6325944055001873,1.6325944055001873
303,balanced,20,120,120,120,-0.7457713823725527,-0.02073956543095956,0.023324434945925454,0.7457713823725527,0.02073956543095956,0.023324434945925454,0.12263324813026602,0.10417968380195021,0.09876218877212913,0.12263324813026602,False,True,False,2.332443494592545,2.332443494592545
304,balanced,20,120,120,120,-0.1790111205190179,-0.0005511839080659664,0.011890382558052137,0.1790111205190179,0.0005511839080659664,0.011890382558052137,0.06086102433020922,0.05263182807914418,0.051431884881189056,0.06086102433020922,False,True,False,1.1890382558052137,1.1890382558052137
305,balanced,20,120,120,120,-0.16495189480086836,-0.003359134136518671,0.01806243837122512,0.16495189480086836,0.003359134136518671,0.01806243837122512,0.05990248982296696,0.05468380195020354,0.0617722238000568,0.0617722238000568,False,True,False,1.806243837122512,1.806243837122512
306,balanced,20,120,120,120,-0.052257901550312624,-0.009532599785805895,0.0056666241858843724,0.052257901550312624,0.009532599785805895,0.0056666241858843724,0.053086244438133104,0.0779466060778188,0.07151850799962133,0.0779466060778188,True,True,True,0.9532599785805895,0.9532599785805895
307,balanced,20,120,120,120,-0.3405002257436074,-0.006289554525297114,0.015104770774587273,0.3405002257436074,0.006289554525297114,0.015104770774587273,0.08882893117485563,0.06217457161791158,0.0931174855628136,0.0931174855628136,False,True,False,1.5104770774587273,1.5104770774587273
308,balanced,20,120,120,120,-0.8056177438507426,-0.018257123121501406,0.029811026518488715,0.8056177438507426,0.018257123121501406,0.029811026518488715,0.09084540376786898,0.08817334090693932,0.09295181293193222,0.09295181293193222,False,True,False,2.9811026518488712,2.9811026518488712
309,balanced,20,120,120,120,-0.4585211417287134,-0.019102367275835253,0.02819503802428064,0.4585211417287134,0.019102367275835253,0.02819503802428064,0.06136514247846256,0.07157531004449494,0.07392786140301051,0.07392786140301051,False,True,False,2.8195038024280636,2.8195038024280636
310,balanced,20,120,120,120,-0.616007393718732,-0.00820957684405732,0.018663120290830226,0.616007393718732,0.00820957684405732,0.018663120290830226,0.0810044494935151,0.0883532140490391,0.08220202593960049,0.0883532140490391,False,True,False,1.8663120290830226,1.8663120290830226
311,balanced,20,120,120,120,-0.7366330287069296,-0.021249960252523903,0.040331542450879054,0.7366330287069296,0.021249960252523903,0.040331542450879054,0.10839013537820695,0.08481255325191707,0.10793335226734829,0.10839013537820695,False,True,False,4.033154245087905,4.033154245087905
312,balanced,20,120,120,120,-0.7974012038320346,-0.013966062057893414,0.029358497717672905,0.7974012038320346,0.013966062057893414,0.029358497717672905,0.09740603995077156,0.09334706049417779,0.07787087001798731,0.09740603995077156,False,True,False,2.9358497717672902,2.9358497717672902
313,balanced,20,120,120,120,-0.3517331899414273,-0.006217602530003363,0.01017928563301207,0.3517331899414273,0.006217602530003363,0.01017928563301207,0.06258401969137556,0.05709552210546246,0.060664583925021304,0.06258401969137556,False,True,False,1.017928563301207,1.017928563301207
314,balanced,20,120,120,120,-0.1215092680066654,-0.003016869861762972,-0.0029894140959345616,0.1215092680066654,0.003016869861762972,0.0029894140959345616,0.03997443907980687,0.06033323866325854,0.04478841238284578,0.06033323866325854,True,True,True,0.3016869861762972,0.430951704737561
315,balanced,20,120,120,120,0.1379531243235057,0.00145593594622484,0.004721022014761156,0.1379531243235057,0.00145593594622484,0.004721022014761156,0.11025040234781786,0.08068493799110102,0.06998248603616397,0.11025040234781786,True,True,True,0.4721022014761156,0.7875028739129846
316,balanced,20,120,120,120,-0.3263222477048515,-0.011870503066858662,0.009819518888934842,0.3263222477048515,0.011870503066858662,0.009819518888934842,0.049268673672252204,0.06615544826280413,0.0630124017797974,0.06615544826280413,False,True,False,1.1870503066858662,1.1870503066858662
317,balanced,20,120,120,120,-0.8440124175160832,-0.01790686623640969,0.02816146123776314,0.8440124175160832,0.01790686623640969,0.02816146123776314,0.0972616680867178,0.09262756792577866,0.10144608539240746,0.10144608539240746,False,True,False,2.816146123776314,2.816146123776314
318,balanced,20,120,120,120,-0.7411411664098324,-0.015693208713214668,0.026635749255562224,0.7411411664098324,0.015693208713214668,0.026635749255562224,0.10339865568493799,0.11901921802518224,0.10490864337782826,0.11901921802518224,False,True,False,2.6635749255562224,2.6635749255562224
319,balanced,20,120,120,120,0.12533588596087597,-0.0028299077241430437,-0.009365677036400233,0.12533588596087597,0.0028299077241430437,0.009365677036400233,0.05431932216226451,0.038528353687399416,0.0542767206286093,0.05431932216226451,True,True,True,0.9365677036400233,0.9365677036400233
320,balanced,20,120,120,120,-0.6327229719569232,-0.0120582626649548,0.006319941104644511,0.6327229719569232,0.0120582626649548,0.006319941104644511,0.09318138786329641,0.08124585818422797,0.06619331629271988,0.09318138786329641,False,True,False,1.2654459439138463,1.2654459439138463
321,balanced,20,120,120,120,-0.09930475763580304,-0.004580174276114457,0.0010678606628819476,0.09930475763580304,0.004580174276114457,0.0010678606628819476,0.059826753763135475,0.06286802991574364,0.050551453185648014,0.06286802991574364,True,True,True,0.4580174276114457,0.4580174276114457
322,balanced,20,120,120,120,-0.4343180160929805,-0.009843939680736269,0.021458748469694755,0.4343180160929805,0.009843939680736269,0.021458748469694755,0.09715043074884029,0.07111852693363628,0.07603663731894349,0.09715043074884029,False,True,False,2.1458748469694755,2.1458748469694755
323,balanced,20,120,120,120,-0.6591798684209493,-0.02245815410105456,0.0326243345525804,0.6591798684209493,0.02245815410105456,0.0326243345525804,0.09854918110385308,0.09357426867367226,0.09604042412193506,0.09854918110385308,False,True,False,3.2624334552580403,3.2624334552580403
324,balanced,20,120,120,120,-0.20141272358196716,-0.006109797595819977,0.0056373280994035935,0.20141272358196716,0.006109797595819977,0.0056373280994035935,0.05604468427530058,0.07172914891602765,0.07057180725172772,0.07172914891602765,True,True,True,0.6109797595819977,0.6109797595819977
325,balanced,20,120,120,120,-0.6594629030634991,-0.012849708039443852,0.014809026714358908,0.6594629030634991,0.012849708039443852,0.014809026714358908,0.08060683517939979,0.07496213197008425,0.0843202688630124,0.0843202688630124,False,True,False,1.4809026714358908,1.4809026714358908
326,balanced,20,120,120,120,-0.41504960668188673,-0.011256510653973817,0.012117546383235922,0.41504960668188673,0.011256510653973817,0.012117546383235922,0.08245763514153176,0.08494509135662218,0.0821949256839913,0.08494509135662218,False,True,False,1.2117546383235922,1.2117546383235922
327,balanced,20,120,120,120,-0.13260360372167668,0.0035922699780455147,-0.0017844767099178815,0.13260360372167668,0.0035922699780455147,0.0017844767099178815,0.09395058222095995,0.08559594812079901,0.07854539430086149,0.09395058222095995,True,True,True,0.3592269978045515,0.671075587292571
328,balanced,20,120,120,120,-0.7813634734561035,-0.013797980933269671,0.029906134111130522,0.7813634734561035,0.013797980933269671,0.029906134111130522,0.08045536305973681,0.07801524188204109,0.10520448736154502,0.10520448736154502,False,True,False,2.9906134111130522,2.9906134111130522
329,balanced,20,120,120,120,-0.4039906800994757,-0.008591484913111347,0.008788624613179252,0.4039906800994757,0.008591484913111347,0.008788624613179252,0.06855533465871438,0.07747088895200227,0.0757597273501846,0.07747088895200227,True,True,True,0.8788624613179252,0.8788624613179252
330,balanced,20,120,120,120,-0.4265489162216305,-0.017654034384967043,0.02265930780141956,0.4265489162216305,0.017654034384967043,0.02265930780141956,0.057386632585439745,0.08081274259206665,0.07331960617248888,0.08081274259206665,False,True,False,2.265930780141956,2.265930780141956
331,balanced,20,120,120,120,-0.6217641136258862,-0.018596024700880842,0.023955456809396092,0.6217641136258862,0.018596024700880842,0.023955456809396092,0.08506106219823914,0.06717551831865948,0.08341143614503456,0.08506106219823914,False,True,False,2.395545680939609,2.395545680939609
332,balanced,20,120,120,120,-0.28878787966663566,-0.0015405358263663738,0.0019651459740543387,0.28878787966663566,0.0015405358263663738,0.0019651459740543387,0.07415270283063524,0.06268815677364385,0.06023620183659945,0.07415270283063524,True,True,True,0.5775757593332713,0.5775757593332713
333,balanced,20,120,120,120,-0.15971873811975712,-0.007513121529302058,0.014357686281149029,0.15971873811975712,0.007513121529302058,0.014357686281149029,0.04836457445801382,0.046783584209031524,0.056146454605699135,0.056146454605699135,False,True,False,1.435768628114903,1.435768628114903
334,balanced,20,120,120,120,-0.8834420423914828,-0.023198361087720443,0.027038334517373974,0.8834420423914828,0.023198361087720443,0.027038334517373974,0.08821357568872479,0.08806210356906181,0.0757526270945754,0.08821357568872479,False,True,False,2.703833451737397,2.703833451737397
335,balanced,20,120,120,120,-0.3683280449320989,-0.00805715112773675,0.017274817783329843,0.3683280449320989,0.00805715112773675,0.017274817783329843,0.0670524472214333,0.05691801571523242,0.06916122313736628,0.06916122313736628,False,True,False,1.7274817783329843,1.7274817783329843
336,balanced,20,120,120,120,-0.47878111016848734,-0.012623595584314473,0.014561950560603831,0.47878111016848734,0.012623595584314473,0.014561950560603831,0.05884218498532614,0.06935293003881474,0.07188535453943008,0.07188535453943008,False,True,False,1.4561950560603831,1.4561950560603831
337,balanced,20,120,120,120,-0.826986048739144,-0.02586335106579485,0.029182094604963793,0.826986048739144,0.02586335106579485,0.029182094604963793,0.10519975385780554,0.11304790305784342,0.0985089463220676,0.11304790305784342,False,True,False,2.9182094604963793,2.9182094604963793
338,balanced,20,120,120,120,-0.2328013639857005,-0.0039046112585874315,0.006013429930999348,0.2328013639857005,0.0039046112585874315,0.006013429930999348,0.05725172772886491,0.08544447600113604,0.06879200984568778,0.08544447600113604,True,True,True,0.6013429930999348,0.6103176857224002
339,balanced,20,120,120,120,-0.4655977548370842,-0.014243177959204267,0.01813989463815513,0.4655977548370842,0.014243177959204267,0.01813989463815513,0.05864811133200795,0.07024282874183471,0.06526318280791442,0.07024282874183471,False,True,False,1.813989463815513,1.813989463815513
340,balanced,20,120,120,120,-0.5128159981181106,-0.02008616789070894,0.02487513769660793,0.5128159981181106,0.02008616789070894,0.02487513769660793,0.07152560825523052,0.09732083688346113,0.08332859982959387,0.09732083688346113,False,True,False,2.4875137696607927,2.4875137696607927
341,balanced,20,120,120,120,-0.7276203136851542,-0.02455499508865777,0.030290575998469182,0.7276203136851542,0.02455499508865777,0.030290575998469182,0.12723894726876833,0.07324387011265739,0.07933825617722239,0.12723894726876833,False,True,False,3.0290575998469182,3.0290575998469182
342,balanced,20,120,120,120,-0.7564711075236197,-0.014293992408991762,0.026259089810097613,0.7564711075236197,0.014293992408991762,0.026259089810097613,0.0829546530341759,0.08880289690428855,0.092686736722522,0.092686736722522,False,True,False,2.6259089810097613,2.6259089810097613
343,balanced,20,120,120,120,-0.22585256707767343,-0.011937728662174019,0.01854542061308445,0.22585256707767343,0.011937728662174019,0.01854542061308445,0.06215327085108397,0.04834564044305595,0.08572375272176465,0.08572375272176465,False,True,False,1.8545420613084451,1.8545420613084451
344,balanced,20,120,120,120,-0.09432273519134782,-0.004019875217359137,0.008104950800482957,0.09432273519134782,0.004019875217359137,0.008104950800482957,0.04855628135946227,0.0583380668370728,0.05497727918205055,0.0583380668370728,True,True,True,0.8104950800482957,0.8104950800482957
345,balanced,20,120,120,120,-0.4858061732063703,-0.0214705406515614,0.018774581628486275,0.4858061732063703,0.0214705406515614,0.018774581628486275,0.08539240746000189,0.1076351415317618,0.06168702073274638,0.1076351415317618,False,True,False,2.14705406515614,2.14705406515614
346,balanced,20,120,120,120,-0.390427667022724,-0.014386395006260488,0.028098437055889713,0.390427667022724,0.014386395006260488,0.028098437055889713,0.07448168134052825,0.06585723752721764,0.09675281643472498,0.09675281643472498,False,True,False,2.809843705588971,2.809843705588971
347,balanced,20,120,120,120,-0.19601084999342433,0.0005591532698465684,-0.0034885979357419106,0.19601084999342433,0.0005591532698465684,0.0034885979357419106,0.05416785004260154,0.04383934488308246,0.05211824292341191,0.05416785004260154,True,True,True,0.39202169998684866,0.39202169998684866
348,balanced,20,120,120,120,-0.08286026926933943,-0.006789487489940016,0.007062505641275585,0.08286026926933943,0.006789487489940016,0.007062505641275585,0.04051405850610622,0.05643993183754615,0.04519549370444002,0.05643993183754615,True,True,True,0.7062505641275585,0.7062505641275585
349,balanced,20,120,120,120,-0.9761307816912463,-0.02254285677162937,0.025160314660463978,0.9761307816912463,0.02254285677162937,0.025160314660463978,0.0969208558174761,0.11511881094386064,0.10924453280318092,0.11511881094386064,False,True,False,2.516031466046398,2.516031466046398
350,balanced,20,120,120,120,0.09817572621408388,-0.0010135736454338629,-0.005180909432526248,0.09817572621408388,0.0010135736454338629,0.005180909432526248,0.062030199753857804,0.06137224273407176,0.07701410584114361,0.07701410584114361,True,True,True,0.5180909432526248,0.5501007560081687
351,balanced,20,120,120,120,-0.796883358678226,-0.014564258991560552,0.02646357881768946,0.796883358678226,0.014564258991560552,0.02646357881768946,0.08669412098835558,0.0971859320268863,0.08100208274164536,0.0971859320268863,False,True,False,2.646357881768946,2.646357881768946
352,balanced,20,120,120,120,-0.8086473605245246,-0.019712697852533045,0.03612630996475025,0.8086473605245246,0.019712697852533045,0.03612630996475025,0.08755561866893875,0.09986509514342516,0.10072185932026886,0.10072185932026886,False,True,False,3.6126309964750245,3.6126309964750245
353,balanced,20,120,120,120,-0.11653543126679722,-0.0007321821042701737,0.01540221744770276,0.11653543126679722,0.0007321821042701737,0.01540221744770276,0.04174003597462842,0.04656110953327653,0.07837498816624065,0.07837498816624065,False,True,False,1.540221744770276,1.540221744770276
354,balanced,20,120,120,120,-1.191133942326882,-0.027455495187522216,0.04823155510792537,1.191133942326882,0.027455495187522216,0.04823155510792537,0.14228675565653698,0.1194547003692133,0.14144182523904195,0.14228675565653698,False,False,False,4.823155510792537,4.823155510792537
355,balanced,20,120,120,120,-0.6051171840439054,-0.01624402814992343,0.029720388746454718,0.6051171840439054,0.01624402814992343,0.029720388746454718,0.059805452996307865,0.06289879769005018,0.11384313168607403,0.11384313168607403,False,True,False,2.9720388746454716,2.9720388746454716
356,balanced,20,120,120,120,-1.0501024704386417,-0.021983350703001947,0.021725086423202422,1.0501024704386417,0.021983350703001947,0.021725086423202422,0.10142478462557986,0.10626715895105557,0.08630360692984948,0.10626715895105557,False,True,False,2.1983350703001947,2.1983350703001947
357,balanced,20,120,120,120,-0.35907996308905155,-0.005193577844779362,0.009297180941893857,0.35907996308905155,0.005193577844779362,0.009297180941893857,0.07391129413992237,0.07000378680299157,0.07296222664015904,0.07391129413992237,True,True,True,0.9297180941893857,0.9297180941893857
358,balanced,20,120,120,120,-0.1706435184885784,-0.0025323279339881655,-0.0072057829027931675,0.1706435184885784,0.0025323279339881655,0.0072057829027931675,0.06246804884975859,0.06492000378680299,0.05944097320836884,0.06492000378680299,True,True,True,0.7205782902793167,0.7205782902793167
359,balanced,20,120,120,120,-0.4120781959305013,-0.004080830404044167,0.018720622319672753,0.4120781959305013,0.004080830404044167,0.018720622319672753,0.09234829120515005,0.08118195588374515,0.08053109911956831,0.09234829120515005,False,True,False,1.8720622319672753,1.8720622319672753
360,balanced,20,120,120,120,-0.23932221543887167,-0.0002728997557174262,0.007664499918564438,0.23932221543887167,0.0002728997557174262,0.007664499918564438,0.07069014484521442,0.07396572943292626,0.059204298021395436,0.07396572943292626,True,True,True,0.7664499918564438,0.7664499918564438
361,balanced,20,120,120,120,-0.1493956229298874,-0.008496391166131545,0.004491702488257587,0.1493956229298874,0.008496391166131545,0.004491702488257587,0.04501798731420998,0.06680393827511123,0.05639259680015147,0.06680393827511123,True,True,True,0.8496391166131545,0.8496391166131545
362,balanced,20,120,120,120,-0.4935583135694266,-0.004940287161748991,0.013248331586464768,0.4935583135694266,0.004940287161748991,0.013248331586464768,0.057041086812458584,0.05561393543500899,0.07606267158951055,0.07606267158951055,False,True,False,1.3248331586464768,1.3248331586464768
363,balanced,20,120,120,120,-0.26337352407074377,-0.009924388069789458,0.012292586194917077,0.26337352407074377,0.009924388069789458,0.012292586194917077,0.0682571239231279,0.060124964498721956,0.06388573321972925,0.0682571239231279,False,True,False,1.2292586194917077,1.2292586194917077
364,balanced,20,120,120,120,0.033520553389202234,-0.0019589937119495193,0.003919396787826823,0.033520553389202234,0.0019589937119495193,0.003919396787826823,0.04746757549938464,0.04340149578718167,0.05648726687494083,0.05648726687494083,True,True,True,0.3919396787826823,0.40348047767814876
365,balanced,20,120,120,120,-1.2546835483322738,-0.03180948857355237,0.05137044190361517,1.2546835483322738,0.03180948857355237,0.05137044190361517,0.11858136892928145,0.10097273501846067,0.13334990059642146,0.13334990059642146,False,True,False,5.137044190361517,5.137044190361517
366,balanced,20,120,120,120,-0.1564101041565138,-0.0055266344436814,0.011681896593366436,0.1564101041565138,0.0055266344436814,0.011681896593366436,0.07344267726971504,0.06495077156110954,0.06501940736533182,0.07344267726971504,False,True,False,1.1681896593366436,1.1681896593366436
367,balanced,20,120,120,120,-0.3604671539077877,-0.007255253830434016,0.013522683353417997,0.3604671539077877,0.007255253830434016,0.013522683353417997,0.068389662027833,0.07211492947079429,0.06933162927198712,0.07211492947079429,False,True,False,1.3522683353417997,1.3522683353417997
368,balanced,20,120,120,120,-0.5177523832728212,-0.014419612674793747,0.020860854743614377,0.5177523832728212,0.014419612674793747,0.020860854743614377,0.09732320363533087,0.11872100728959575,0.11892928145413235,0.11892928145413235,False,True,False,2.0860854743614374,2.0860854743614374
369,balanced,20,120,120,120,-0.43533047251003865,-0.01963139736541175,0.019494817364905437,0.43533047251003865,0.01963139736541175,0.019494817364905437,0.06541702167944713,0.08458297832055288,0.09115781501467386,0.09115781501467386,False,True,False,1.9631397365411751,1.9631397365411751
370,balanced,20,120,120,120,-1.393024538080848,-0.03969933007049642,0.05199238355824776,1.393024538080848,0.03969933007049642,0.05199238355824776,0.12307819748177601,0.15118810943860644,0.1539998106598504,0.1539998106598504,False,False,False,5.199238355824775,5.199238355824775
371,balanced,20,120,120,120,-0.6067544799258151,-0.008677837390582699,0.02223728742072406,0.6067544799258151,0.008677837390582699,0.02223728742072406,0.07877970273596516,0.07671589510555714,0.08250497017892644,0.08250497017892644,False,True,False,2.223728742072406,2.223728742072406
372,balanced,20,120,120,120,-0.7863419832000567,-0.023418957132976148,0.031882969186895815,0.7863419832000567,0.023418957132976148,0.031882969186895815,0.10438085771087759,0.08534980592634668,0.11971030957114456,0.11971030957114456,False,True,False,3.1882969186895815,3.1882969186895815
373,balanced,20,120,120,120,-0.44890185010530814,-0.013816344379267043,0.02005493903775435,0.44890185010530814,0.013816344379267043,0.02005493903775435,0.07129840007573605,0.0671281832812648,0.07874420145791915,0.07874420145791915,False,True,False,2.005493903775435,2.005493903775435
374,balanced,20,120,120,120,-0.5107078692525562,-0.013650212574880638,0.010480020930314082,0.5107078692525562,0.013650212574880638,0.010480020930314082,0.05965871438038436,0.06852456688440783,0.058740414654927575,0.06852456688440783,False,True,False,1.3650212574880638,1.3650212574880638
375,balanced,20,120,120,120,-0.12514534604650152,0.00354463382176462,0.0006687868907491734,0.12514534604650152,0.00354463382176462,0.0006687868907491734,0.045978888573321976,0.059864621793051215,0.07567689103474391,0.07567689103474391,True,True,True,0.354463382176462,0.5405492216767421
376,balanced,20,120,120,120,-0.32180639716083803,-0.004014345644793305,0.015379457755579917,0.32180639716083803,0.004014345644793305,0.015379457755579917,0.06110243302092209,0.06278992710404241,0.07142857142857142,0.07142857142857142,False,True,False,1.5379457755579917,1.5379457755579917
377,balanced,20,120,120,120,-0.21694117995201267,0.011612621060131834,0.0035214802460812322,0.21694117995201267,0.011612621060131834,0.0035214802460812322,0.10628845971788317,0.09045962321310234,0.053718167187352076,0.10628845971788317,False,True,False,1.1612621060131834,1.1612621060131834
378,balanced,20,120,120,120,-0.7891550959358327,-0.014000428730131187,0.01703365962574338,0.7891550959358327,0.014000428730131187,0.01703365962574338,0.0780791441825239,0.06107403199848528,0.0681245858184228,0.0780791441825239,False,True,False,1.703365962574338,1.703365962574338
379,balanced,20,120,120,120,-1.087984921655078,-0.022033379737418146,0.039262745426291545,1.087984921655078,0.022033379737418146,0.039262745426291545,0.11230000946700748,0.12394442866609864,0.12866136514247847,0.12866136514247847,False,True,False,3.9262745426291543,3.9262745426291543
380,balanced,20,120,120,120,0.47679721701044997,0.010924262663839834,-0.01575088501975508,0.47679721701044997,0.010924262663839834,0.01575088501975508,0.08703019975385781,0.07668039382751113,0.06359935624349143,0.08703019975385781,False,True,False,1.5750885019755079,1.5750885019755079
381,balanced,20,120,120,120,-0.24521638365682463,-0.004768261203051294,0.004626154020372919,0.24521638365682463,0.004768261203051294,0.004626154020372919,0.05446606077818802,0.056288459717883176,0.04796222664015905,0.056288459717883176,True,True,True,0.49043276731364926,0.49043276731364926
382,balanced,20,120,120,120,-0.02346861175796988,-9.4708441576552e-05,0.002537938569927456,0.02346861175796988,9.4708441576552e-05,0.002537938569927456,0.061559216131780746,0.06284672914891602,0.04188677459055193,0.06284672914891602,True,True,True,0.2537938569927456,0.44890520820654295
383,balanced,20,120,120,120,0.1395703493347149,0.004672508052109503,-0.0015739037444748583,0.1395703493347149,0.004672508052109503,0.0015739037444748583,0.06140064375650857,0.04766401590457257,0.08922181198523146,0.08922181198523146,True,True,True,0.4672508052109503,0.6372986570373675
384,balanced,20,120,120,120,-0.6964681964327752,-0.007509394624711119,0.02946390285089029,0.6964681964327752,0.007509394624711119,0.02946390285089029,0.1119189624159803,0.10434772318470131,0.129430559500142,0.129430559500142,False,True,False,2.946390285089029,2.946390285089029
385,balanced,20,120,120,120,-0.7009813766886595,-0.005376098939657958,0.02266187362615696,0.7009813766886595,0.005376098939657958,0.02266187362615696,0.08854018744674809,0.07907081321594243,0.07642478462557985,0.08854018744674809,False,True,False,2.2661873626156956,2.2661873626156956
386,balanced,20,120,120,120,-0.6629025122731989,-0.017578902978580446,0.03346855453147918,0.6629025122731989,0.017578902978580446,0.03346855453147918,0.08971409637413613,0.08993893780176086,0.0785169932784247,0.08993893780176086,False,True,False,3.3468554531479175,3.3468554531479175
387,balanced,20,120,120,120,-0.17803452622987948,-0.010687083143871234,0.01330258860806055,0.17803452622987948,0.010687083143871234,0.01330258860806055,0.04804742970746947,0.05745763514153176,0.06817902111142668,0.06817902111142668,False,True,False,1.330258860806055,1.330258860806055
388,balanced,20,120,120,120,-0.767068821311998,-0.019521675645193137,0.03382730827599151,0.767068821311998,0.019521675645193137,0.03382730827599151,0.09437896430938181,0.10215611095332765,0.13190144845214427,0.13190144845214427,False,True,False,3.3827308275991506,3.3827308275991506
389,balanced,20,120,120,120,-0.5814315459340129,-0.013343724622210784,0.017627473103447977,0.5814315459340129,0.013343724622210784,0.017627473103447977,0.06716841806305027,0.07280838776862633,0.06755183186594717,0.07280838776862633,False,True,False,1.7627473103447977,1.7627473103447977
390,balanced,20,120,120,120,-0.4461622934748597,-0.012325095026573307,0.022501818608437474,0.4461622934748597,0.012325095026573307,0.022501818608437474,0.07272555145318564,0.07102149010697718,0.08522200132538105,0.08522200132538105,False,True,False,2.2501818608437474,2.2501818608437474
391,balanced,20,120,120,120,-0.6263670505295167,-0.015770371644577397,0.03240722888702585,0.6263670505295167,0.015770371644577397,0.03240722888702585,0.10025324245006154,0.08216652466155448,0.0927624727823535,0.10025324245006154,False,True,False,3.240722888702585,3.240722888702585
392,balanced,20,120,120,120,-0.35599522006605966,0.003760509054977157,0.003958984671726118,0.35599522006605966,0.003760509054977157,0.003958984671726118,0.07420713812363912,0.07543548234403105,0.06753526460285904,0.07543548234403105,True,True,True,0.7119904401321193,0.7119904401321193
393,balanced,20,120,120,120,-0.50064942650096,-0.011922969807070083,0.015963607550853798,0.50064942650096,0.011922969807070083,0.015963607550853798,0.06598267537631354,0.0735302470888952,0.07666145981255325,0.07666145981255325,False,True,False,1.5963607550853798,1.5963607550853798
394,balanced,20,120,120,120,-1.035585361839292,-0.023508689193806,0.026960781579161097,1.035585361839292,0.023508689193806,0.026960781579161097,0.10389094007384266,0.1070079522862823,0.10473587049133769,0.1070079522862823,False,True,False,2.6960781579161095,2.6960781579161095
395,balanced,20,120,120,120,-0.5321726144561723,-0.0010506356893789093,0.017105148971025663,0.5321726144561723,0.0010506356893789093,0.017105148971025663,0.06781217457161791,0.07409116728202216,0.06901921802518224,0.07409116728202216,False,True,False,1.7105148971025663,1.7105148971025663
396,balanced,20,120,120,120,-1.1544272722015627,-0.03476903030165179,0.047922038959904656,1.1544272722015627,0.03476903030165179,0.047922038959904656,0.11559452806967717,0.11126573889993373,0.1109083593676039,0.11559452806967717,False,True,False,4.792203895990466,4.792203895990466
397,balanced,20,120,120,120,0.001102274536105341,-1.650491245697161e-05,0.002269241700514235,0.001102274536105341,1.650491245697161e-05,0.002269241700514235,0.07549701789264414,0.05618432263561488,0.046028590362586386,0.07549701789264414,True,True,True,0.2269241700514235,0.5392644135188867
398,balanced,20,120,120,120,-0.7054141423314775,-0.022183186698835344,0.016284745580150806,0.7054141423314775,0.022183186698835344,0.016284745580150806,0.0894182523904194,0.0882348764555524,0.07135283536873994,0.0894182523904194,False,True,False,2.2183186698835344,2.2183186698835344
399,balanced,20,120,120,120,-0.62186047844191,-0.012945526479562819,0.023890588826133985,0.62186047844191,0.012945526479562819,0.023890588826133985,0.08768815677364385,0.08091924642620468,0.07855722806021016,0.08768815677364385,False,True,False,2.3890588826133983,2.3890588826133983
