dish_id,psnr,ssim,lpips,note
dish_1550704750,13.45885181427002,0.6253476738929749,0.8622121810913086,
dish_1550704903,8.130210876464844,0.48473700881004333,0.9522317051887512,
dish_1550705288,9.525452613830566,0.48935526609420776,0.9167889952659607,
dish_1550705370,9.891605377197266,0.5579109191894531,0.8524736166000366,
dish_1550705445,10.263697624206543,0.5145921111106873,0.8244327306747437,
dish_1550705477,8.785333633422852,0.5207521319389343,0.962160050868988,
dish_1550705504,7.835724830627441,0.4377343952655792,0.9662879705429077,
dish_1550705535,10.972502708435059,0.5657586455345154,0.8151376247406006,
dish_1550705580,10.872075080871582,0.5270752906799316,0.8325241804122925,
dish_1550705623,9.733479499816895,0.5642790198326111,0.9089862704277039,
dish_1550705669,9.193140029907227,0.44988974928855896,0.9358481168746948,
dish_1550705724,9.227792739868164,0.4069863557815552,0.9618138670921326,
dish_1550705786,8.811400413513184,0.5095392465591431,0.9146715998649597,
dish_1550705888,9.364363670349121,0.48329952359199524,0.8997973799705505,
dish_1550705939,9.864567756652832,0.5152199864387512,0.8422579169273376,
dish_1550705995,8.392818450927734,0.47919127345085144,0.9532766342163086,
dish_1550706037,8.099531173706055,0.5402275919914246,0.9478075504302979,
dish_1550706096,8.047792434692383,0.410502552986145,0.9082186818122864,
dish_1550706177,8.705565452575684,0.5182343125343323,0.912049412727356,
dish_1550706237,10.766463279724121,0.5512985587120056,0.8418529629707336,
dish_1550706283,9.082077980041504,0.5210393667221069,0.967725932598114,
dish_1550706325,8.33991813659668,0.4393661916255951,0.9683555364608765,
dish_1550706448,9.99630069732666,0.5260852575302124,0.848656952381134,
dish_1550706583,7.706966876983643,0.4119270443916321,0.9320570826530457,
dish_1550706639,9.455662727355957,0.3771575093269348,0.8601224422454834,
dish_1550706705,8.263866424560547,0.43218129873275757,0.9486571550369263,
dish_1550706766,9.423593521118164,0.4530744254589081,0.9282410740852356,
dish_1550706891,9.261003494262695,0.3444124758243561,0.9101733565330505,
dish_1550706945,10.345976829528809,0.5433117151260376,0.8777871131896973,
dish_1550707056,9.864368438720703,0.512266218662262,0.8742061853408813,
dish_1550707110,7.864720344543457,0.3780900239944458,0.9868350625038147,
dish_1550707156,9.511439323425293,0.5047718286514282,0.9393956661224365,
dish_1550707236,10.017843246459961,0.3946256637573242,0.9089940786361694,
dish_1550707357,9.59594440460205,0.4638877511024475,0.8710464835166931,
dish_1550707504,10.252110481262207,0.42445266246795654,0.8899363875389099,
dish_1550707578,9.856274604797363,0.45752090215682983,0.921119749546051,
dish_1550707638,9.406890869140625,0.38950130343437195,0.9415058493614197,
dish_1550707756,9.658864974975586,0.41514459252357483,0.8754259943962097,
dish_1550707850,9.992094039916992,0.5415009260177612,0.8502888679504395,
dish_1550707914,9.122800827026367,0.45009300112724304,0.9264430999755859,
dish_1550707958,8.180256843566895,0.44257959723472595,0.9752147197723389,
dish_1550707995,7.569272041320801,0.3852804899215698,0.982212483882904,
dish_1550708152,8.646052360534668,0.47273921966552734,0.8314056992530823,
dish_1550708221,10.130688667297363,0.4331207871437073,0.8366712927818298,
dish_1550708280,7.878325462341309,0.31664660573005676,0.9054150581359863,
dish_1550708327,9.060755729675293,0.4396556615829468,0.9242622256278992,
dish_1550708366,9.015702247619629,0.4663223624229431,0.9053720831871033,
dish_1550708440,9.408811569213867,0.3211410641670227,0.865094006061554,
dish_1550708487,10.264575958251953,0.4539330303668976,0.8672491312026978,
dish_1550708556,10.070083618164062,0.430087685585022,0.8503853678703308,
dish_1550708638,9.445255279541016,0.4312839210033417,0.9163995981216431,
dish_1550708702,9.143467903137207,0.3770751655101776,0.9384764432907104,
dish_1550708875,9.365883827209473,0.47826898097991943,0.8813033103942871,
dish_1550708945,8.851659774780273,0.32843106985092163,0.9037519693374634,
dish_1550708985,8.679641723632812,0.45363256335258484,0.9336857199668884,
dish_1550709028,7.659972190856934,0.4649890065193176,0.961796760559082,
dish_1550709129,8.142416000366211,0.48275163769721985,0.9408122301101685,
dish_1550710177,10.273862838745117,0.3935178816318512,0.8330024480819702,
dish_1550710207,9.480870246887207,0.48720741271972656,0.8776098489761353,
dish_1550710279,9.125648498535156,0.3972771465778351,0.9258710145950317,
dish_1550710318,8.749567985534668,0.4702901840209961,0.9324272871017456,
dish_1550710342,9.248017311096191,0.4483833312988281,0.9448022246360779,
dish_1550710402,9.36949348449707,0.3880118429660797,0.8672711849212646,
dish_1550710448,11.102529525756836,0.45890986919403076,0.8260397911071777,
dish_1550710507,9.612569808959961,0.4585438072681427,0.8889122009277344,
dish_1550710542,8.238301277160645,0.34616026282310486,0.9385248422622681,
dish_1550710577,9.51933765411377,0.40468382835388184,0.9392018914222717,
dish_1550710612,8.62816047668457,0.405987948179245,0.9138844609260559,
dish_1550710664,10.437877655029297,0.49647507071495056,0.8414445519447327,
dish_1550710715,8.918527603149414,0.46841147541999817,0.891475260257721,
dish_1550710758,8.159849166870117,0.465532124042511,0.9268901348114014,
dish_1550710793,8.561257362365723,0.45403698086738586,0.9473800659179688,
dish_1550710845,12.098614692687988,0.5649780035018921,0.753742516040802,
dish_1550710917,9.207708358764648,0.4589458405971527,0.8912423253059387,
dish_1550711017,10.09384536743164,0.5014163851737976,0.8455072641372681,
dish_1550711066,8.818056106567383,0.4741874635219574,0.9296568632125854,
dish_1550711094,9.12065601348877,0.4828374683856964,0.9544425010681152,
dish_1550711129,10.198101997375488,0.4442822337150574,0.8675740957260132,
dish_1550711187,9.746598243713379,0.47223708033561707,0.8828218579292297,
dish_1550711244,9.107706069946289,0.4016808867454529,0.8964203000068665,
dish_1550711314,9.651930809020996,0.41296905279159546,0.9315794110298157,
dish_1550711385,9.479564666748047,0.4716000258922577,0.9236400127410889,
dish_1550711488,9.801790237426758,0.42136162519454956,0.8561148047447205,
dish_1550711598,8.48193645477295,0.2845306396484375,0.8989170789718628,
dish_1550711688,10.162517547607422,0.5379019975662231,0.8520722985267639,
dish_1550711746,9.794018745422363,0.4500223696231842,0.8926149606704712,
dish_1550711788,9.300444602966309,0.4533538222312927,0.8867125511169434,
dish_1550711845,7.923366546630859,0.48864391446113586,0.9068740606307983,
dish_1550711973,8.564595222473145,0.45485079288482666,0.9118096232414246,
dish_1550712024,5.887162208557129,0.3814410865306854,0.9435597658157349,
dish_1550712079,8.546998977661133,0.4490011930465698,0.9518973231315613,
dish_1550712143,7.906723499298096,0.42945605516433716,0.948065459728241,
dish_1550712315,8.203794479370117,0.40360432863235474,0.8918004631996155,
dish_1550712369,9.082940101623535,0.35915881395339966,0.9000707268714905,
dish_1550712403,10.268682479858398,0.4220047891139984,0.8838111162185669,
dish_1550712459,9.22421646118164,0.4561759829521179,0.9347505569458008,
dish_1550712486,9.235572814941406,0.45659321546554565,0.9169474244117737,
dish_1550712524,9.637306213378906,0.4598049521446228,0.8852824568748474,
dish_1550712556,9.74820327758789,0.4163094162940979,0.8057184219360352,
dish_1550712585,7.937094688415527,0.39200374484062195,0.9473854899406433,
dish_1550712622,7.399942874908447,0.3775649666786194,0.973474383354187,
dish_1550712654,7.964317321777344,0.4448178708553314,0.943925142288208,
dish_1550712681,8.821027755737305,0.4330250322818756,0.9016938209533691,
dish_1550712729,9.35982608795166,0.41392725706100464,0.8627065420150757,
dish_1550712805,9.850162506103516,0.5361244082450867,0.8652178049087524,
dish_1550712839,8.065059661865234,0.41865360736846924,0.946571946144104,
dish_1550712877,7.775002956390381,0.4106825292110443,0.9039628505706787,
dish_1550712913,10.70950698852539,0.4986574351787567,0.8103688955307007,
dish_1550712961,7.651218414306641,0.44440460205078125,0.9097217321395874,
dish_1550713065,9.06014633178711,0.45313745737075806,0.8918858766555786,
dish_1550713114,8.274534225463867,0.422269344329834,0.9466567635536194,
dish_1550713174,9.841581344604492,0.5098354816436768,0.921252429485321,
dish_1550713388,11.223492622375488,0.5173497796058655,0.7869904637336731,
dish_1550713423,8.503726959228516,0.4308949410915375,0.8589197397232056,
dish_1550713462,10.216147422790527,0.3683467209339142,0.8594504594802856,
dish_1550713503,9.989812850952148,0.407285213470459,0.9043073654174805,
dish_1550713566,9.702591896057129,0.4192265570163727,0.8954260349273682,
dish_1550769483,9.36156177520752,0.5543301105499268,0.948639988899231,
dish_1550769725,7.891073226928711,0.3927062153816223,0.9642829895019531,
dish_1550769827,10.443670272827148,0.5075976252555847,0.8873704075813293,
dish_1550769882,8.875089645385742,0.52349853515625,0.9834643006324768,
dish_1550769948,9.312027931213379,0.5759996771812439,0.9627143740653992,
dish_1550770222,7.748042583465576,0.5745519995689392,0.8552011847496033,
dish_1550770265,10.007884979248047,0.5849874019622803,0.9253150224685669,
dish_1550770447,10.03494644165039,0.5698661804199219,0.8553553819656372,
dish_1550770482,7.331425189971924,0.4952099919319153,0.9115949273109436,
dish_1550770511,7.540030002593994,0.5100929737091064,0.8989502191543579,
dish_1550770616,10.329967498779297,0.5175154209136963,0.8380107879638672,
dish_1550770699,8.536273956298828,0.3576198220252991,0.924685001373291,
dish_1550770751,9.27380084991455,0.42300736904144287,0.9058963060379028,
dish_1550770802,9.345317840576172,0.4992508292198181,0.9720370173454285,
dish_1550770866,9.91689682006836,0.5240620374679565,0.9826964735984802,
dish_1550771191,7.673995494842529,0.4530702829360962,0.9259381294250488,
dish_1550771267,7.265313148498535,0.43453097343444824,0.9083282947540283,
dish_1550771330,10.229595184326172,0.4463706910610199,0.858719527721405,
dish_1550771387,7.711874008178711,0.5071352124214172,0.9475795030593872,
dish_1550771421,8.315447807312012,0.44065847992897034,0.9697811603546143,
dish_1550771487,9.897886276245117,0.47203773260116577,0.8565971255302429,
dish_1550771562,8.862665176391602,0.4079463481903076,0.9768449664115906,
dish_1550771606,10.315042495727539,0.5501248836517334,0.83882737159729,
dish_1550771648,8.972831726074219,0.4700526297092438,0.9659928679466248,
dish_1550771707,8.659157752990723,0.4841671288013458,0.9862813353538513,
dish_1550771796,8.20945930480957,0.43099164962768555,0.9673548340797424,
dish_1550771869,8.071929931640625,0.5497111082077026,0.9226267337799072,
dish_1550771938,8.425722122192383,0.4886879622936249,0.96603924036026,
dish_1550771984,7.22863245010376,0.46614980697631836,0.9616984724998474,
dish_1550772027,7.124855041503906,0.5161508917808533,0.9382228851318359,
dish_1550772088,8.359244346618652,0.4277718961238861,0.9386398792266846,
dish_1550772168,9.20898723602295,0.34480348229408264,0.9039449691772461,
dish_1550772199,7.858628273010254,0.4062885642051697,0.9388806819915771,
dish_1550772270,6.801201820373535,0.42871126532554626,0.9871068596839905,
dish_1550772314,7.120115280151367,0.4319190979003906,1.008512020111084,
dish_1550772367,9.262405395507812,0.5926591753959656,0.9521850347518921,
dish_1550772454,8.485873222351074,0.49887171387672424,0.8909723162651062,
dish_1550772505,9.229893684387207,0.45862317085266113,0.9329574108123779,
dish_1550772551,7.552340030670166,0.49739953875541687,0.9622191786766052,
dish_1550772617,6.919105052947998,0.45679354667663574,0.947659969329834,
dish_1550772701,8.716753959655762,0.47679686546325684,0.963333249092102,
dish_1550772753,9.648509979248047,0.5360494256019592,0.8704675436019897,
dish_1550772809,8.462531089782715,0.5232604742050171,0.9419869184494019,
dish_1550772849,8.557689666748047,0.5077620148658752,0.9510082006454468,
dish_1550772892,7.109668731689453,0.47456973791122437,0.9833892583847046,
dish_1550772960,7.9913835525512695,0.38034358620643616,0.9203822016716003,
dish_1550773038,7.8762922286987305,0.43258777260780334,0.9294360280036926,
dish_1550773162,9.061121940612793,0.46861666440963745,0.9060207009315491,
dish_1550773200,7.039900302886963,0.4452785551548004,0.9202696084976196,
dish_1550773284,6.698701858520508,0.5060670375823975,0.9396644234657288,
dish_1550773349,9.074176788330078,0.5184468030929565,0.95023512840271,
dish_1550773394,7.876657485961914,0.4488484263420105,0.944167971611023,
dish_1550773430,10.402100563049316,0.4788515567779541,0.8730384111404419,
dish_1550773506,8.323934555053711,0.44296252727508545,0.9785155057907104,
dish_1550773591,7.915060043334961,0.4070238471031189,0.9964272379875183,
dish_1550773771,8.445178985595703,0.3832426071166992,0.9302277565002441,
dish_1550773839,7.348172664642334,0.43469372391700745,0.9567448496818542,
dish_1550773917,9.353041648864746,0.45935824513435364,0.8758357167243958,
dish_1550773949,8.078765869140625,0.5165560841560364,0.9532186388969421,
dish_1550773995,7.383345603942871,0.48675063252449036,0.9430845975875854,
dish_1550774244,10.745438575744629,0.5593278408050537,0.7925276756286621,
dish_1550774296,8.590606689453125,0.4372345507144928,0.9827807545661926,
dish_1550774815,8.372543334960938,0.6126245856285095,0.885698139667511,
dish_1550774895,9.285898208618164,0.4887617826461792,0.9577034115791321,
dish_1550775126,7.415998458862305,0.47784310579299927,0.9816874861717224,
dish_1550775219,12.353296279907227,0.6360275745391846,0.7432848215103149,
dish_1550775273,7.869352340698242,0.4710400104522705,0.8959949612617493,
dish_1550775318,8.725473403930664,0.559554398059845,0.8949426412582397,
dish_1550775363,8.272683143615723,0.4877564311027527,0.8925430774688721,
dish_1550775393,8.243600845336914,0.4256415069103241,0.9651298522949219,
dish_1550775472,9.18039608001709,0.414800226688385,0.8798853754997253,
dish_1550776767,9.36789321899414,0.5018270611763,0.9285088777542114,
dish_1550776854,8.616141319274902,0.4288328289985657,0.9501839876174927,
dish_1550776907,9.136670112609863,0.5684319734573364,0.9864506721496582,
dish_1550776957,8.549169540405273,0.43839752674102783,0.9701751470565796,
dish_1550777025,10.762678146362305,0.5150894522666931,0.8430639505386353,
dish_1550777124,10.039902687072754,0.553743839263916,0.8600839972496033,
dish_1550777181,8.798445701599121,0.5337808132171631,0.9378075003623962,
dish_1550777218,8.066091537475586,0.46175992488861084,0.9648913145065308,
dish_1550777256,7.5555500984191895,0.41235244274139404,0.9828596711158752,
dish_1550777319,8.417587280273438,0.3164637088775635,0.949142575263977,
dish_1550777418,9.278047561645508,0.4671887159347534,0.8830814957618713,
dish_1550777469,9.683635711669922,0.5015984177589417,0.9528685212135315,
dish_1550777511,9.3808012008667,0.4980052709579468,0.9882338643074036,
dish_1550777566,8.212289810180664,0.44724494218826294,1.0196667909622192,
dish_1550777646,7.699523448944092,0.49634355306625366,0.8639650344848633,
dish_1550777713,7.377900123596191,0.25581270456314087,0.9402821063995361,
dish_1550777791,8.387786865234375,0.446204274892807,0.9274835586547852,
dish_1550777827,7.457696914672852,0.4425159692764282,0.9846251606941223,
dish_1550777860,7.671836853027344,0.44312021136283875,0.9632954001426697,
dish_1550777919,10.028067588806152,0.47394537925720215,0.9125237464904785,
dish_1550778007,8.06246566772461,0.4141051471233368,0.9162634611129761,
dish_1550778058,9.924903869628906,0.6378552317619324,0.8829775452613831,
dish_1550778118,8.152435302734375,0.48221665620803833,0.9877218008041382,
dish_1550778172,8.755450248718262,0.4624328017234802,0.9858417510986328,
dish_1550778312,8.855926513671875,0.46725040674209595,0.9407444000244141,
dish_1550778355,8.044495582580566,0.4619527757167816,0.9516927003860474,
dish_1550778401,8.67422103881836,0.3912985324859619,0.9298377633094788,
dish_1550778435,7.109663963317871,0.42349520325660706,0.9914132356643677,
dish_1550778469,8.615622520446777,0.5543475151062012,0.9513001441955566,
dish_1550778535,9.470709800720215,0.4482424855232239,0.9490997791290283,
dish_1550778583,8.60887622833252,0.4511922299861908,0.9236931800842285,
dish_1550778619,7.918125152587891,0.48333001136779785,0.9243282079696655,
dish_1550778646,7.3419880867004395,0.4553641378879547,0.9666590690612793,
dish_1550778694,7.823994159698486,0.5105672478675842,0.9648736715316772,
dish_1550778856,7.758627891540527,0.31485408544540405,0.9715018272399902,
dish_1550778922,8.93454360961914,0.44104111194610596,0.9033780097961426,
dish_1550778981,9.282122611999512,0.4722720682621002,0.9075736999511719,
dish_1550779014,8.675627708435059,0.5101045370101929,0.9635238647460938,
dish_1550779058,8.157279968261719,0.491369366645813,0.9690793752670288,
dish_1550779153,7.052953720092773,0.4295247197151184,0.9427739977836609,
dish_1550779219,8.005825996398926,0.5812899470329285,0.8714298009872437,
dish_1550779282,8.752379417419434,0.4796053469181061,0.9352129101753235,
dish_1550779336,6.6683125495910645,0.47295480966567993,0.9311777353286743,
dish_1550779388,7.251504898071289,0.46830669045448303,0.9697346091270447,
dish_1550780717,8.504281997680664,0.45215243101119995,0.9523445963859558,
dish_1550781280,7.685169696807861,0.5233163833618164,0.8673964738845825,
dish_1550781317,9.371519088745117,0.456041544675827,0.9174865484237671,
dish_1550781347,7.918056011199951,0.5024245977401733,0.9699841141700745,
dish_1550781372,7.131696701049805,0.46749043464660645,0.9518193602561951,
dish_1550785292,9.41373062133789,0.5123734474182129,0.7773224115371704,
dish_1550785404,7.649209499359131,0.4393272399902344,0.9358286261558533,
dish_1550785481,8.990606307983398,0.48867765069007874,0.9006903171539307,
dish_1550785526,7.2986602783203125,0.4200833737850189,0.9890828728675842,
dish_1550785599,7.407491683959961,0.4729003608226776,0.9425646066665649,
dish_1550785697,8.06059455871582,0.3618538975715637,0.9108941555023193,
dish_1550785808,10.337621688842773,0.4241185486316681,0.8557636141777039,
dish_1550785876,9.38402271270752,0.4763360023498535,0.9251086115837097,
dish_1550785915,8.346761703491211,0.4372400641441345,0.9692970514297485,
dish_1550785975,8.427253723144531,0.4113715887069702,0.9176620244979858,
dish_1550788191,9.477849960327148,0.44064706563949585,0.882407009601593,
dish_1550788264,8.387961387634277,0.3758830726146698,0.9049843549728394,
dish_1550788398,9.125694274902344,0.5386959910392761,0.8976831436157227,
dish_1550788505,8.70737075805664,0.4573589265346527,0.9669186472892761,
dish_1550788591,9.251819610595703,0.4303935170173645,0.966662585735321,
dish_1550788827,10.94581413269043,0.5317025184631348,0.7919347882270813,
dish_1550788957,8.685945510864258,0.39183297753334045,0.9294776916503906,
dish_1550789186,8.491896629333496,0.46607863903045654,0.854525625705719,
dish_1550789255,7.391880989074707,0.47155407071113586,0.9585303068161011,
dish_1550789321,7.40410041809082,0.45538103580474854,0.9653748273849487,
dish_1550789705,6.943912506103516,0.3651161193847656,0.9614133834838867,
dish_1550789814,12.423468589782715,0.5905513763427734,0.7833721041679382,
dish_1550789860,9.740326881408691,0.5493950843811035,0.9381545186042786,
dish_1550790042,8.960588455200195,0.45384785532951355,0.9722279906272888,
dish_1550790252,10.095596313476562,0.5119152069091797,0.8499374389648438,
dish_1550790347,9.847604751586914,0.5324699878692627,0.9106236696243286,
dish_1550790442,6.30333948135376,0.25219225883483887,0.9639921188354492,
dish_1550790511,7.226004123687744,0.3847225606441498,1.0204042196273804,
dish_1550790554,7.77786922454834,0.4484979510307312,0.9803436994552612,
dish_1550790874,9.41540241241455,0.4466697573661804,0.8910516500473022,
dish_1550791105,9.090853691101074,0.5450452566146851,0.9303334355354309,
dish_1550791160,8.862421989440918,0.43620267510414124,0.8854454755783081,
dish_1550791214,8.598944664001465,0.5231523513793945,0.9471661448478699,
dish_1550791302,8.140278816223145,0.4823364317417145,0.9399353265762329,
dish_1550791644,9.187207221984863,0.42812520265579224,0.8718488216400146,
dish_1550791701,7.402399063110352,0.42191004753112793,0.9225420951843262,
dish_1550791822,10.474093437194824,0.47658780217170715,0.8364409804344177,
dish_1550791884,9.27226448059082,0.45305898785591125,0.9311470985412598,
dish_1550791942,7.936326026916504,0.47334757447242737,0.9552642107009888,
dish_1550792023,10.357868194580078,0.48753592371940613,0.8520745038986206,
dish_1550792143,7.222263813018799,0.42525818943977356,0.9482649564743042,
dish_1550792194,9.13689136505127,0.3833208680152893,0.917104184627533,
dish_1550792315,8.164454460144043,0.47623130679130554,0.9740017056465149,
dish_1550792365,8.35762882232666,0.41605889797210693,0.9962340593338013,
dish_1550792493,10.576058387756348,0.5874678492546082,0.8470035195350647,
dish_1550792595,8.949165344238281,0.5201488733291626,0.9258967041969299,
dish_1550792734,8.906795501708984,0.4448738396167755,0.8900941014289856,
dish_1550792824,7.3553571701049805,0.4843222498893738,0.9672608375549316,
dish_1550792864,8.157304763793945,0.552841067314148,0.9515892863273621,
dish_1550793023,10.155147552490234,0.5722965598106384,0.845660388469696,
dish_1550793093,10.358274459838867,0.4782126843929291,0.8155579566955566,
dish_1550793192,10.378777503967285,0.5382518172264099,0.8502669930458069,
dish_1550793245,9.375889778137207,0.44761642813682556,0.939170241355896,
dish_1550793300,9.337507247924805,0.40832698345184326,0.9494810104370117,
dish_1550793485,9.443130493164062,0.5578317642211914,0.9000974297523499,
dish_1550793525,7.005946159362793,0.4786652624607086,0.8895002603530884,
dish_1550793582,9.651350975036621,0.39040911197662354,0.8416146039962769,
dish_1550793621,8.28189468383789,0.4944312274456024,0.9335904717445374,
dish_1550793673,7.023937702178955,0.43380796909332275,0.9304779767990112,
dish_1550795331,8.096461296081543,0.5223304033279419,0.8986080884933472,
dish_1550795361,8.2293062210083,0.37897729873657227,0.8783382177352905,
dish_1550795423,7.280457496643066,0.3442259132862091,0.9799103736877441,
dish_1550795455,6.90493106842041,0.3662833273410797,0.9820400476455688,
dish_1550795497,7.492659568786621,0.4307745099067688,1.0062803030014038,
dish_1550795690,8.421611785888672,0.49234461784362793,0.8686835765838623,
dish_1550795856,8.820340156555176,0.36232849955558777,0.8851780295372009,
dish_1550796058,9.14533519744873,0.4758574664592743,0.9106255173683167,
dish_1550796152,9.086363792419434,0.4816944897174835,0.9716206789016724,
dish_1550796330,7.066860198974609,0.3814019560813904,0.9927270412445068,
dish_1550796634,10.220748901367188,0.5593109130859375,0.8152677416801453,
dish_1550796686,10.05716323852539,0.45167964696884155,0.8239003419876099,
dish_1550796731,9.533493041992188,0.4214233160018921,0.8709219098091125,
dish_1550796763,10.144389152526855,0.4646143913269043,0.9056084156036377,
dish_1550796794,8.795289993286133,0.38853099942207336,0.9392279386520386,
dish_1550796973,10.34047794342041,0.44450679421424866,0.8258033990859985,
dish_1550797031,7.562626838684082,0.28275012969970703,0.9319534301757812,
dish_1550797094,10.182825088500977,0.5498254299163818,0.8065704703330994,
dish_1550797130,7.596621990203857,0.41019394993782043,0.9631891250610352,
dish_1550797169,7.0077362060546875,0.3520432710647583,0.9695906639099121,
dish_1550797474,11.369791030883789,0.5570892095565796,0.8089183568954468,
dish_1550797692,9.294559478759766,0.4752340614795685,0.8553724884986877,
dish_1550797753,9.450874328613281,0.4619392156600952,0.8819524645805359,
dish_1550797791,8.598064422607422,0.4761604070663452,0.9344565272331238,
dish_1550797833,8.165660858154297,0.4312382936477661,0.9451621770858765,
dish_1550859356,9.140027046203613,0.4187075197696686,0.8689631819725037,
dish_1550859396,8.940031051635742,0.49655359983444214,0.9265655279159546,
dish_1550859544,8.822670936584473,0.4706239700317383,0.9233235716819763,
dish_1550859578,8.032234191894531,0.5561175346374512,0.94142746925354,
dish_1550859622,9.074665069580078,0.5728750824928284,0.9211648106575012,
dish_1550859694,9.21573543548584,0.582665741443634,0.869137167930603,
dish_1550859927,10.247934341430664,0.4657924771308899,0.8677136301994324,
dish_1550859977,8.530484199523926,0.4001568555831909,0.8813278079032898,
dish_1550860041,7.243660926818848,0.36771926283836365,1.0106143951416016,
dish_1550860107,8.401344299316406,0.43935346603393555,0.9594719409942627,
dish_1550860188,7.692283630371094,0.30944234132766724,0.9257829189300537,
dish_1550860307,9.82598876953125,0.4344532787799835,0.8553661108016968,
dish_1550860361,7.73734188079834,0.37250328063964844,0.9503538012504578,
dish_1550860444,8.252111434936523,0.4905185103416443,0.9562817811965942,
dish_1550860513,8.332286834716797,0.4467109441757202,0.9662038683891296,
dish_1550860631,12.332777976989746,0.7014340162277222,0.7481667995452881,
dish_1550860747,8.98851203918457,0.4099913239479065,0.8631348609924316,
dish_1550860787,9.613350868225098,0.44085362553596497,0.9064992666244507,
dish_1550860820,9.419475555419922,0.4068671464920044,0.9699212312698364,
dish_1550860858,8.837657928466797,0.45096635818481445,0.9600679278373718,
dish_1550860919,6.940880298614502,0.4354276955127716,0.9300714731216431,
dish_1550861027,9.378235816955566,0.47585099935531616,0.8364686369895935,
dish_1550861074,8.48758316040039,0.3148050010204315,0.9079171419143677,
dish_1550861124,8.717148780822754,0.4659021496772766,0.951509416103363,
dish_1550861187,6.940958023071289,0.5232384204864502,0.9543424844741821,
dish_1550861324,9.16839599609375,0.5663495063781738,0.8441332578659058,
dish_1550861388,9.309152603149414,0.5083275437355042,0.8928181529045105,
dish_1550861432,9.37972640991211,0.468683660030365,0.9302977323532104,
dish_1550861458,7.667692184448242,0.43078407645225525,0.9442481994628906,
dish_1550861520,7.884922981262207,0.42214640974998474,0.9760053753852844,
dish_1550861584,11.141923904418945,0.6100060939788818,0.7679271101951599,
dish_1550861605,8.592353820800781,0.6318936347961426,0.8631603717803955,
dish_1550861670,9.826764106750488,0.4695974290370941,0.9205293655395508,
dish_1550861703,10.706597328186035,0.5572269558906555,0.8975884914398193,
dish_1550861835,9.119343757629395,0.42481982707977295,0.945854663848877,
dish_1550861903,10.384492874145508,0.49227824807167053,0.8606039881706238,
dish_1550861950,11.492744445800781,0.6434672474861145,0.8172536492347717,
dish_1550861994,10.957232475280762,0.5227311253547668,0.7614145278930664,
dish_1550862036,9.373513221740723,0.4481775462627411,0.9590276479721069,
dish_1550862106,10.499249458312988,0.5390005111694336,0.8827628493309021,
dish_1550862190,9.008210182189941,0.5730920433998108,0.9176394939422607,
dish_1550862217,11.290019035339355,0.6389279365539551,0.8588336706161499,
dish_1550862272,8.748008728027344,0.46696019172668457,0.9064937233924866,
dish_1550862349,7.545741081237793,0.4293009340763092,0.9667179584503174,
dish_1550862399,7.996323585510254,0.4971454441547394,0.951866626739502,
dish_1550862495,8.31694507598877,0.5373572707176208,0.8857219219207764,
dish_1550862580,10.036540985107422,0.4443918764591217,0.8774203062057495,
dish_1550862648,10.494661331176758,0.6232994198799133,0.8023948669433594,
dish_1550862681,9.269851684570312,0.4353380799293518,0.9400888085365295,
dish_1550862733,9.138318061828613,0.5547988414764404,0.9312534332275391,
dish_1550862840,12.9263916015625,0.7341914176940918,0.7460508942604065,
dish_1550862908,9.264910697937012,0.5172608494758606,0.8995296359062195,
dish_1550862993,10.349690437316895,0.5415635108947754,0.7929283380508423,
dish_1550863037,8.819886207580566,0.414629727602005,0.9567047953605652,
dish_1550863078,9.377071380615234,0.5426574945449829,0.9497154951095581,
dish_1550863155,8.291561126708984,0.2183794230222702,0.9052592515945435,
dish_1550863247,9.450769424438477,0.4763721525669098,0.8223859071731567,
dish_1550863285,10.357254028320312,0.5816211700439453,0.8474840521812439,
dish_1550863309,9.572160720825195,0.4132915735244751,0.9123150110244751,
dish_1550863381,8.889678955078125,0.3898243308067322,0.9381802082061768,
dish_1550873044,10.648305892944336,0.5509479641914368,0.8123047947883606,
dish_1550873218,7.819230079650879,0.24819114804267883,0.8903688192367554,
dish_1550873264,10.659671783447266,0.567823588848114,0.7807416915893555,
dish_1550873303,11.249496459960938,0.5876280665397644,0.8747642636299133,
dish_1550873338,10.484193801879883,0.5902845859527588,0.8879700899124146,
dish_1550873434,9.631213188171387,0.5143174529075623,0.9086224436759949,
dish_1550873486,9.864977836608887,0.4339020550251007,0.8424943685531616,
dish_1550873572,11.867802619934082,0.5899198055267334,0.6923232078552246,
dish_1550873668,9.15596866607666,0.46460801362991333,0.9335329532623291,
dish_1550873788,10.367831230163574,0.5502910614013672,0.8960221409797668,
dish_1550873952,9.223478317260742,0.4927000403404236,0.894479513168335,
dish_1550874079,9.620467185974121,0.474690705537796,0.8830843567848206,
dish_1550874153,9.182427406311035,0.48505133390426636,0.859749436378479,
dish_1550874191,10.172333717346191,0.6057818531990051,0.8816023468971252,
dish_1550874267,8.82754135131836,0.4990485906600952,0.9330806732177734,
dish_1550874464,9.45616626739502,0.4490991234779358,0.8577117919921875,
dish_1550874640,9.301082611083984,0.40631669759750366,0.8739101886749268,
dish_1550874679,9.931233406066895,0.49065738916397095,0.8640746474266052,
dish_1550874729,8.73947525024414,0.4339555501937866,0.9705017805099487,
dish_1550874756,8.483466148376465,0.5093364715576172,0.9204712510108948,
dish_1550874829,9.740148544311523,0.5040013194084167,0.8023542761802673,
dish_1550874872,9.502401351928711,0.49648839235305786,0.8604327440261841,
dish_1550874918,10.573522567749023,0.5308870673179626,0.863036572933197,
dish_1550874950,9.214666366577148,0.489632248878479,0.9163931608200073,
dish_1550875058,8.746108055114746,0.5007506608963013,0.9186077117919922,
dish_1550875168,10.40464973449707,0.5281886458396912,0.8402272462844849,
dish_1550875229,12.072832107543945,0.5948648452758789,0.7830225825309753,
dish_1550875293,10.493301391601562,0.4963328242301941,0.8236572742462158,
dish_1550875347,9.230687141418457,0.4325156807899475,0.9025020599365234,
dish_1550875400,10.248889923095703,0.4802911579608917,0.8744041919708252,
dish_1550875891,10.717367172241211,0.5925924777984619,0.8616766929626465,
dish_1550875931,9.745697021484375,0.5283638834953308,0.8604206442832947,
dish_1550875968,11.810006141662598,0.5948047637939453,0.770779013633728,
dish_1550876012,8.935206413269043,0.5119816660881042,0.9056136012077332,
dish_1550876055,8.273758888244629,0.4225267171859741,0.9617903232574463,
dish_1550876249,9.163650512695312,0.35451194643974304,0.8711511492729187,
dish_1550876298,9.696292877197266,0.5032697916030884,0.8391281366348267,
dish_1550876376,11.698575019836426,0.5819565057754517,0.760352611541748,
dish_1550876416,8.579350471496582,0.4026866555213928,0.9415922164916992,
dish_1550876467,9.019112586975098,0.5178825855255127,0.9133411645889282,
dish_1550876619,10.343086242675781,0.5509196519851685,0.8472602963447571,
dish_1550876748,11.460784912109375,0.5896778702735901,0.7263714671134949,
dish_1550876819,11.359286308288574,0.5450736284255981,0.805204451084137,
dish_1550876892,8.61949634552002,0.3519135117530823,0.9086632132530212,
dish_1550876969,11.441370964050293,0.5747697949409485,0.8604534864425659,
dish_1551122493,8.391818046569824,0.373464971780777,0.9393701553344727,
dish_1551122567,8.513195037841797,0.410564124584198,0.9584123492240906,
dish_1551123633,9.227200508117676,0.421843945980072,0.942199170589447,
dish_1551123904,8.66303825378418,0.4231609106063843,0.906380295753479,
dish_1551123986,8.339699745178223,0.4942145347595215,0.9101806879043579,
dish_1551124062,10.028707504272461,0.44881966710090637,0.8678305745124817,
dish_1551124116,9.319851875305176,0.47215014696121216,0.9534468054771423,
dish_1551124157,9.294548988342285,0.4969084560871124,0.9645219445228577,
dish_1551124221,10.961395263671875,0.5337052345275879,0.8408424854278564,
dish_1551124267,6.816055774688721,0.3872741162776947,0.9618306159973145,
dish_1551124322,7.684118270874023,0.44810089468955994,0.9447468519210815,
dish_1551124362,7.875333309173584,0.5014926791191101,0.9571991562843323,
dish_1551124407,7.420469760894775,0.45050323009490967,0.9298496246337891,
dish_1551124481,8.306029319763184,0.473470002412796,0.9292110204696655,
dish_1551124591,7.521140098571777,0.31997454166412354,0.9569459557533264,
dish_1551124637,8.64012336730957,0.43383321166038513,0.9532597064971924,
dish_1551124687,8.842487335205078,0.5721351504325867,0.9510188102722168,
dish_1551124723,6.2359771728515625,0.3359275758266449,1.0006332397460938,
dish_1551125258,8.409335136413574,0.4728500247001648,0.9095458388328552,
dish_1551125305,7.161463260650635,0.4792163670063019,0.9371645450592041,
dish_1551125357,8.782429695129395,0.4843219220638275,0.9086487293243408,
dish_1551125384,6.858851909637451,0.5044203996658325,0.9263253808021545,
dish_1551125436,7.134981632232666,0.5288380980491638,0.9421154260635376,
dish_1551133789,10.93569564819336,0.5358450412750244,0.8483844995498657,
dish_1551133870,11.428916931152344,0.6494951248168945,0.8474316596984863,
dish_1551134053,10.340458869934082,0.449698805809021,0.8703701496124268,
dish_1551134138,9.158867835998535,0.4315071702003479,0.9593067169189453,
dish_1551134208,8.75624942779541,0.3496555685997009,0.9761306643486023,
dish_1551134442,7.797243595123291,0.4045555889606476,0.9420686960220337,
dish_1551134622,9.461771965026855,0.5149766206741333,0.8643507361412048,
dish_1551135767,7.6197590827941895,0.46006685495376587,0.9711068868637085,
dish_1551135896,8.24608039855957,0.503662109375,0.8798033595085144,
dish_1551136043,8.128859519958496,0.26270541548728943,0.9334169030189514,
dish_1551136264,9.994282722473145,0.5319695472717285,0.8689556121826172,
dish_1551136315,7.930647850036621,0.5071908831596375,0.9505206942558289,
dish_1551136396,7.420877456665039,0.46757158637046814,0.9474150538444519,
dish_1551136531,8.869366645812988,0.2942919135093689,0.8981049060821533,
dish_1551136610,9.718618392944336,0.4495055079460144,0.8709930181503296,
dish_1551136683,10.105525970458984,0.5120461583137512,0.9185987710952759,
dish_1551136769,8.856392860412598,0.38261979818344116,0.9683846831321716,
dish_1551136814,9.381519317626953,0.42463696002960205,0.9350301027297974,
dish_1551136891,8.708972930908203,0.4136444628238678,0.9341047406196594,
dish_1551137091,11.256775856018066,0.560438334941864,0.8913040161132812,
dish_1551137173,7.795381546020508,0.42848652601242065,0.9052760601043701,
dish_1551137277,9.627509117126465,0.46053123474121094,0.9404127597808838,
dish_1551137348,7.863804817199707,0.4660778045654297,0.9621150493621826,
dish_1551137431,11.887056350708008,0.5914754271507263,0.7993888854980469,
dish_1551138110,8.017716407775879,0.2396806925535202,0.9290004968643188,
dish_1551138180,9.172514915466309,0.45171526074409485,0.9375916719436646,
dish_1551138237,9.54471206665039,0.4409961402416229,0.9045554399490356,
dish_1551138312,9.050474166870117,0.46863606572151184,0.979132890701294,
dish_1551139066,8.489860534667969,0.37633955478668213,0.8843133449554443,
dish_1551139192,8.821313858032227,0.2929384708404541,0.8975206613540649,
dish_1551139260,8.430092811584473,0.5299959182739258,0.883981466293335,
dish_1551139325,7.8609113693237305,0.44353458285331726,0.9581705927848816,
dish_1551139367,8.634563446044922,0.4538204073905945,0.9549771547317505,
dish_1551139415,11.521123886108398,0.6369445323944092,0.8614215850830078,
dish_1551139487,7.518162250518799,0.34675362706184387,0.9376343488693237,
dish_1551139535,8.590514183044434,0.45687490701675415,0.8985018730163574,
dish_1551139576,7.149386882781982,0.4510687291622162,0.9462117552757263,
dish_1551139606,6.773922443389893,0.4115581512451172,0.9600129723548889,
dish_1551139675,9.529091835021973,0.3473379611968994,0.8972094058990479,
dish_1551139764,9.865204811096191,0.43020951747894287,0.8695087432861328,
dish_1551139831,7.5684814453125,0.44949230551719666,0.9293144345283508,
dish_1551139874,7.376283645629883,0.36505305767059326,0.9675450921058655,
dish_1551139956,7.99241304397583,0.4610370397567749,0.9529324769973755,
dish_1551141628,8.386634826660156,0.3607407212257385,0.9017155766487122,
dish_1551141670,7.8350677490234375,0.4176473021507263,0.9238919019699097,
dish_1551141779,7.156200885772705,0.3680083751678467,0.9782239198684692,
dish_1551141849,9.797162055969238,0.5005317330360413,0.8785921931266785,
dish_1551141892,7.603106498718262,0.4553048014640808,0.933691143989563,
dish_1551141931,9.005508422851562,0.4705842137336731,0.9013294577598572,
dish_1551142001,8.08647346496582,0.38513845205307007,0.9545233249664307,
dish_1551142046,7.750179290771484,0.445648193359375,0.9740972518920898,
dish_1551142128,13.00394058227539,0.6999950408935547,0.8124316334724426,
dish_1551142459,8.745140075683594,0.48564714193344116,0.896225094795227,
dish_1551142509,7.991454601287842,0.34102416038513184,0.9495676755905151,
dish_1551142547,9.96221923828125,0.5082131624221802,0.9374837875366211,
dish_1551142589,9.872564315795898,0.5406659841537476,0.9360854029655457,
dish_1551221581,10.981127738952637,0.5485228896141052,0.8349542021751404,
dish_1551221801,8.902501106262207,0.31975623965263367,0.8880056738853455,
dish_1551221853,10.057679176330566,0.46088168025016785,0.8592776656150818,
dish_1551221892,9.902226448059082,0.4709879457950592,0.9046618342399597,
dish_1551221935,9.008095741271973,0.38767117261886597,0.9026260375976562,
dish_1551222036,9.543916702270508,0.4493613541126251,0.8707754611968994,
dish_1551222068,9.36618423461914,0.5050751566886902,0.8933099508285522,
dish_1551222188,9.509413719177246,0.5180345177650452,0.8815577030181885,
dish_1551222225,8.045373916625977,0.3542380630970001,0.9775232672691345,
dish_1551222311,8.908249855041504,0.45838287472724915,0.9492440819740295,
dish_1551222363,9.477631568908691,0.44372865557670593,0.8689610362052917,
dish_1551222472,8.411102294921875,0.41720402240753174,0.9031400680541992,
dish_1551222527,9.859931945800781,0.45807400345802307,0.8602175116539001,
dish_1551222558,9.10114860534668,0.4600251317024231,0.9314536452293396,
dish_1551222587,8.138611793518066,0.4212842583656311,0.9408808946609497,
dish_1551222638,10.856548309326172,0.46694236993789673,0.835827112197876,
dish_1551222712,7.225484371185303,0.5172008275985718,0.8659615516662598,
dish_1551223394,9.018120765686035,0.46863168478012085,0.942112922668457,
dish_1551224001,8.021209716796875,0.6143773198127747,0.8415895700454712,
dish_1551224089,7.042429447174072,0.3719404339790344,0.8980773091316223,
dish_1551224138,7.259522914886475,0.36715641617774963,0.9957515597343445,
dish_1551224175,6.679287910461426,0.4748534560203552,0.9428572654724121,
dish_1551224208,6.8605756759643555,0.49264368414878845,0.9323567152023315,
dish_1551224283,8.95136833190918,0.42689454555511475,0.880237340927124,
dish_1551224380,9.237521171569824,0.3340837359428406,0.8732798099517822,
dish_1551224447,8.912938117980957,0.4500155448913574,0.8951409459114075,
dish_1551224483,8.894087791442871,0.4372095465660095,0.9455428719520569,
dish_1551224534,8.811372756958008,0.4366067945957184,0.9435433149337769,
dish_1551224647,7.756410598754883,0.47121310234069824,0.9279444813728333,
dish_1551224689,8.1737060546875,0.359510213136673,0.9220983982086182,
dish_1551224751,9.251404762268066,0.5321161150932312,0.845181405544281,
dish_1551224787,7.340280532836914,0.48670101165771484,0.9393473863601685,
dish_1551224833,7.478919982910156,0.49971333146095276,0.9666843414306641,
dish_1551224928,7.734152793884277,0.45214879512786865,0.8736317157745361,
dish_1551225021,9.65813159942627,0.4578629434108734,0.8689594268798828,
dish_1551225067,9.943760871887207,0.4149377644062042,0.8777467012405396,
dish_1551225106,8.714604377746582,0.49475714564323425,0.9167230725288391,
dish_1551225155,8.68351936340332,0.5137602686882019,0.9311798810958862,
dish_1551225281,10.153192520141602,0.47343793511390686,0.8722630739212036,
dish_1551225381,7.940022945404053,0.22169551253318787,0.9030788540840149,
dish_1551225467,8.703919410705566,0.28559446334838867,0.925718367099762,
dish_1551225501,9.087310791015625,0.5404589176177979,0.9735152125358582,
dish_1551225541,7.744459629058838,0.44124656915664673,0.9478544592857361,
dish_1551225609,7.9482526779174805,0.28221702575683594,0.9420596957206726,
dish_1551225666,8.131964683532715,0.47829875349998474,0.9007505178451538,
dish_1551226475,6.819690227508545,0.47068899869918823,0.9351661205291748,
dish_1551226840,7.217741966247559,0.31314966082572937,0.9520590305328369,
dish_1551226892,8.701041221618652,0.25735077261924744,0.8904642462730408,
dish_1551226948,6.7800445556640625,0.3412173390388489,0.9841234087944031,
dish_1551226999,7.882626533508301,0.40016770362854004,0.9950101971626282,
dish_1551227050,7.0675129890441895,0.3577377200126648,0.9776808023452759,
dish_1551227165,7.571447372436523,0.2592017650604248,0.9365968108177185,
dish_1551227216,8.586238861083984,0.3896370232105255,0.91298907995224,
dish_1551227280,9.606358528137207,0.52104651927948,0.8914819359779358,
dish_1551227325,8.632404327392578,0.5434752106666565,0.9373268485069275,
dish_1551227380,7.7722368240356445,0.3985978066921234,0.9585098028182983,
dish_1551227435,6.18267822265625,0.2926085591316223,0.9452013969421387,
dish_1551227539,8.370174407958984,0.27095603942871094,0.9243102073669434,
dish_1551227581,6.465140342712402,0.2978619635105133,0.9426205158233643,
dish_1551227628,7.112903594970703,0.4132677912712097,0.9472165703773499,
dish_1551227669,6.6994547843933105,0.3608853816986084,0.9905601143836975,
dish_1551228296,8.662260055541992,0.3644269108772278,0.9171302914619446,
dish_1551228355,7.279137134552002,0.1479649692773819,0.9345363974571228,
dish_1551228396,7.31281042098999,0.20330485701560974,0.9403768181800842,
dish_1551228438,8.859574317932129,0.45448920130729675,0.9825792908668518,
dish_1551228478,7.272526264190674,0.3308863937854767,0.9806458950042725,
dish_1551228551,8.785317420959473,0.45187851786613464,0.8819131851196289,
dish_1551228582,8.668869972229004,0.323406845331192,0.8867614269256592,
dish_1551228630,10.281205177307129,0.4603250324726105,0.8664986491203308,
dish_1551228669,9.960878372192383,0.5047537088394165,0.9015689492225647,
dish_1551228715,7.115236282348633,0.3085094094276428,0.9667726755142212,
dish_1551228830,9.480247497558594,0.36246711015701294,0.8630085587501526,
dish_1551228876,8.110254287719727,0.3436558246612549,0.9406729936599731,
dish_1551233007,7.328330993652344,0.36897116899490356,0.9624192118644714,
dish_1551233095,8.803382873535156,0.442964643239975,0.8533076643943787,
dish_1551233150,7.549108982086182,0.26074063777923584,0.9401061534881592,
dish_1551233180,9.265413284301758,0.44325512647628784,0.9051231741905212,
dish_1551233210,7.233834743499756,0.31210070848464966,0.968374490737915,
dish_1551233248,7.640082836151123,0.3668983280658722,0.9523215889930725,
dish_1551233313,8.406100273132324,0.41225868463516235,0.8693609833717346,
dish_1551233345,7.787778854370117,0.21662473678588867,0.9202983379364014,
dish_1551233375,7.788883209228516,0.4733010530471802,0.9241716861724854,
dish_1551233403,6.992997646331787,0.41310402750968933,0.9650721549987793,
dish_1551233434,6.597646236419678,0.29796671867370605,0.9256668090820312,
dish_1551233491,9.308263778686523,0.4139624536037445,0.8678906559944153,
dish_1551233523,8.596040725708008,0.2577264606952667,0.8960920572280884,
dish_1551233573,7.82658052444458,0.5567268133163452,0.9008575677871704,
dish_1551233610,7.37617826461792,0.24597293138504028,0.9758790135383606,
dish_1551233633,7.782437324523926,0.4082338213920593,0.9506511092185974,
dish_1551233708,7.047705173492432,0.23388099670410156,0.9495500326156616,
dish_1551233745,7.613277912139893,0.29897022247314453,0.9118169546127319,
dish_1551233802,9.344026565551758,0.30498164892196655,0.860478401184082,
dish_1551233827,7.701887607574463,0.2298819124698639,0.9607840180397034,
dish_1551233859,7.785072326660156,0.29628705978393555,0.9423359632492065,
dish_1551233938,8.266669273376465,0.33322879672050476,0.9094293117523193,
dish_1551233982,8.183987617492676,0.3133879005908966,0.9158099889755249,
dish_1551234017,7.143701076507568,0.30815285444259644,0.9675200581550598,
dish_1551234046,7.531553745269775,0.269731342792511,0.9618915915489197,
dish_1551234106,7.441394329071045,0.32006266713142395,0.9853858947753906,
dish_1551234185,7.935436248779297,0.45744723081588745,0.877741813659668,
dish_1551234214,7.442406177520752,0.27664807438850403,0.9256901144981384,
dish_1551234316,7.730551242828369,0.3915688395500183,0.9566834568977356,
dish_1551235109,6.87576961517334,0.2186148762702942,0.9899480938911438,
dish_1551235171,8.739115715026855,0.3557836711406708,0.9242032766342163,
dish_1551235211,7.898982524871826,0.43554139137268066,0.9140583276748657,
dish_1551235240,8.783838272094727,0.43732479214668274,0.9576433897018433,
dish_1551235270,7.744770526885986,0.34852495789527893,0.976041316986084,
dish_1551235561,6.958221435546875,0.16201254725456238,0.9509838819503784,
dish_1551235600,9.320938110351562,0.4882512390613556,0.849111795425415,
dish_1551235669,8.773394584655762,0.44275572896003723,0.8859107494354248,
dish_1551235759,8.644718170166016,0.4524024724960327,0.9921637773513794,
dish_1551235868,7.963412284851074,0.43143346905708313,0.951667845249176,
dish_1551235946,6.7498979568481445,0.34022367000579834,0.9832894206047058,
dish_1551235983,7.076212406158447,0.37484246492385864,0.9283977746963501,
dish_1551236011,6.707255840301514,0.3745554983615875,1.0137165784835815,
dish_1551236159,7.401197910308838,0.39456674456596375,0.9784448146820068,
dish_1551236417,6.9554338455200195,0.20533886551856995,0.935528039932251,
dish_1551236466,8.024887084960938,0.36850130558013916,0.9346339106559753,
dish_1551236495,7.261774063110352,0.30147603154182434,0.9727967977523804,
dish_1551236521,8.429356575012207,0.44297248125076294,0.9575233459472656,
dish_1551236550,8.617473602294922,0.38076090812683105,0.9542722105979919,
dish_1551236621,6.97530460357666,0.2909863591194153,0.9703521728515625,
dish_1551236657,8.1853666305542,0.34816065430641174,0.9119657278060913,
dish_1551236712,8.314494132995605,0.3123217821121216,0.9086130261421204,
dish_1551236775,7.959222316741943,0.4684869945049286,0.9214136004447937,
dish_1551236827,7.537547588348389,0.38882172107696533,0.9838696122169495,
dish_1551236949,6.711379051208496,0.40651753544807434,0.9448552131652832,
dish_1551236981,7.779411792755127,0.397476464509964,0.9099038243293762,
dish_1551237016,8.035902976989746,0.3570001423358917,0.911611795425415,
dish_1551237046,7.373171329498291,0.4551905691623688,0.9322143197059631,
dish_1551237079,5.926358222961426,0.3209872841835022,0.9509496688842773,
dish_1551237180,10.766721725463867,0.564143180847168,0.8697706460952759,
dish_1551237231,9.07620906829834,0.3959463834762573,0.8937824964523315,
dish_1551237274,6.478995323181152,0.11953465640544891,0.953431248664856,
dish_1551237321,7.713796615600586,0.4196007251739502,1.0053058862686157,
dish_1551237348,7.920111179351807,0.42840975522994995,0.9907218217849731,
dish_1551237436,8.71259880065918,0.3833490312099457,0.9011616110801697,
dish_1551237463,10.039487838745117,0.6304559707641602,0.8547317385673523,
dish_1551303476,6.928901195526123,0.36224573850631714,0.9764017462730408,
dish_1551303644,8.569639205932617,0.4276956617832184,0.9540426135063171,
dish_1551303727,7.065273761749268,0.455766499042511,0.9052813053131104,
dish_1551303770,8.380792617797852,0.37214353680610657,0.9258143305778503,
dish_1551303822,7.234826564788818,0.48320814967155457,0.9791985750198364,
dish_1551303866,7.099636554718018,0.48128315806388855,0.9912154674530029,
dish_1551303912,6.213314056396484,0.4438139796257019,0.8830346465110779,
dish_1551303984,7.878021240234375,0.18646931648254395,0.9210028052330017,
dish_1551304110,8.900492668151855,0.39421743154525757,0.8922193646430969,
dish_1551304155,6.895511627197266,0.3670196533203125,0.9503337144851685,
dish_1551304197,7.347629547119141,0.40803542733192444,0.9463275671005249,
dish_1551304349,8.077291488647461,0.2670169472694397,0.9405737519264221,
dish_1551304456,7.871123313903809,0.40772294998168945,0.9671080708503723,
dish_1551304571,9.241802215576172,0.4012185335159302,0.8889585137367249,
dish_1551304608,9.308073043823242,0.5471998453140259,0.9692058563232422,
dish_1551304741,8.41474723815918,0.4116740822792053,1.0143812894821167,
dish_1551304854,8.658955574035645,0.3924410045146942,0.9216949343681335,
dish_1551304973,7.9120283126831055,0.4616769552230835,0.8964597582817078,
dish_1551305168,8.577408790588379,0.343020498752594,0.8983718752861023,
dish_1551305209,7.143083095550537,0.37864720821380615,0.9817780256271362,
dish_1551305257,8.326992988586426,0.4803815484046936,0.9196963906288147,
dish_1551305410,9.465384483337402,0.33646515011787415,0.8566316962242126,
dish_1551306241,7.7118659019470215,0.38523128628730774,0.9273139238357544,
dish_1551306290,8.580751419067383,0.32255178689956665,0.8847950100898743,
dish_1551306339,9.227421760559082,0.41697537899017334,0.9238089919090271,
dish_1551306375,7.545080661773682,0.34659987688064575,0.9874185919761658,
dish_1551306452,6.389382362365723,0.5006825923919678,0.8697987198829651,
dish_1551306491,9.96239948272705,0.5124471783638,0.8591292500495911,
dish_1551307394,8.648894309997559,0.43599435687065125,0.9511620998382568,
dish_1551313782,7.942753791809082,0.41006699204444885,0.9093877673149109,
dish_1551313822,8.790895462036133,0.399422824382782,0.8599542379379272,
dish_1551313872,6.1946210861206055,0.4254584014415741,0.9058068990707397,
dish_1551313896,6.221298694610596,0.38768529891967773,0.9653135538101196,
dish_1551313924,6.4054765701293945,0.3783525824546814,0.9835008382797241,
dish_1551314022,6.810447692871094,0.26790276169776917,0.9088218212127686,
dish_1551314048,8.02812385559082,0.373338520526886,0.8947555422782898,
dish_1551314095,8.953617095947266,0.4426845908164978,0.8440648317337036,
dish_1551314121,8.608139991760254,0.4320676922798157,0.9265323281288147,
dish_1551314163,9.250809669494629,0.4623763859272003,0.9181150197982788,
dish_1551314254,9.361698150634766,0.41227987408638,0.8750141263008118,
dish_1551314290,9.719566345214844,0.4320383369922638,0.8657698631286621,
dish_1551314337,11.697502136230469,0.6339293718338013,0.7976682782173157,
dish_1551314360,9.761344909667969,0.5364757180213928,0.879951000213623,
dish_1551314390,9.369796752929688,0.42348143458366394,0.9177985191345215,
dish_1551314442,7.097294330596924,0.3604215681552887,0.9328926205635071,
dish_1551314496,8.804391860961914,0.4558326005935669,0.9019163846969604,
dish_1551314531,8.11316967010498,0.39298123121261597,0.9941595792770386,
dish_1551314560,6.499077796936035,0.29647496342658997,1.0109294652938843,
dish_1551314589,6.701920986175537,0.3915979564189911,0.9987513422966003,
dish_1551314669,8.74098014831543,0.28760284185409546,0.9168785810470581,
dish_1551314810,8.91746711730957,0.46287891268730164,0.9199826121330261,
dish_1551314855,9.20853042602539,0.4630298316478729,0.8697199821472168,
dish_1551314927,7.655137538909912,0.3666035532951355,0.9555046558380127,
dish_1551314967,8.058274269104004,0.3966893255710602,0.9634056687355042,
dish_1551316737,9.009698867797852,0.38083571195602417,0.8921245336532593,
dish_1551316788,9.829814910888672,0.5222969055175781,0.8958381414413452,
dish_1551318422,8.8267240524292,0.4238262474536896,1.0015723705291748,
dish_1551318504,10.264037132263184,0.5590208768844604,0.8898403644561768,
dish_1551318543,9.244386672973633,0.3140271306037903,0.8845263123512268,
dish_1551318603,8.98049259185791,0.42807647585868835,0.9022547006607056,
dish_1551318673,10.363520622253418,0.5431054830551147,0.9108448624610901,
dish_1551318716,8.384492874145508,0.3644844591617584,0.9748839139938354,
dish_1551319895,8.43942642211914,0.3302775025367737,0.9155114889144897,
dish_1551320684,6.481239318847656,0.3875814974308014,0.9294835925102234,
dish_1551321715,9.1196928024292,0.4430382549762726,0.881322979927063,
dish_1551321757,7.045060157775879,0.4840276539325714,0.935555100440979,
dish_1551321793,7.1860504150390625,0.39095747470855713,0.971633791923523,
dish_1551322577,8.591523170471191,0.35463839769363403,0.9088166356086731,
dish_1551322652,8.952363014221191,0.3845851719379425,0.904098391532898,
dish_1551322714,8.261326789855957,0.3735670745372772,0.9015488624572754,
dish_1551322755,9.285301208496094,0.44795846939086914,0.9150592088699341,
dish_1551322804,8.826221466064453,0.39513957500457764,0.9653135538101196,
dish_1551322890,8.695232391357422,0.31232836842536926,0.9402908682823181,
dish_1551322934,6.594064712524414,0.39104872941970825,0.9414706826210022,
dish_1551322988,8.032136917114258,0.2422662079334259,0.9222983121871948,
dish_1551323035,8.324414253234863,0.39450526237487793,0.9520057439804077,
dish_1551323073,9.038618087768555,0.4343738555908203,0.9304215908050537,
dish_1551323219,8.881484985351562,0.4507533609867096,0.8860644698143005,
dish_1551323262,7.96790885925293,0.2923673689365387,0.8960269689559937,
dish_1551323309,8.23982048034668,0.4414023160934448,0.9735164046287537,
dish_1551323342,7.618828773498535,0.37576228380203247,0.983983039855957,
dish_1551323381,7.418950080871582,0.363320916891098,0.9893898963928223,
dish_1551323433,7.938562870025635,0.34928616881370544,0.9149829149246216,
dish_1551323487,8.513337135314941,0.3215574324131012,0.9327692985534668,
dish_1551323937,6.322635173797607,0.41165560483932495,0.9301142692565918,
dish_1551323969,7.553614616394043,0.41504591703414917,0.9450268149375916,
dish_1551324010,6.888206481933594,0.3579917550086975,0.9823598861694336,
dish_1551324079,9.307518005371094,0.45482444763183594,0.8630822896957397,
dish_1551324180,8.25877857208252,0.3527607321739197,0.9461666345596313,
dish_1551324246,8.447370529174805,0.4288901686668396,0.9061477184295654,
dish_1551324284,7.958222389221191,0.3807934820652008,0.9694823026657104,
dish_1551324331,7.421630382537842,0.30920177698135376,0.9903491139411926,
dish_1551373181,11.32013988494873,0.5956449508666992,0.7587644457817078,
dish_1551373253,11.104120254516602,0.45417869091033936,0.8605461716651917,
dish_1551373647,9.147114753723145,0.38233640789985657,0.8850795030593872,
dish_1551373738,7.604712963104248,0.2824070155620575,0.996906578540802,
dish_1551373813,8.555983543395996,0.3907303810119629,0.98321133852005,
dish_1551374021,8.156678199768066,0.5389009714126587,0.9050004482269287,
dish_1551374155,8.442096710205078,0.5386242270469666,0.8901677131652832,
dish_1551374189,10.606880187988281,0.5002943873405457,0.8362327218055725,
dish_1551374222,7.839774131774902,0.43065330386161804,0.9591489434242249,
dish_1551374332,8.63659381866455,0.46608683466911316,0.945411741733551,
dish_1551374440,11.903433799743652,0.5990252494812012,0.7829753160476685,
dish_1551374463,8.550333976745605,0.48202821612358093,0.9032853841781616,
dish_1551374502,7.642494201660156,0.25240400433540344,0.9281964898109436,
dish_1551374527,8.249996185302734,0.40659594535827637,0.9499852061271667,
dish_1551374560,8.120919227600098,0.3992084562778473,0.9420427680015564,
dish_1551374604,8.955606460571289,0.42196011543273926,0.8899240493774414,
dish_1551374665,8.775768280029297,0.29601648449897766,0.8730534315109253,
dish_1551374712,9.927084922790527,0.4480384588241577,0.8679758310317993,
dish_1551374746,9.076199531555176,0.46696850657463074,0.9126160144805908,
dish_1551374783,7.60959529876709,0.24627840518951416,0.9681994915008545,
dish_1551374831,8.49383544921875,0.3894902765750885,0.9488229155540466,
dish_1551374895,7.890480995178223,0.37630146741867065,0.902495265007019,
dish_1551374946,8.366975784301758,0.4404117465019226,0.887412965297699,
dish_1551374982,7.0336456298828125,0.434420645236969,0.9729268550872803,
dish_1551375027,6.846954345703125,0.40225809812545776,0.9579133987426758,
dish_1551375086,9.592619895935059,0.4742896556854248,0.9131454229354858,
dish_1551375142,7.9931488037109375,0.4253522455692291,0.9463657736778259,
dish_1551375189,7.637094020843506,0.40408211946487427,0.9283428192138672,
dish_1551375848,7.772540092468262,0.37951385974884033,0.9347231984138489,
dish_1551375933,8.48375129699707,0.22254593670368195,0.9231330752372742,
dish_1551375981,8.764928817749023,0.5037668347358704,0.8953708410263062,
dish_1551376575,7.426395416259766,0.40655115246772766,0.940416693687439,
dish_1551376623,7.81128454208374,0.4622686803340912,0.9281405210494995,
dish_1551376692,8.949821472167969,0.38364654779434204,0.9123836755752563,
dish_1551376892,7.905214786529541,0.3837544620037079,0.9120226502418518,
dish_1551376933,6.966772079467773,0.36167511343955994,0.9904814958572388,
dish_1551376970,7.8710222244262695,0.469923734664917,0.9714804887771606,
dish_1551377052,9.263062477111816,0.4711391031742096,0.8735461235046387,
dish_1551377094,8.719110488891602,0.38588428497314453,0.8937152624130249,
dish_1551377135,9.104594230651855,0.4195629954338074,0.9025694727897644,
dish_1551377177,6.939608097076416,0.289188027381897,0.9844236373901367,
dish_1551377209,7.470615863800049,0.34110280871391296,1.0089111328125,
dish_1551377316,8.90374755859375,0.3470935523509979,0.9263321161270142,
dish_1551377388,9.868515968322754,0.4384625554084778,0.8575420379638672,
dish_1551377438,8.525317192077637,0.3519672453403473,0.9609123468399048,
dish_1551377473,7.979740142822266,0.32441583275794983,0.9619970321655273,
dish_1551377521,7.909342288970947,0.3478451371192932,0.9743699431419373,
dish_1551377674,7.11326265335083,0.4011079668998718,0.9389018416404724,
dish_1551377737,9.027140617370605,0.46916383504867554,0.9489190578460693,
dish_1551377782,7.28261661529541,0.2209145426750183,0.9658909440040588,
dish_1551377828,8.185132026672363,0.49868670105934143,0.9746651649475098,
dish_1551377874,7.405695915222168,0.41340136528015137,1.0014272928237915,
dish_1551378018,8.109488487243652,0.4213610291481018,0.9166868925094604,
dish_1551378054,7.02695369720459,0.3153347671031952,0.9734272956848145,
dish_1551378099,13.664337158203125,0.7187108397483826,0.7877370119094849,
dish_1551378151,7.03701639175415,0.3204917311668396,0.9942701458930969,
dish_1551378179,7.576933860778809,0.38575491309165955,0.9697325229644775,
dish_1551378955,7.856703758239746,0.30646535754203796,0.9379695653915405,
dish_1551378996,8.745911598205566,0.4469791054725647,0.9562975764274597,
dish_1551379045,7.242495059967041,0.3616500198841095,0.9553873538970947,
dish_1551379162,7.341590881347656,0.4500366747379303,0.9075512886047363,
dish_1551379252,7.1256842613220215,0.35453012585639954,0.9494552612304688,
dish_1551379331,9.294227600097656,0.47525346279144287,0.8684538006782532,
dish_1551379379,6.657937526702881,0.4756033420562744,0.9512463808059692,
dish_1551379408,7.1039533615112305,0.3820696175098419,0.9812459349632263,
dish_1551379478,8.998019218444824,0.3586934208869934,0.9008576273918152,
dish_1551379524,8.470684051513672,0.32891392707824707,0.9272845387458801,
dish_1551379566,8.66281795501709,0.4047943651676178,0.9360523819923401,
dish_1551379605,7.854160785675049,0.32469168305397034,0.9761594533920288,
dish_1551379654,8.408824920654297,0.3751443922519684,0.9749583005905151,
dish_1551379741,7.898550510406494,0.2625921368598938,0.9367517232894897,
dish_1551379788,6.871664047241211,0.2955910563468933,0.9364150762557983,
dish_1551379852,8.926509857177734,0.38021939992904663,0.9323408603668213,
dish_1551379881,7.953410625457764,0.3838823139667511,1.007328987121582,
dish_1551379922,7.163283824920654,0.3520975708961487,1.0012593269348145,
dish_1551380856,8.853350639343262,0.3335283696651459,0.883840024471283,
dish_1551380950,8.168342590332031,0.30520886182785034,0.9322771430015564,
dish_1551381050,8.544065475463867,0.3676208257675171,0.9545353651046753,
dish_1551381103,8.508859634399414,0.49823254346847534,0.9304456114768982,
dish_1551381173,8.139771461486816,0.19064483046531677,0.9166879653930664,
dish_1551381208,7.698531150817871,0.2753879725933075,0.9057251811027527,
dish_1551381249,8.857547760009766,0.3590213656425476,0.8981720209121704,
dish_1551381285,8.741971969604492,0.4046674072742462,0.9153924584388733,
dish_1551381321,8.650179862976074,0.38280177116394043,0.9174361824989319,
dish_1551381365,7.699329853057861,0.21146368980407715,0.8985053300857544,
dish_1551381404,7.216292381286621,0.5105710029602051,0.8800444006919861,
dish_1551382149,9.236528396606445,0.5126852989196777,0.9168534278869629,
dish_1551382179,8.813102722167969,0.45883870124816895,0.9168785214424133,
dish_1551382255,6.918139457702637,0.37264400720596313,0.9451944231987,
dish_1551384024,6.440474033355713,0.27435383200645447,0.9763376116752625,
dish_1551384080,7.57343053817749,0.20534418523311615,0.9244077801704407,
dish_1551384115,7.5184645652771,0.4541340470314026,1.0000464916229248,
dish_1551384167,6.960042953491211,0.4685206413269043,0.9531823396682739,
dish_1551388984,8.300695419311523,0.37823179364204407,0.9007088541984558,
dish_1551389118,9.683086395263672,0.4320756793022156,0.8760489821434021,
dish_1551389176,7.992732048034668,0.29582422971725464,0.9288910627365112,
dish_1551389218,7.960838317871094,0.36866408586502075,0.9447119235992432,
dish_1551389268,7.3044233322143555,0.38687241077423096,0.9600667953491211,
dish_1551389387,8.882322311401367,0.4207744896411896,0.8627164363861084,
dish_1551389458,9.028411865234375,0.31843599677085876,0.8985130786895752,
dish_1551389506,8.358444213867188,0.3466407060623169,0.9391434192657471,
dish_1551389551,9.590682029724121,0.48740747570991516,0.9278172850608826,
dish_1551389588,8.828978538513184,0.422730952501297,0.9376874566078186,
dish_1551389684,8.531511306762695,0.5253264307975769,0.9195464849472046,
dish_1551389749,8.660825729370117,0.2678769528865814,0.8941366672515869,
dish_1551390006,8.096673011779785,0.29733535647392273,0.8982985019683838,
dish_1551390051,8.447765350341797,0.4214952290058136,0.9255892634391785,
dish_1551390215,7.9062066078186035,0.45140981674194336,0.8543410301208496,
dish_1551390265,9.37908935546875,0.442618727684021,0.8774436116218567,
dish_1551390304,8.317103385925293,0.399798184633255,0.8896262049674988,
dish_1551390341,7.696114540100098,0.4692046642303467,0.9355661273002625,
dish_1551390382,8.72222900390625,0.491820752620697,0.9523985385894775,
dish_1551390429,8.736817359924316,0.49017050862312317,0.8934072256088257,
dish_1551390474,9.65555477142334,0.3648437261581421,0.8496808409690857,
dish_1551390837,9.353297233581543,0.4410873055458069,0.9544956684112549,
dish_1551390872,7.8302483558654785,0.44786396622657776,0.9416617751121521,
dish_1551390930,8.645537376403809,0.2758844792842865,0.9058119058609009,
dish_1551390979,7.72051477432251,0.38654738664627075,0.8977102637290955,
dish_1551391034,8.077451705932617,0.30418306589126587,0.9038207530975342,
dish_1551391083,7.585036277770996,0.381582111120224,0.9449011087417603,
dish_1551391122,8.64360237121582,0.4539954960346222,0.9195027351379395,
dish_1551391197,8.717137336730957,0.3398631811141968,0.8877444267272949,
dish_1551391257,9.12952709197998,0.3712715208530426,0.9069409370422363,
dish_1551391302,7.804059982299805,0.28145110607147217,0.9260345697402954,
dish_1551391337,8.468817710876465,0.40851154923439026,0.9433701038360596,
dish_1551391379,9.862144470214844,0.49341851472854614,0.9353470206260681,
dish_1551391438,10.094938278198242,0.42170020937919617,0.8446637988090515,
dish_1551391477,8.16927719116211,0.48860105872154236,0.9422126412391663,
dish_1551391505,7.871986389160156,0.403859943151474,0.9523445963859558,
dish_1551391543,7.455554485321045,0.4215163290500641,0.9831898212432861,
dish_1551391586,6.393889904022217,0.3492467403411865,0.9867854714393616,
dish_1551391672,7.57229471206665,0.2300695776939392,0.9027097821235657,
dish_1551391710,7.91005277633667,0.40446579456329346,0.9527319073677063,
dish_1551391733,9.058411598205566,0.2902538776397705,0.8583581447601318,
dish_1551391758,8.222175598144531,0.48217520117759705,0.9194211959838867,
dish_1551391795,7.892952919006348,0.36563244462013245,0.9521633982658386,
dish_1551392271,10.126895904541016,0.4925883710384369,0.8267281651496887,
dish_1551392316,8.889183044433594,0.48635342717170715,0.9048163294792175,
dish_1551392347,7.030726432800293,0.29821282625198364,0.9338348507881165,
dish_1551392376,8.033381462097168,0.5033759474754333,0.9119986295700073,
dish_1551392424,6.955929279327393,0.39192402362823486,0.933353841304779,
dish_1551392519,8.570948600769043,0.3008273243904114,0.9030595421791077,
dish_1551392557,8.448850631713867,0.4127344489097595,0.9746126532554626,
dish_1551392590,8.4303560256958,0.3946337401866913,0.9079603552818298,
dish_1551392654,8.149164199829102,0.418059766292572,0.990451455116272,
dish_1551392701,8.66347885131836,0.44665613770484924,0.9718924760818481,
dish_1551392752,7.462423324584961,0.395134836435318,0.9412118792533875,
dish_1551392833,8.173803329467773,0.39514121413230896,0.8959083557128906,
dish_1551394927,7.982183933258057,0.38403087854385376,0.930266261100769,
dish_1551395022,9.391556739807129,0.43840330839157104,0.8570563793182373,
dish_1551395088,9.26640510559082,0.3059846758842468,0.9008310437202454,
dish_1551395194,10.23308277130127,0.4452413022518158,0.8575558662414551,
dish_1551395233,10.261312484741211,0.5889842510223389,0.8845630884170532,
dish_1551395269,9.752281188964844,0.4799073338508606,0.9166064262390137,
dish_1551395396,8.208224296569824,0.400138258934021,0.9231448769569397,
dish_1551395512,9.073287010192871,0.38797834515571594,0.8795776963233948,
dish_1551395580,10.005295753479004,0.4056107997894287,0.8709361553192139,
dish_1551395766,8.932677268981934,0.3567412495613098,0.929949164390564,
dish_1551395800,8.806903839111328,0.48570752143859863,0.9302127361297607,
dish_1551395909,8.15925407409668,0.42468830943107605,0.8835160732269287,
dish_1551395987,9.028687477111816,0.2999044358730316,0.884187638759613,
dish_1551396061,8.497934341430664,0.35692518949508667,0.9125530123710632,
dish_1551396096,8.383159637451172,0.4492950439453125,0.934826135635376,
dish_1551396309,7.73134708404541,0.4631049931049347,0.9538460373878479,
dish_1551396629,8.657402992248535,0.4024728834629059,0.8872091770172119,
dish_1551396678,7.824062347412109,0.43449920415878296,0.9150086045265198,
dish_1551397543,9.774672508239746,0.4203161895275116,0.8600196242332458,
dish_1551397591,7.937638759613037,0.3944697380065918,0.9362421631813049,
dish_1551397629,8.416513442993164,0.4660778343677521,0.9252087473869324,
dish_1551397714,11.066871643066406,0.5576491355895996,0.8268433809280396,
dish_1551397752,9.768214225769043,0.4284803569316864,0.8594350218772888,
dish_1551399031,10.192791938781738,0.47285160422325134,0.8779504895210266,
dish_1551399100,9.201955795288086,0.45848989486694336,0.9500745534896851,
dish_1551399151,8.722484588623047,0.4609425365924835,0.965286135673523,
dish_1551399293,8.97436237335205,0.37195709347724915,0.9129204750061035,
dish_1551399340,8.581298828125,0.39555203914642334,0.9280187487602234,
dish_1551486680,7.774529457092285,0.4428614675998688,0.9393373131752014,
dish_1551487117,7.0226240158081055,0.09296265989542007,0.9146080613136292,
dish_1551487158,4.86952018737793,0.28306448459625244,0.9141693115234375,
dish_1551487288,8.724774360656738,0.31446585059165955,0.8763890266418457,
dish_1551487472,7.0341997146606445,0.43070462346076965,0.9310272336006165,
dish_1551487560,6.760501861572266,0.3744489550590515,0.9487758278846741,
dish_1551487735,8.535476684570312,0.440238356590271,0.856514036655426,
dish_1551487779,8.774125099182129,0.4043310284614563,0.8829317688941956,
dish_1551488103,8.253435134887695,0.3220359981060028,0.9297807216644287,
dish_1551488137,7.528811454772949,0.30915164947509766,0.9646046161651611,
dish_1551488197,6.54664945602417,0.24312779307365417,0.9958473443984985,
dish_1551488324,9.042608261108398,0.45429328083992004,0.8631765246391296,
dish_1551488371,8.491891860961914,0.3629806637763977,0.910718560218811,
dish_1551488415,8.960119247436523,0.358794629573822,0.8789332509040833,
dish_1551488448,7.661341190338135,0.2896668016910553,0.9345418810844421,
dish_1551488485,6.596263408660889,0.33293649554252625,0.9758877754211426,
dish_1551488572,9.121217727661133,0.49089688062667847,0.8764447569847107,
dish_1551488691,8.452754974365234,0.3820483684539795,0.9032853841781616,
dish_1551488737,8.961997032165527,0.41267964243888855,0.8881691098213196,
dish_1551488776,7.85672664642334,0.43534573912620544,0.9327718615531921,
dish_1551488807,8.553857803344727,0.47158196568489075,0.9475923776626587,
dish_1551488861,9.978150367736816,0.4706556499004364,0.8730790019035339,
dish_1551489812,7.060665130615234,0.37479740381240845,0.9201460480690002,
dish_1551489885,8.069363594055176,0.33506861329078674,0.9056518077850342,
dish_1551489931,6.641941070556641,0.3831300139427185,0.9596838355064392,
dish_1551489961,6.45328426361084,0.37576740980148315,0.9696421027183533,
dish_1551490399,7.691144943237305,0.3238181173801422,0.9293251037597656,
dish_1551490433,7.308868408203125,0.4117652177810669,0.9222030639648438,
dish_1551490469,8.979436874389648,0.36572426557540894,0.9067758321762085,
dish_1551490503,6.154522895812988,0.3010333776473999,0.9997875690460205,
dish_1551490544,6.811779499053955,0.30090364813804626,1.0012673139572144,
dish_1551491090,5.79844331741333,0.30197691917419434,0.9606207013130188,
dish_1551491179,7.81923246383667,0.3431699275970459,0.9357419013977051,
dish_1551491216,7.305409908294678,0.2016434222459793,0.9600648880004883,
dish_1551491271,7.380983352661133,0.25406384468078613,0.9061322212219238,
dish_1551491297,6.722569465637207,0.27183011174201965,1.0072771310806274,
dish_1551491326,7.52980375289917,0.3549099862575531,0.9674754738807678,
dish_1551491413,7.264003276824951,0.2608725428581238,0.9420492053031921,
dish_1551491452,8.869096755981445,0.47620832920074463,0.8537021279335022,
dish_1551492023,10.564102172851562,0.4435553252696991,0.8319786190986633,
dish_1551492056,8.10042953491211,0.46474379301071167,0.9218294620513916,
dish_1551492093,8.073586463928223,0.4755200445652008,0.9116156697273254,
dish_1551492252,8.245861053466797,0.4488735496997833,0.8962260484695435,
dish_1551492287,9.902910232543945,0.4394610524177551,0.8466050028800964,
dish_1551492318,10.340157508850098,0.4528745710849762,0.8824288845062256,
dish_1551492348,8.395073890686035,0.41101205348968506,0.9345648288726807,
dish_1551492369,7.293939590454102,0.3076165020465851,0.9593785405158997,
dish_1551492468,9.47346305847168,0.34918856620788574,0.8870993852615356,
dish_1551492506,9.867704391479492,0.49932703375816345,0.859478235244751,
dish_1551492534,8.327832221984863,0.3808501660823822,0.8802460432052612,
dish_1551492561,7.796762466430664,0.4311946630477905,0.928432285785675,
dish_1551492590,7.769671440124512,0.388521671295166,0.9252669215202332,
dish_1551492666,9.355401992797852,0.2639431655406952,0.8895978331565857,
dish_1551492702,10.934103965759277,0.47905442118644714,0.8496649861335754,
dish_1551492732,9.347797393798828,0.43783098459243774,0.8612958788871765,
dish_1551492762,9.387804985046387,0.3667432367801666,0.9215661883354187,
dish_1551492790,9.144810676574707,0.4121244549751282,0.9114442467689514,
dish_1551492866,9.911216735839844,0.4043031632900238,0.843724250793457,
dish_1551492908,9.363158226013184,0.4230269193649292,0.8922200798988342,
dish_1551493680,9.48909854888916,0.4090114235877991,0.8738815784454346,
dish_1551493698,7.069161415100098,0.3859271705150604,0.930770218372345,
dish_1551493723,9.678620338439941,0.48665735125541687,0.8541277050971985,
dish_1551493749,7.055095672607422,0.36289161443710327,0.9877495169639587,
dish_1551493773,6.589543342590332,0.3179297149181366,0.985957682132721,
dish_1551493823,7.338892459869385,0.3574276566505432,0.9352148771286011,
dish_1551493854,7.856954097747803,0.3528672456741333,0.9661974310874939,
dish_1551493883,8.18008804321289,0.31184157729148865,0.9244208931922913,
dish_1551493916,7.758211612701416,0.4654034972190857,0.95442795753479,
dish_1551493942,7.987349987030029,0.41631391644477844,0.9549285769462585,
dish_1551494035,8.291675567626953,0.28723397850990295,0.9150080680847168,
dish_1551494058,6.422399520874023,0.3983699679374695,0.9443767666816711,
dish_1551494095,7.002274036407471,0.25756463408470154,0.9533743262290955,
dish_1551494147,7.048751354217529,0.3549264073371887,0.9388577342033386,
dish_1551494178,6.796863555908203,0.38715803623199463,0.9669399857521057,
dish_1551562881,7.241339206695557,0.34097883105278015,0.9216052293777466,
dish_1551563001,9.32455825805664,0.4865519404411316,0.8679238557815552,
dish_1551563119,7.588029861450195,0.4603760540485382,0.9166878461837769,
dish_1551563170,7.756148815155029,0.4954078197479248,0.91452556848526,
dish_1551563213,7.418700695037842,0.4980761706829071,0.9202427268028259,
dish_1551563294,6.784053802490234,0.34298110008239746,0.9127243161201477,
dish_1551563337,9.229365348815918,0.5221320390701294,0.8700670003890991,
dish_1551563370,6.9854230880737305,0.14582838118076324,0.9456354379653931,
dish_1551563400,7.249571800231934,0.4320995509624481,0.959639310836792,
dish_1551563429,6.43562126159668,0.3588986396789551,0.9828608632087708,
dish_1551563511,8.19239616394043,0.19160236418247223,0.8947163224220276,
dish_1551563550,9.26187515258789,0.35391589999198914,0.869189977645874,
dish_1551563591,9.681855201721191,0.44129085540771484,0.8599490523338318,
dish_1551563627,8.038273811340332,0.29059210419654846,0.9246689081192017,
dish_1551563660,9.390259742736816,0.42024004459381104,0.9087384939193726,
dish_1551563723,9.291511535644531,0.43592506647109985,0.8527257442474365,
dish_1551563773,6.999527931213379,0.22319252789020538,0.9544343948364258,
dish_1551564282,8.778916358947754,0.4554601311683655,0.9401602745056152,
dish_1551564352,8.54185962677002,0.3049428164958954,0.913790762424469,
dish_1551564381,9.01905632019043,0.6098307967185974,0.8429549932479858,
dish_1551564423,8.732392311096191,0.4957747161388397,0.927017092704773,
dish_1551564456,8.075587272644043,0.5181980133056641,0.9917322397232056,
dish_1551564480,6.7175726890563965,0.369941383600235,0.9705897569656372,
dish_1551564543,7.449825286865234,0.3726259768009186,0.9166108965873718,
dish_1551564577,9.71576976776123,0.38267815113067627,0.8697227239608765,
dish_1551564637,8.157708168029785,0.4570200443267822,0.9005725383758545,
dish_1551564857,6.9028167724609375,0.35699886083602905,0.9498435258865356,
dish_1551564907,6.199093341827393,0.4270022511482239,0.9460623264312744,
dish_1551564947,8.910365104675293,0.33543944358825684,0.8632863163948059,
dish_1551564992,8.478275299072266,0.3803722560405731,0.9067314863204956,
dish_1551565034,7.698100566864014,0.2953576445579529,0.9346494078636169,
dish_1551565068,9.352243423461914,0.426716148853302,0.9406410455703735,
dish_1551565096,7.6412353515625,0.4016723036766052,0.9590680599212646,
dish_1551565168,9.266548156738281,0.44214218854904175,0.8912451267242432,
dish_1551565204,9.05208969116211,0.6086740493774414,0.8301782608032227,
dish_1551565237,8.851838111877441,0.3239644169807434,0.8570978045463562,
dish_1551565289,6.700026512145996,0.4179607033729553,0.9727765321731567,
dish_1551565321,7.64798641204834,0.3917192220687866,0.9647682309150696,
dish_1551565379,8.966653823852539,0.3839811682701111,0.8931660056114197,
dish_1551565425,7.676661968231201,0.4141806662082672,0.9147930145263672,
dish_1551565464,8.162837982177734,0.2917572855949402,0.9314195513725281,
dish_1551565495,8.13584041595459,0.4547874331474304,0.9684675335884094,
dish_1551565529,6.86253023147583,0.38587650656700134,0.967786967754364,
dish_1551565570,8.19204044342041,0.3098612427711487,0.9137788414955139,
dish_1551565613,7.811135768890381,0.3197024464607239,0.9025900363922119,
dish_1551566159,8.75601577758789,0.44353005290031433,0.9584671258926392,
dish_1551566208,8.123863220214844,0.4820525348186493,0.8598967790603638,
dish_1551566236,8.52534008026123,0.4746150076389313,0.887722373008728,
dish_1551566277,8.37278938293457,0.24929730594158173,0.9086708426475525,
dish_1551566316,7.927227020263672,0.36111411452293396,0.9283903241157532,
dish_1551566356,7.61660623550415,0.43259990215301514,0.9306236505508423,
dish_1551566421,9.364350318908691,0.3098878562450409,0.8740746378898621,
dish_1551566464,7.680755138397217,0.2016354501247406,0.9042948484420776,
dish_1551566499,8.82478141784668,0.40936169028282166,0.8723496198654175,
dish_1551566524,8.965707778930664,0.4169621467590332,0.909979522228241,
dish_1551566547,8.985459327697754,0.44477736949920654,0.8991868495941162,
dish_1551566592,8.650263786315918,0.39048200845718384,0.8798216581344604,
dish_1551566642,7.696870803833008,0.3494122326374054,0.9052963852882385,
dish_1551566687,9.3577880859375,0.4388827383518219,0.8597003817558289,
dish_1551566753,8.64037799835205,0.4575619101524353,0.9256691932678223,
dish_1551566781,8.329607009887695,0.5024745464324951,0.9421642422676086,
dish_1551566851,8.213728904724121,0.34862473607063293,0.9329537749290466,
dish_1551566887,7.7653608322143555,0.5802976489067078,0.8466853499412537,
dish_1551566922,7.780076503753662,0.18434377014636993,0.9139417409896851,
dish_1551566974,6.07221794128418,0.2868931293487549,0.9773172736167908,
dish_1551567004,6.685155868530273,0.3355156481266022,0.9658926725387573,
dish_1551567084,7.905394077301025,0.29127073287963867,0.8732839226722717,
dish_1551567106,7.270444869995117,0.349075585603714,0.9176727533340454,
dish_1551567141,7.7102789878845215,0.33486440777778625,0.893284797668457,
dish_1551567170,6.520932197570801,0.3200167417526245,0.9811117053031921,
dish_1551567230,7.49717903137207,0.33209750056266785,0.9749680161476135,
dish_1551567293,8.553428649902344,0.3007473647594452,0.8879892826080322,
dish_1551567329,7.568191051483154,0.29603755474090576,0.9378938674926758,
dish_1551567805,6.954877853393555,0.39801740646362305,0.954999566078186,
dish_1551567848,6.586678981781006,0.3398285508155823,0.9508219957351685,
dish_1551567896,7.578675746917725,0.39913299679756165,0.9416500329971313,
dish_1551567937,9.962867736816406,0.47972050309181213,0.8694691061973572,
dish_1551567964,7.0644402503967285,0.458083838224411,0.9373762011528015,
dish_1551567992,6.720455646514893,0.42390233278274536,0.9500830769538879,
dish_1551568059,7.878032684326172,0.30600640177726746,0.9149084687232971,
dish_1551568156,8.581072807312012,0.40116265416145325,0.8898950815200806,
dish_1551568200,7.784674167633057,0.4474942684173584,0.9133355021476746,
dish_1551568240,8.624218940734863,0.47056883573532104,0.9376434087753296,
dish_1551568285,8.172185897827148,0.46828240156173706,0.9452764391899109,
dish_1556572657,11.608132362365723,0.6247344017028809,0.7988455891609192,
dish_1556573514,7.544593334197998,0.43711668252944946,0.9259630441665649,
dish_1556575014,6.574962615966797,0.3753173053264618,0.9238867163658142,
dish_1556575083,9.549631118774414,0.45995381474494934,0.8476682901382446,
dish_1556575124,9.851011276245117,0.4296213686466217,0.8254572153091431,
dish_1556575273,7.426775932312012,0.4277013838291168,0.9416053891181946,
dish_1556575327,8.66859245300293,0.4223994314670563,0.8817729353904724,
dish_1556575386,8.376395225524902,0.4068448841571808,0.950887143611908,
dish_1556575446,7.452640056610107,0.39587393403053284,0.9345386624336243,
dish_1556575499,8.781379699707031,0.44637566804885864,0.9093075394630432,
dish_1556575558,8.00257682800293,0.3580133020877838,0.9617489576339722,
dish_1556575700,10.074901580810547,0.3239983320236206,0.9009213447570801,
dish_1557853154,10.282042503356934,0.5514159202575684,0.8809688687324524,
dish_1557853229,12.581557273864746,0.6130120158195496,0.8213266134262085,
dish_1557853314,9.476849555969238,0.5325002670288086,0.9089838266372681,
dish_1557853429,9.134227752685547,0.4383651614189148,0.9846681356430054,
dish_1557861216,12.589262008666992,0.6042056083679199,0.7106994390487671,
dish_1557861605,9.150129318237305,0.4075583517551422,0.8557858467102051,
dish_1557861697,8.03603458404541,0.46684426069259644,0.9313296675682068,
dish_1557861795,7.903723239898682,0.2635580599308014,0.9263942837715149,
dish_1557861837,8.595916748046875,0.41713231801986694,0.9068282246589661,
dish_1557862345,12.312907218933105,0.6032958030700684,0.8017153739929199,
dish_1557862696,10.585556030273438,0.45963752269744873,0.8389750123023987,
dish_1557862738,7.159493446350098,0.39765939116477966,0.9198925495147705,
dish_1557862783,8.926856994628906,0.5183917880058289,0.922217845916748,
dish_1557862829,8.613763809204102,0.557975172996521,0.8845921158790588,
dish_1557863012,9.73230266571045,0.4895229935646057,0.8609628677368164,
dish_1557936555,11.917217254638672,0.49328866600990295,0.8321719169616699,
dish_1557936599,11.292569160461426,0.48246267437934875,0.8102584481239319,
dish_1557936645,10.106496810913086,0.4191682040691376,0.8820408582687378,
dish_1557937037,12.190571784973145,0.6352231502532959,0.7403026819229126,
dish_1557937079,9.866898536682129,0.5017290711402893,0.9072292447090149,
dish_1557937157,9.571761131286621,0.429335355758667,0.9489573836326599,
dish_1557937335,11.681188583374023,0.6286737322807312,0.8349451422691345,
dish_1557937427,12.074064254760742,0.525269627571106,0.7771801352500916,
dish_1557937574,11.544713973999023,0.4967973530292511,0.8047892451286316,
dish_1557937615,11.346651077270508,0.5792526006698608,0.8173921704292297,
dish_1557937715,9.407205581665039,0.4808412492275238,0.8834201097488403,
dish_1557937758,8.200157165527344,0.45216667652130127,0.9465291500091553,
dish_1558027057,7.209144592285156,0.44093212485313416,0.9041323661804199,
dish_1558027243,10.449050903320312,0.37211018800735474,1.0555272102355957,
dish_1558028007,12.341512680053711,0.47366398572921753,0.7912535667419434,
dish_1558028194,6.945492744445801,0.21735695004463196,1.0155251026153564,
dish_1558029230,11.4424409866333,0.5301101803779602,0.7828554511070251,
dish_1558029324,8.203753471374512,0.421317458152771,0.9929553270339966,
dish_1558029686,7.742415428161621,0.31841400265693665,0.974810779094696,
dish_1558029923,8.169898986816406,0.4375561773777008,0.9996875524520874,
dish_1558030182,8.04601001739502,0.3153044879436493,0.8913558721542358,
dish_1558030289,14.204200744628906,0.6393991708755493,0.7730621099472046,
dish_1558030383,9.310589790344238,0.5257227420806885,0.9149836301803589,
dish_1558030435,8.706501007080078,0.4196411371231079,0.9741518497467041,
dish_1558030724,9.562494277954102,0.42280569672584534,0.8615242838859558,
dish_1558030832,6.220794677734375,0.21861693263053894,1.013917088508606,
dish_1558030910,13.378122329711914,0.6557900309562683,0.8588446974754333,
dish_1558031019,6.461124420166016,0.24060218036174774,1.0396043062210083,
dish_1558109511,10.195249557495117,0.5432764291763306,0.9107547402381897,
dish_1558109714,11.120443344116211,0.5980823040008545,0.9465162754058838,
dish_1558109864,8.045618057250977,0.32227325439453125,0.8866254091262817,
dish_1558110335,14.151932716369629,0.5511612892150879,0.8467265963554382,
dish_1558110436,12.167768478393555,0.5156662464141846,0.8754370808601379,
dish_1558110478,8.183177947998047,0.42176172137260437,0.9792430996894836,
dish_1558114875,6.645315170288086,0.2138601541519165,0.9666465520858765,
dish_1558115011,14.563177108764648,0.6371226906776428,0.7970794439315796,
dish_1558115169,11.695819854736328,0.6321719288825989,0.8718781471252441,
dish_1558115241,8.969361305236816,0.36876213550567627,0.9870094060897827,
dish_1558115282,14.089033126831055,0.6310784220695496,0.8169523477554321,
dish_1558115320,11.696852684020996,0.48955005407333374,0.9217096567153931,
dish_1558115512,9.042353630065918,0.30971723794937134,0.9264700412750244,
dish_1558115601,13.707721710205078,0.6253196001052856,0.7966354489326477,
dish_1558115641,9.1767578125,0.3166353702545166,1.0433918237686157,
dish_1558115764,8.801328659057617,0.07579031586647034,0.986559271812439,
dish_1558115960,12.108283042907715,0.5285788178443909,0.8579680323600769,
dish_1558116001,13.717445373535156,0.5440201759338379,0.9120603203773499,
dish_1558116146,10.538604736328125,0.4303464889526367,0.8828373551368713,
dish_1558116260,9.863533973693848,0.3723525106906891,0.9587907195091248,
dish_1558116399,10.517959594726562,0.5910978317260742,0.8693113327026367,
dish_1558116436,8.100198745727539,0.2926252782344818,0.9437103271484375,
dish_1558122740,11.097654342651367,0.47766849398612976,0.9953861236572266,
dish_1558373639,7.9195637702941895,0.3038842976093292,0.8669886589050293,
dish_1558373687,6.7758073806762695,0.2965511381626129,1.0053365230560303,
dish_1558375583,10.428359031677246,0.46724602580070496,0.9141072034835815,
dish_1558376734,12.762879371643066,0.5776581764221191,0.8437386155128479,
dish_1558377105,5.764749050140381,0.3587002456188202,0.9541388154029846,
dish_1558378553,7.49142599105835,0.535345733165741,0.9040183424949646,
dish_1558379273,7.585312366485596,0.2392754703760147,0.915179431438446,
dish_1558379391,11.810778617858887,0.34733402729034424,1.0291889905929565,
dish_1558379588,9.739089965820312,0.602028489112854,0.792259693145752,
dish_1558379712,6.907190322875977,0.5326820015907288,0.9243495464324951,
dish_1558379876,5.987945556640625,0.24146351218223572,1.127425193786621,
dish_1558461792,10.949438095092773,0.530534029006958,0.948107123374939,
dish_1558462106,12.490433692932129,0.5827288031578064,0.8344240188598633,
dish_1558463113,8.393702507019043,0.3179285526275635,0.9721627235412598,
dish_1558463690,11.590751647949219,0.5496607422828674,0.9514885544776917,
dish_1558468401,9.248753547668457,0.4652361571788788,0.8838727474212646,
dish_1558468435,10.896158218383789,0.5546711683273315,0.7797300815582275,
dish_1558468547,12.641944885253906,0.6930168271064758,0.7489457726478577,
dish_1558468632,9.246377944946289,0.14906032383441925,0.9234545230865479,
dish_1558544427,8.437177658081055,0.21523232758045197,0.9378294944763184,
dish_1558546434,6.933688163757324,0.43685266375541687,0.9400180578231812,
dish_1558546558,11.60269832611084,0.5407450795173645,0.8866851925849915,
dish_1558546918,10.205013275146484,0.29161718487739563,0.7774543166160583,
dish_1558547008,14.368146896362305,0.6267797350883484,0.8019160628318787,
dish_1558547124,13.180156707763672,0.6819016933441162,0.8298636078834534,
dish_1558549086,12.3569974899292,0.6276673674583435,0.8182651400566101,
dish_1558549214,12.476094245910645,0.3766120970249176,0.9582030773162842,
dish_1558550181,12.69176197052002,0.5141603946685791,0.7825672030448914,
dish_1558550218,11.41022777557373,0.5974005460739136,0.7780637145042419,
dish_1558722968,10.354768753051758,0.5608364939689636,0.9527441263198853,
dish_1559149615,9.797150611877441,0.35450300574302673,0.9237873554229736,
dish_1559149719,12.992182731628418,0.5021947622299194,0.870599627494812,
dish_1559172356,6.99172306060791,0.43740299344062805,0.9464300870895386,
dish_1559232986,9.812220573425293,0.4688767194747925,0.9335152506828308,
dish_1559233055,11.438410758972168,0.5528255105018616,0.8475059270858765,
dish_1559233627,10.181687355041504,0.3930479884147644,0.9211270809173584,
dish_1559235771,11.193024635314941,0.39110225439071655,0.8490612506866455,
dish_1559235815,14.036867141723633,0.5500807762145996,0.9342060685157776,
dish_1559238566,10.800762176513672,0.49422088265419006,0.9808772206306458,
dish_1559239256,13.590985298156738,0.5926219820976257,0.7850790023803711,
dish_1559240216,14.893940925598145,0.6622400879859924,0.8220885396003723,
dish_1559240382,13.686111450195312,0.6411939859390259,0.8882890939712524,
dish_1559240441,7.365041255950928,0.23810088634490967,0.9153238534927368,
dish_1559240510,10.751554489135742,0.3339692950248718,0.9582947492599487,
dish_1559241099,11.427265167236328,0.40822193026542664,0.9177353978157043,
dish_1559242066,7.884744644165039,0.27710795402526855,0.9119765758514404,
dish_1559242221,11.113897323608398,0.5786839127540588,0.8708312511444092,
dish_1559242568,6.753162860870361,0.25620490312576294,0.9274839162826538,
dish_1559243139,14.100096702575684,0.6586599946022034,0.7943882942199707,
dish_1559243887,8.844826698303223,0.3021620213985443,0.9165399670600891,
dish_1559243974,7.294376850128174,0.2528991103172302,0.9622175693511963,
dish_1559244649,10.193840980529785,0.4103603959083557,0.943107008934021,
dish_1559245920,9.764923095703125,0.2796955704689026,0.8668685555458069,
dish_1559332795,8.507794380187988,0.3559492230415344,0.9358375072479248,
dish_1559581333,7.234726428985596,0.3168891966342926,0.9610520601272583,
dish_1559585533,13.663690567016602,0.6062695980072021,0.8158410787582397,
dish_1559589873,14.771478652954102,0.7060316801071167,0.6894783973693848,
dish_1559589902,9.110624313354492,0.28227710723876953,0.868935227394104,
dish_1559589942,6.826106071472168,0.3279643654823303,0.9802380800247192,
dish_1559590005,7.421762466430664,0.3391929566860199,1.0049177408218384,
dish_1559590031,8.543868064880371,0.29020851850509644,0.9727057218551636,
dish_1559590099,11.347492218017578,0.5580456852912903,0.7394475340843201,
dish_1559590130,9.832416534423828,0.41872164607048035,0.894392728805542,
dish_1559590157,13.239859580993652,0.5659846067428589,0.8669748902320862,
dish_1559590202,13.58670425415039,0.5865110754966736,0.8462040424346924,
dish_1559675101,14.21182918548584,0.7035109400749207,0.7273353338241577,
dish_1559675146,9.191194534301758,0.3688657283782959,0.9716709852218628,
dish_1559675178,8.491300582885742,0.45182305574417114,0.9891246557235718,
dish_1559675234,8.216818809509277,0.32786744832992554,1.014398217201233,
dish_1559675268,12.171719551086426,0.5503684282302856,0.9136310815811157,
dish_1559678104,9.701830863952637,0.3930756151676178,0.748863160610199,
dish_1559678127,5.445589065551758,0.38576099276542664,0.8597773909568787,
dish_1559678146,9.110847473144531,0.4105300009250641,1.0102449655532837,
dish_1559678367,6.414051055908203,0.4942919611930847,0.8760784864425659,
dish_1559678457,6.390495300292969,0.43671339750289917,0.9155808091163635,
dish_1559678629,8.840337753295898,0.6142714023590088,0.748144268989563,
dish_1559751710,13.07947063446045,0.6003968119621277,0.8560687899589539,
dish_1559751775,8.699810981750488,0.3070858120918274,1.0942604541778564,
dish_1559838279,11.923115730285645,0.5572040677070618,0.9009912610054016,
dish_1559838402,10.062797546386719,0.46907633543014526,0.9638130068778992,
dish_1559841061,9.250064849853516,0.5375874638557434,0.8763836622238159,
dish_1559841091,9.598222732543945,0.49150678515434265,0.8992321491241455,
dish_1559841127,9.287874221801758,0.41280317306518555,0.9392850995063782,
dish_1559841163,6.713557720184326,0.24769936501979828,0.9776750206947327,
dish_1559841808,10.999397277832031,0.5033736228942871,0.8967199325561523,
dish_1559841979,8.690868377685547,0.17363165318965912,0.8928229212760925,
dish_1559842274,14.163686752319336,0.7112054824829102,0.7117317318916321,
dish_1559842326,9.535958290100098,0.31437355279922485,0.9542907476425171,
dish_1559842374,11.427922248840332,0.4561502933502197,0.8862693309783936,
dish_1559842409,13.093338012695312,0.6109731197357178,0.8980909585952759,
dish_1559843492,10.597761154174805,0.3556177616119385,0.799447238445282,
dish_1559843690,11.497832298278809,0.4535170793533325,0.944409966468811,
dish_1559844323,9.824188232421875,0.35491734743118286,0.8213006258010864,
dish_1559844657,10.011808395385742,0.4623183012008667,1.0156645774841309,
dish_1559844683,10.67772102355957,0.48027151823043823,0.9533213973045349,
dish_1559844928,13.820666313171387,0.6669198274612427,0.7738934755325317,
dish_1559844951,8.785126686096191,0.42502978444099426,0.9500015377998352,
dish_1559845018,8.601765632629395,0.3912500739097595,0.9974973201751709,
dish_1559845046,7.73251485824585,0.29284369945526123,0.9897316694259644,
dish_1559845290,14.479181289672852,0.737025797367096,0.7294747233390808,
dish_1559845370,14.39491081237793,0.6630127429962158,0.8040577173233032,
dish_1559845513,9.637782096862793,0.487519770860672,0.9511814117431641,
dish_1559845637,11.378140449523926,0.553194522857666,0.835056483745575,
dish_1559845745,12.018234252929688,0.4879780411720276,0.8196045756340027,
dish_1559846034,17.53118133544922,0.7856648564338684,0.7056460380554199,
dish_1559846073,13.203577995300293,0.5988520979881287,0.7810043096542358,
dish_1559846334,11.040803909301758,0.45544207096099854,0.806016206741333,
dish_1559846504,9.704973220825195,0.48819026350975037,0.9078290462493896,
dish_1559846528,8.131906509399414,0.3514857590198517,0.9394561052322388,
dish_1559846688,8.720935821533203,0.42002570629119873,0.9246209263801575,
dish_1559846825,13.269344329833984,0.5672319531440735,0.7599360942840576,
dish_1559849053,8.718385696411133,0.41464895009994507,0.9310691356658936,
dish_1559849097,14.074021339416504,0.6116524338722229,0.8826280832290649,
dish_1559849497,13.277368545532227,0.5588780641555786,0.7757792472839355,
dish_1559849537,12.38753604888916,0.5472207069396973,0.8318312168121338,
dish_1559850338,8.146421432495117,0.4531908929347992,0.9716997146606445,
dish_1559925083,11.205544471740723,0.46141621470451355,0.8948520421981812,
dish_1559933818,9.059138298034668,0.3409879803657532,0.9324609637260437,
dish_1559933834,9.039420127868652,0.3084554970264435,1.0262805223464966,
dish_1559934477,8.994843482971191,0.20122377574443817,0.9455522894859314,
dish_1559934679,9.978605270385742,0.4575470983982086,0.9918371438980103,
dish_1559934708,10.522497177124023,0.5545227527618408,0.9450937509536743,
dish_1560203400,12.128100395202637,0.3744700849056244,0.9846574664115906,
dish_1560203424,12.293089866638184,0.3069593608379364,0.8779057264328003,
dish_1560270630,9.88296127319336,0.442306250333786,0.9376388788223267,
dish_1560356314,8.95977783203125,0.4147953987121582,0.8882362842559814,
dish_1560356337,8.727531433105469,0.4590167999267578,0.9540696144104004,
dish_1560356355,9.823498725891113,0.4168875515460968,1.072919249534607,
dish_1560356523,11.301342010498047,0.5956939458847046,0.9140052795410156,
dish_1560356566,7.901636600494385,0.34027907252311707,0.90810227394104,
dish_1560356627,5.7517595291137695,0.14709115028381348,1.0076996088027954,
dish_1560367296,4.191901206970215,0.44063761830329895,0.8644582033157349,
dish_1560367333,6.752378940582275,0.45164647698402405,0.9111464023590088,
dish_1560367676,5.7816948890686035,0.39074769616127014,0.8864343762397766,
dish_1560367698,8.267725944519043,0.47460922598838806,0.9103366136550903,
dish_1560367715,8.369603157043457,0.47258806228637695,0.9313486814498901,
dish_1560367733,6.73433780670166,0.4484516382217407,0.959313154220581,
dish_1560367904,8.010293960571289,0.2616165578365326,0.6829824447631836,
dish_1560367926,9.718128204345703,0.37053796648979187,0.7078245878219604,
dish_1560367952,7.280012130737305,0.556411623954773,0.9634175300598145,
dish_1560367980,8.18076229095459,0.5784816145896912,0.9425792098045349,
dish_1560368019,7.2654876708984375,0.40198880434036255,0.9974348545074463,
dish_1560368138,8.809000015258789,0.5429494380950928,0.9497953057289124,
dish_1560368162,7.532726287841797,0.6604076027870178,0.8356674313545227,
dish_1560368464,9.640006065368652,0.4395531415939331,0.8619649410247803,
dish_1560368506,8.857935905456543,0.4939470887184143,0.860809326171875,
dish_1560368570,7.6684184074401855,0.5020275712013245,0.964245080947876,
dish_1560368764,8.04699420928955,0.4684092104434967,0.9054861068725586,
dish_1560368944,11.38357162475586,0.36058810353279114,0.8294767141342163,
dish_1560368972,10.742998123168945,0.6441656351089478,0.774669349193573,
dish_1560368990,10.915973663330078,0.2849390208721161,0.7850729823112488,
dish_1560369008,10.223078727722168,0.40104222297668457,0.8821221590042114,
dish_1560369080,10.397134780883789,0.5524917840957642,0.7984480261802673,
dish_1560369102,7.874519348144531,0.4249167740345001,0.9711434245109558,
dish_1560369122,7.921421051025391,0.40576037764549255,0.8785959482192993,
dish_1560369255,10.799074172973633,0.49923112988471985,0.7962390780448914,
dish_1560369273,7.174069881439209,0.41212573647499084,0.9477409720420837,
dish_1560369294,5.915796756744385,0.296855628490448,0.9714171886444092,
dish_1560369313,6.703338623046875,0.4484661817550659,0.9706122875213623,
dish_1560444948,8.476388931274414,0.37181779742240906,0.9563074111938477,
dish_1560444967,6.929173469543457,0.2956146001815796,0.9519234895706177,
dish_1560444985,6.564709663391113,0.30830317735671997,1.019866943359375,
dish_1560445004,7.829562187194824,0.4873075485229492,0.9312028884887695,
dish_1560445069,10.746460914611816,0.5840879082679749,0.9801060557365417,
dish_1560453132,9.524166107177734,0.6126295924186707,0.8619180917739868,
dish_1560453150,7.594387054443359,0.33749622106552124,0.9046026468276978,
dish_1560453174,6.842382431030273,0.35403257608413696,0.9100703001022339,
dish_1560453275,13.076678276062012,0.7080604434013367,0.7600401639938354,
dish_1560453294,11.155941009521484,0.5374109148979187,0.81218022108078,
dish_1560453328,7.211199760437012,0.42267367243766785,0.9359099268913269,
dish_1560453356,7.255197525024414,0.44868743419647217,0.9020785689353943,
dish_1560453380,5.135829925537109,0.38035285472869873,0.8868768215179443,
dish_1560453412,9.266656875610352,0.4710691571235657,0.908017635345459,
dish_1560454488,8.025064468383789,0.4843887388706207,0.899465024471283,
dish_1560454513,6.624558448791504,0.6303385496139526,0.8154497742652893,
dish_1560454539,6.269212245941162,0.6208474636077881,0.7885586619377136,
dish_1560454562,8.806082725524902,0.5311992168426514,0.9799359440803528,
dish_1560455030,9.279742240905762,0.48394498229026794,0.9429507255554199,
dish_1560455059,8.323148727416992,0.5492756366729736,0.8753547072410583,
dish_1560455090,7.96598482131958,0.39437684416770935,0.8658981323242188,
dish_1560455179,7.710219383239746,0.62691330909729,0.8973410129547119,
dish_1560455203,10.614985466003418,0.5185742378234863,0.799236536026001,
dish_1560455224,8.947372436523438,0.5230051875114441,0.8055335283279419,
dish_1560455263,7.078869819641113,0.37251347303390503,0.9434635043144226,
dish_1560455343,8.176834106445312,0.47343966364860535,0.908952534198761,
dish_1560455380,5.911336898803711,0.6247620582580566,0.7798224687576294,
dish_1560455399,9.040669441223145,0.604769229888916,0.957695722579956,
dish_1560527070,8.756209373474121,0.3668743669986725,0.8945151567459106,
dish_1560527105,10.31243896484375,0.5261459350585938,0.9527958631515503,
dish_1560539314,6.445266246795654,0.08404839038848877,1.0253440141677856,
dish_1560539340,9.62498950958252,0.5491944551467896,0.911919891834259,
dish_1560541793,7.934818744659424,0.44503074884414673,1.0138754844665527,
dish_1560543505,6.793463230133057,0.5101304650306702,0.9241397380828857,
dish_1560543525,8.621103286743164,0.47296270728111267,1.0329704284667969,
dish_1560543557,8.869988441467285,0.4346003830432892,0.9913874268531799,
dish_1560543583,7.837062358856201,0.31263989210128784,0.9497787356376648,
dish_1560543605,7.176643371582031,0.17751994729042053,0.9964607954025269,
dish_1560787696,11.105305671691895,0.4388453960418701,0.8489363789558411,
dish_1560798656,8.707012176513672,0.3379686772823334,1.056231141090393,
dish_1560798707,10.546329498291016,0.40199217200279236,1.0059356689453125,
dish_1560798928,10.444175720214844,0.38175252079963684,1.1068907976150513,
dish_1560799113,10.24034595489502,0.3148639500141144,0.9356911182403564,
dish_1560799368,10.721704483032227,0.4170713424682617,0.9233847856521606,
dish_1560799558,7.701128005981445,0.08968526870012283,0.967476487159729,
dish_1560799615,7.004792213439941,0.36830800771713257,1.0182571411132812,
dish_1560800836,7.503960609436035,0.28945329785346985,1.0342235565185547,
dish_1560802562,9.246698379516602,0.42526936531066895,0.9653526544570923,
dish_1560802730,11.33506965637207,0.5315973162651062,0.9841071367263794,
dish_1560802764,9.102876663208008,0.4326147437095642,1.0400725603103638,
dish_1560802853,9.003293991088867,0.3904552757740021,1.1007649898529053,
dish_1560874751,9.903341293334961,0.4045794606208801,1.0855282545089722,
dish_1560887408,9.535341262817383,0.49633246660232544,0.7464708685874939,
dish_1560887457,6.405766487121582,0.32797688245773315,0.9116438031196594,
dish_1560888849,8.42512035369873,0.3696550130844116,0.9001082181930542,
dish_1560888893,8.99241828918457,0.32068365812301636,0.7555771470069885,
dish_1560961202,8.56868839263916,0.3229276239871979,1.1011852025985718,
dish_1560961261,8.55622673034668,0.4229488670825958,1.0361406803131104,
dish_1560973958,7.516607761383057,0.5028434991836548,0.8156315088272095,
dish_1560973984,6.586021423339844,0.47454118728637695,0.8836225867271423,
dish_1560974009,8.01049518585205,0.4553006887435913,0.9259198904037476,
dish_1560974769,7.640167713165283,0.6729980707168579,0.7229583859443665,
dish_1560975491,6.657891273498535,0.32118675112724304,0.931462287902832,
dish_1560975572,8.238728523254395,0.37181103229522705,1.000148892402649,
dish_1560975628,8.147025108337402,0.3411872684955597,0.9476226568222046,
dish_1560976044,6.574586868286133,0.46502137184143066,0.8335767388343811,
dish_1561049409,9.16478443145752,0.3743015229701996,1.0197583436965942,
dish_1561060448,10.035106658935547,0.3189166188240051,0.5645434856414795,
dish_1561060477,7.899588584899902,0.28911274671554565,0.6888657808303833,
dish_1561060503,11.173419952392578,0.5558005571365356,0.7279289364814758,
dish_1561060613,7.87413215637207,0.4665970504283905,0.920839250087738,
dish_1561060642,8.859084129333496,0.3466253876686096,0.9165010452270508,
dish_1561060976,9.720915794372559,0.4979363977909088,0.933571457862854,
dish_1561061123,6.837479591369629,0.31223613023757935,0.9585757255554199,
dish_1561061658,6.9712934494018555,0.4725021719932556,0.9894081354141235,
dish_1561061687,5.598884582519531,0.2754673361778259,0.924376368522644,
dish_1561062237,12.045282363891602,0.4082814157009125,0.694169819355011,
dish_1561062286,10.946942329406738,0.3457520306110382,0.6421710848808289,
dish_1561062586,8.37831974029541,0.3010123074054718,0.7837540507316589,
dish_1561134156,10.699167251586914,0.4527716636657715,1.0662786960601807,
dish_1561148021,8.404556274414062,0.30059146881103516,0.7992865443229675,
dish_1561148042,7.400274276733398,0.283115953207016,0.9184287190437317,
dish_1561148481,9.79372787475586,0.27494120597839355,0.8353993892669678,
dish_1561392386,8.493739128112793,0.48616600036621094,0.9955093860626221,
dish_1561392430,8.214460372924805,0.34361734986305237,1.0020225048065186,
dish_1561392459,9.702739715576172,0.4473778009414673,0.9884120225906372,
dish_1561392543,8.852726936340332,0.39434075355529785,0.9307620525360107,
dish_1561392593,8.551606178283691,0.3860448896884918,1.0479202270507812,
dish_1561393550,13.175999641418457,0.5386187434196472,0.8574753999710083,
dish_1561393649,8.046469688415527,0.47023630142211914,0.9757064580917358,
dish_1561393764,7.259103298187256,0.5460054278373718,0.8702408671379089,
dish_1561404438,6.240869522094727,0.39730486273765564,0.9493833184242249,
dish_1561404458,7.943650245666504,0.4894484579563141,0.9171805381774902,
dish_1561404485,6.66474723815918,0.31107470393180847,0.887002170085907,
dish_1561404505,7.361904621124268,0.37206733226776123,0.9670759439468384,
dish_1561405934,5.981675148010254,0.30971330404281616,0.9888026118278503,
dish_1561407208,9.892001152038574,0.4672814607620239,0.762178361415863,
dish_1561407249,11.178415298461914,0.38845163583755493,0.625145435333252,
dish_1561407312,9.048977851867676,0.26364588737487793,0.8082717657089233,
dish_1561481577,8.522818565368652,0.40669092535972595,0.9925705790519714,
dish_1561481606,8.860081672668457,0.4465295374393463,1.0040338039398193,
dish_1561481634,8.582780838012695,0.2766989767551422,0.9635398387908936,
dish_1561491121,8.51246452331543,0.49078574776649475,0.9592087268829346,
dish_1561491154,4.643278121948242,0.14061635732650757,0.8944312930107117,
dish_1561491180,5.091090679168701,0.17508326470851898,0.9075372815132141,
dish_1561491210,8.114502906799316,0.6230400204658508,0.9257859587669373,
dish_1561492161,7.5709147453308105,0.29624122381210327,0.7892280220985413,
dish_1561492228,5.5832037925720215,0.46610507369041443,0.9795539975166321,
dish_1561492519,7.045993328094482,0.5333713293075562,0.952052116394043,
dish_1561492628,9.099725723266602,0.5894167423248291,0.8667689561843872,
dish_1561492665,7.5776777267456055,0.531200647354126,0.8866109251976013,
dish_1561492687,6.318607330322266,0.5010844469070435,0.8749077916145325,
dish_1561492703,8.479199409484863,0.257352352142334,0.8873504400253296,
dish_1561493975,7.397123336791992,0.5072489976882935,0.8922899961471558,
dish_1561494001,6.65459680557251,0.5467093586921692,0.9437194466590881,
dish_1561494032,5.636220932006836,0.25784748792648315,0.9942853450775146,
dish_1561574215,5.9296345710754395,0.33255961537361145,0.9801002740859985,
dish_1561574368,9.728769302368164,0.46904027462005615,0.6150559782981873,
dish_1561574394,7.971377372741699,0.26562434434890747,0.7761664390563965,
dish_1561574428,7.865468978881836,0.344251811504364,0.8369240760803223,
dish_1561574456,8.299352645874023,0.4333759546279907,0.8793619275093079,
dish_1561574479,7.878281116485596,0.3212215304374695,0.9148538112640381,
dish_1561574600,6.989638328552246,0.42079609632492065,0.9076936841011047,
dish_1561574623,5.656123161315918,0.405117928981781,0.9472118616104126,
dish_1561575506,6.504162788391113,0.2051563858985901,0.8727937340736389,
dish_1561575613,3.3079185485839844,0.3545958697795868,0.8968573212623596,
dish_1561575661,5.475716590881348,0.2420654445886612,0.8727141618728638,
dish_1561575908,7.3963799476623535,0.4382427930831909,0.7453774809837341,
dish_1561575951,8.336447715759277,0.3817696273326874,0.8143764734268188,
dish_1561575977,9.690168380737305,0.5585266947746277,0.9050844311714172,
dish_1561575996,6.868422508239746,0.2182415872812271,0.9507098197937012,
dish_1561576026,6.385843276977539,0.2011057585477829,0.9898824691772461,
dish_1561576051,6.838404178619385,0.2837606370449066,0.9386799335479736,
dish_1561576074,7.614902496337891,0.3118053078651428,0.8278300166130066,
dish_1561576212,10.032540321350098,0.38909679651260376,0.726456880569458,
dish_1561576257,9.800649642944336,0.48858124017715454,0.6986949443817139,
dish_1561576295,5.521599769592285,0.3611569404602051,0.9193980693817139,
dish_1561576320,6.3239850997924805,0.40683162212371826,0.9083549976348877,
dish_1561576449,5.481707572937012,0.0992504209280014,0.9043036699295044,
dish_1561576483,9.222393989562988,0.5872623324394226,0.8914111852645874,
dish_1561576590,10.498292922973633,0.5597683787345886,0.7015822529792786,
dish_1561576618,4.765432834625244,0.2101292908191681,0.8529677391052246,
dish_1561576652,5.723579406738281,0.1999066025018692,0.8604993224143982,
dish_1561576680,5.8322529792785645,0.09234688431024551,0.9751420021057129,
dish_1561576707,7.1962571144104,0.43849340081214905,0.9346052408218384,
dish_1561576737,6.354604721069336,0.2700917720794678,0.9398165345191956,
dish_1561576767,6.418849945068359,0.29292750358581543,0.9361562728881836,
dish_1561576794,8.62195110321045,0.48334699869155884,0.939895510673523,
dish_1561576887,7.56196928024292,0.15271280705928802,0.7962455153465271,
dish_1561576916,8.200346946716309,0.4578185975551605,0.9157724380493164,
dish_1561576954,8.51530647277832,0.44195884466171265,0.9349308013916016,
dish_1561576978,6.641383647918701,0.24918362498283386,0.942962646484375,
dish_1561577083,7.978700160980225,0.47300246357917786,0.8129488825798035,
dish_1561577119,7.4206647872924805,0.5690323710441589,0.6311755776405334,
dish_1561577848,10.169790267944336,0.6352006196975708,0.7860825061798096,
dish_1561577947,8.131976127624512,0.39631158113479614,0.915888249874115,
dish_1561578156,6.763788223266602,0.5458327531814575,0.7075757384300232,
dish_1561578188,4.198643207550049,0.23944589495658875,0.8462585210800171,
dish_1561578226,6.434001922607422,0.3398304581642151,0.8861303329467773,
dish_1561578323,10.030893325805664,0.6140946745872498,0.4988930821418762,
dish_1561578373,6.959720611572266,0.37245824933052063,0.7751783132553101,
dish_1561578394,4.61630916595459,0.17351719737052917,0.8406013250350952,
dish_1561578417,7.590421676635742,0.38741257786750793,0.8681154847145081,
dish_1561578441,5.899385929107666,0.3099888265132904,0.9134082794189453,
dish_1561578461,7.121737003326416,0.30547988414764404,0.9024959206581116,
dish_1561578570,10.328069686889648,0.3629360795021057,0.5928679704666138,
dish_1561578603,11.164030075073242,0.5263215899467468,0.597808837890625,
dish_1561578623,5.656364440917969,0.22182345390319824,0.8661887049674988,
dish_1561578676,5.994299411773682,0.32173824310302734,0.8642954230308533,
dish_1561578775,7.867108345031738,0.2186969518661499,0.755894660949707,
dish_1561578800,6.883937358856201,0.44177842140197754,0.9846451282501221,
dish_1561578839,8.688326835632324,0.3572540283203125,0.8646804690361023,
dish_1561578865,9.09373950958252,0.37996575236320496,0.9329739212989807,
dish_1561578898,7.619957447052002,0.35792842507362366,0.9510526657104492,
dish_1561579576,8.9924955368042,0.5457362532615662,0.7917052507400513,
dish_1561579617,8.641510009765625,0.4333658218383789,0.8251266479492188,
dish_1561579673,7.496024131774902,0.4011383056640625,0.8526804447174072,
dish_1561579706,7.603621482849121,0.36656689643859863,0.8453068733215332,
dish_1561579824,9.94058609008789,0.4033302664756775,0.6395841240882874,
dish_1561579845,7.005936622619629,0.19926148653030396,0.7456185221672058,
dish_1561579867,9.820125579833984,0.6894286870956421,0.6173045635223389,
dish_1561579902,6.488432884216309,0.3124830424785614,0.9062185883522034,
dish_1561580659,7.254095077514648,0.47543075680732727,0.9094206094741821,
dish_1561654326,8.003765106201172,0.4799012243747711,0.9023462533950806,
dish_1561654346,7.7716474533081055,0.47967979311943054,0.8488081097602844,
dish_1561654707,6.854226112365723,0.16102571785449982,1.0138074159622192,
dish_1561654732,9.90558910369873,0.45471426844596863,0.9296558499336243,
dish_1561654756,8.56890869140625,0.47019433975219727,0.9518615007400513,
dish_1561661324,11.003494262695312,0.5742512941360474,0.7033039331436157,
dish_1561661347,7.1492509841918945,0.43729719519615173,0.8829002380371094,
dish_1561661377,12.468229293823242,0.6819308400154114,0.592237114906311,
dish_1561661479,8.407084465026855,0.36846262216567993,0.7811768054962158,
dish_1561661552,11.561622619628906,0.5083547234535217,0.7864761352539062,
dish_1561661806,11.689284324645996,0.687460720539093,0.84836745262146,
dish_1561661850,6.330268383026123,0.4183330833911896,0.9256590008735657,
dish_1561661972,12.748988151550293,0.8014835715293884,0.5361373424530029,
dish_1561662022,7.387425422668457,0.45280784368515015,0.9195284843444824,
dish_1561662054,8.07559871673584,0.44973933696746826,0.9463329315185547,
dish_1561662160,7.676958084106445,0.5319795608520508,0.8389004468917847,
dish_1561662190,6.243676662445068,0.4963820278644562,0.9255380630493164,
dish_1561662216,4.785236358642578,0.5137748122215271,0.7806026339530945,
dish_1561662458,8.850737571716309,0.622035026550293,0.8155863285064697,
dish_1561662501,8.405868530273438,0.6682762503623962,0.7744989991188049,
dish_1561662532,10.673476219177246,0.5377697348594666,0.8010460734367371,
dish_1561662814,8.567608833312988,0.5790974497795105,0.7191146016120911,
dish_1561662842,7.929375171661377,0.5738922357559204,0.8760511875152588,
dish_1561662869,6.546749591827393,0.45887428522109985,0.9544001221656799,
dish_1561662926,5.367292404174805,0.3411191403865814,0.9763113856315613,
dish_1561662948,6.180080413818359,0.2895481288433075,0.9301570653915405,
dish_1561663068,5.879219055175781,0.18311819434165955,0.9235581159591675,
dish_1561663541,5.334029674530029,0.2493455857038498,0.8243573904037476,
dish_1561663580,12.506024360656738,0.6998915672302246,0.8306337594985962,
dish_1561663606,10.293968200683594,0.6075907349586487,0.8729490041732788,
dish_1561663786,9.170998573303223,0.351012647151947,0.6843825578689575,
dish_1561663817,5.242120742797852,0.3402407169342041,0.9383482933044434,
dish_1561663855,8.249961853027344,0.5789347887039185,0.8721490502357483,
dish_1561665706,8.313345909118652,0.22313396632671356,0.8743539452552795,
dish_1561665747,7.062711715698242,0.48576685786247253,0.9365211725234985,
dish_1561666794,6.184553146362305,0.2909280061721802,0.8549842238426208,
dish_1561666821,7.206355094909668,0.40466657280921936,0.8360528945922852,
dish_1561666849,5.837777614593506,0.4301259517669678,0.9110412001609802,
dish_1561666875,7.487297058105469,0.4855114221572876,0.9449352622032166,
dish_1561666897,6.787654876708984,0.40384501218795776,0.9205970764160156,
dish_1561666923,7.58910608291626,0.4720299541950226,0.9243277907371521,
dish_1561667207,8.229357719421387,0.5194361209869385,0.8259519934654236,
dish_1561667238,8.525969505310059,0.6875973343849182,0.7990092635154724,
dish_1561667430,9.21075439453125,0.6149596571922302,0.8425489664077759,
dish_1561736736,11.194156646728516,0.6985265016555786,0.8547458648681641,
dish_1561737200,12.35097885131836,0.7298897504806519,0.6410060524940491,
dish_1561737223,7.587591171264648,0.5584669709205627,0.9024046659469604,
dish_1561737776,10.60606575012207,0.5063306093215942,0.7582912445068359,
dish_1561739160,8.70469856262207,0.5838211178779602,0.7393038272857666,
dish_1561739188,10.107078552246094,0.635374128818512,0.6982977390289307,
dish_1561739212,8.168316841125488,0.6207470297813416,0.7686513662338257,
dish_1561739238,7.434076309204102,0.5032140016555786,0.909115195274353,
dish_1561739265,6.966320037841797,0.6386635303497314,0.7028213143348694,
dish_1561739576,12.97830581665039,0.6443443298339844,0.6755250692367554,
dish_1561739649,7.344374656677246,0.45378246903419495,0.8419257402420044,
dish_1561739719,4.971729278564453,0.42764830589294434,0.8488698601722717,
dish_1561739805,5.340552806854248,0.20724163949489594,0.9994368553161621,
dish_1561739954,10.577258110046387,0.6629364490509033,0.8509859442710876,
dish_1561740321,10.69601821899414,0.6278132796287537,0.7650355100631714,
dish_1561740353,7.906409740447998,0.5203987956047058,0.9464156627655029,
dish_1561740385,7.24651575088501,0.5831840634346008,0.8353792428970337,
dish_1561746876,8.84249496459961,0.4022774398326874,0.8310703039169312,
dish_1561746912,6.587916851043701,0.5992074012756348,0.7809436321258545,
dish_1561749392,9.267909049987793,0.7108281850814819,0.7776470184326172,
dish_1561749818,7.853086471557617,0.5692073106765747,0.9250205159187317,
dish_1561749857,7.026367664337158,0.2540954649448395,0.9970895648002625,
dish_1561749908,6.487216949462891,0.4470864534378052,0.9711387157440186,
dish_1561751897,7.359583854675293,0.5420102477073669,0.8625741600990295,
dish_1561751958,11.8646240234375,0.6363974809646606,0.7509685158729553,
dish_1561752035,9.943891525268555,0.5168893933296204,0.8635589480400085,
dish_1561752481,12.552948951721191,0.7373199462890625,0.544981062412262,
dish_1561752509,10.800724983215332,0.6402585506439209,0.731727123260498,
dish_1561752535,7.134885311126709,0.5833720564842224,0.8839412331581116,
dish_1561752563,5.559228897094727,0.22934947907924652,0.9669808745384216,
dish_1561752680,6.714348793029785,0.36724939942359924,0.9460235834121704,
dish_1561752970,7.701531887054443,0.48650792241096497,0.9270927309989929,
dish_1561752996,7.024745941162109,0.3026641309261322,0.9581323266029358,
dish_1561753021,10.022664070129395,0.5777889490127563,0.9356864094734192,
dish_1561753075,8.31976318359375,0.5956839323043823,0.9137850999832153,
dish_1561753168,13.063057899475098,0.703528881072998,0.5739002823829651,
dish_1561753203,11.480132102966309,0.7282304763793945,0.6266165971755981,
dish_1561753238,6.717643737792969,0.4074699878692627,0.8990634679794312,
dish_1561753275,8.301398277282715,0.4833506643772125,0.9563347697257996,
dish_1561753400,7.604724884033203,0.5632827281951904,0.8956369161605835,
dish_1561753432,9.42551326751709,0.6197234988212585,0.8228969573974609,
dish_1561753477,7.528273105621338,0.4888516068458557,0.8714532256126404,
dish_1561753589,12.009040832519531,0.7254766821861267,0.5540827512741089,
dish_1561753623,12.034616470336914,0.7393786907196045,0.5719243288040161,
dish_1561753649,11.62069320678711,0.6040852665901184,0.7351351976394653,
dish_1561996122,10.683916091918945,0.6023407578468323,0.8542316555976868,
dish_1561996428,6.77944803237915,0.4074770510196686,0.9539511799812317,
dish_1561996612,12.722928047180176,0.7448738217353821,0.7493768930435181,
dish_1561996786,10.98034954071045,0.6261462569236755,0.7235821485519409,
dish_1561996813,12.207196235656738,0.6730111241340637,0.7635115385055542,
dish_1561996836,10.25762939453125,0.556279718875885,0.8228922486305237,
dish_1561996859,7.568139553070068,0.5739390254020691,0.8429914712905884,
dish_1561996893,6.584046840667725,0.5022958517074585,0.9039053320884705,
dish_1561999309,11.120818138122559,0.5523720979690552,0.7952820062637329,
dish_1561999332,6.995861530303955,0.5943400263786316,0.7338835000991821,
dish_1561999355,7.765719890594482,0.5494807958602905,0.9129085540771484,
dish_1561999624,16.72834587097168,0.7753472328186035,0.5907113552093506,
dish_1561999706,8.625642776489258,0.539097785949707,0.9851034283638,
dish_1562007739,11.965456008911133,0.6504960060119629,0.7246153354644775,
dish_1562007763,9.431577682495117,0.5958775281906128,0.9192382097244263,
dish_1562007789,8.447524070739746,0.5817602872848511,0.9111814498901367,
dish_1562008738,8.928986549377441,0.49846944212913513,0.7897728681564331,
dish_1562008780,7.192602157592773,0.6054278612136841,0.7784231901168823,
dish_1562008813,7.385716915130615,0.4996263384819031,0.907681405544281,
dish_1562008979,6.686663627624512,0.40847063064575195,0.9145358204841614,
dish_1562009006,6.325593948364258,0.334625780582428,0.9279011487960815,
dish_1562009098,7.152781009674072,0.6486217379570007,0.6802548170089722,
dish_1562009120,6.994405746459961,0.6300676465034485,0.6639831066131592,
dish_1562009148,5.869783401489258,0.6175128817558289,0.6467966437339783,
dish_1562009894,10.278318405151367,0.6286907196044922,0.8116363286972046,
dish_1562009934,7.882050037384033,0.43180587887763977,0.9891445636749268,
dish_1562010048,14.252486228942871,0.777023196220398,0.59354567527771,
dish_1562010085,13.284754753112793,0.6364959478378296,0.6737862825393677,
dish_1562010130,7.019797325134277,0.3651410937309265,0.7904409170150757,
dish_1562010266,4.789570331573486,0.3670756220817566,0.9099286794662476,
dish_1562010293,7.275218963623047,0.511553943157196,0.8814758658409119,
dish_1562010315,6.693875312805176,0.38032644987106323,0.935149073600769,
dish_1562010369,7.031116962432861,0.1635061651468277,0.7983166575431824,
dish_1562010394,9.48538589477539,0.5387164950370789,0.7836435437202454,
dish_1562010418,5.504454612731934,0.44178512692451477,0.8278515338897705,
dish_1562010440,9.223369598388672,0.4450741708278656,0.8293646574020386,
dish_1562010821,7.805611610412598,0.582727313041687,0.8664188385009766,
dish_1562010865,8.435401916503906,0.6264076828956604,0.892174482345581,
dish_1562011727,4.737804412841797,0.33000272512435913,0.9076217412948608,
dish_1562011765,4.9003424644470215,0.29550817608833313,0.9752143025398254,
dish_1562011794,8.574005126953125,0.5317238569259644,0.8890683650970459,
dish_1562012048,13.225323677062988,0.5946509838104248,0.7121233940124512,
dish_1562012076,12.630582809448242,0.6704788208007812,0.7109569311141968,
dish_1562085163,9.200418472290039,0.5335320234298706,0.925570011138916,
dish_1562086740,9.393089294433594,0.6914743185043335,0.8000777959823608,
dish_1562094621,13.058050155639648,0.746497392654419,0.6195822358131409,
dish_1562094730,6.398807525634766,0.4019639790058136,0.940746009349823,
dish_1562094877,10.877260208129883,0.5333860516548157,0.8017635345458984,
dish_1562094931,10.580556869506836,0.6572259664535522,0.8219645023345947,
dish_1562095283,7.948420524597168,0.5535257458686829,1.0019506216049194,
dish_1562095340,6.339776992797852,0.42698872089385986,0.9819589853286743,
dish_1562096372,8.866698265075684,0.5308777093887329,0.8653139472007751,
dish_1562096401,7.286037921905518,0.5588456392288208,0.8704250454902649,
dish_1562096512,14.075986862182617,0.7256885766983032,0.649208128452301,
dish_1562096542,10.224729537963867,0.7007431387901306,0.6835212111473083,
dish_1562096584,11.647934913635254,0.6862478852272034,0.7558040618896484,
dish_1562096608,8.658557891845703,0.5159181356430054,0.8543851375579834,
dish_1562096907,10.881168365478516,0.6868798732757568,0.7644884586334229,
dish_1562096933,5.589780330657959,0.30000993609428406,0.914212703704834,
dish_1562097001,9.781307220458984,0.47455382347106934,0.8430050611495972,
dish_1562097624,9.73133373260498,0.6480906009674072,0.8089295625686646,
dish_1562097673,8.088278770446777,0.5476627349853516,0.9012511968612671,
dish_1562099053,14.809059143066406,0.7754184603691101,0.6715339422225952,
dish_1562099076,11.172770500183105,0.42882040143013,0.7719826698303223,
dish_1562099102,14.042444229125977,0.7779794931411743,0.6562584638595581,
dish_1562099134,7.9158549308776855,0.45637238025665283,0.9754015207290649,
dish_1562099157,5.976320266723633,0.4168330132961273,0.9096643328666687,
dish_1562168427,11.541373252868652,0.743118405342102,0.7420552968978882,
dish_1562168450,11.246847152709961,0.6374685168266296,0.940324068069458,
dish_1562168471,7.7658891677856445,0.5779380202293396,0.8339298963546753,
dish_1562168648,12.163421630859375,0.7303363680839539,0.7361883521080017,
dish_1562168673,6.186680316925049,0.37690311670303345,0.8686733245849609,
dish_1562168800,7.131795883178711,0.5963152647018433,0.8738507032394409,
dish_1562169762,12.772212028503418,0.7229498624801636,0.7274441719055176,
dish_1562169818,9.860547065734863,0.5138837695121765,0.8474888801574707,
dish_1562169840,10.755640983581543,0.5665391683578491,0.8368417620658875,
dish_1562180157,6.360841751098633,0.4346127510070801,0.9606806635856628,
dish_1562181217,9.840702056884766,0.7361477613449097,0.6857151985168457,
dish_1562181247,7.950392723083496,0.6791504621505737,0.7100404500961304,
dish_1562181285,3.729728937149048,0.17118524014949799,0.975203812122345,
dish_1562183065,17.28738784790039,0.8878281712532043,0.4184410274028778,
dish_1562183125,7.246967315673828,0.6804710626602173,0.7929362058639526,
dish_1562183151,5.775606155395508,0.5378178954124451,0.877892017364502,
dish_1562183175,6.920550346374512,0.47374996542930603,0.999498188495636,
dish_1562183201,6.1299543380737305,0.48962512612342834,0.9791744947433472,
dish_1562184604,16.975858688354492,0.8660021424293518,0.4301210343837738,
dish_1562184628,6.928062438964844,0.5420220494270325,0.8558522462844849,
dish_1562184663,7.24269437789917,0.4642651081085205,0.9137731790542603,
dish_1562184705,7.205390930175781,0.4497467875480652,0.9794824719429016,
dish_1562602657,9.100105285644531,0.5350320339202881,0.8299259543418884,
dish_1562602803,12.237184524536133,0.6554856300354004,0.5456757545471191,
dish_1562602832,10.298467636108398,0.48553016781806946,0.7283652424812317,
dish_1562602860,10.385262489318848,0.508878767490387,0.8053600192070007,
dish_1562602888,6.302670478820801,0.19183340668678284,0.9325592517852783,
dish_1562602918,8.145268440246582,0.6862948536872864,0.7981644868850708,
dish_1562602945,9.255599975585938,0.6682469844818115,0.8024043440818787,
dish_1562603536,8.177828788757324,0.1214480772614479,0.8518282175064087,
dish_1562603569,8.187857627868652,0.48014724254608154,0.8574106693267822,
dish_1562603598,6.231736660003662,0.4577934443950653,0.8484025597572327,
dish_1562603626,7.062802314758301,0.4010084569454193,0.8855124711990356,
dish_1562603842,6.440071105957031,0.40898704528808594,0.8703515529632568,
dish_1562603867,6.562073230743408,0.38402408361434937,0.976911187171936,
dish_1562603895,8.251700401306152,0.3540935218334198,0.8080986738204956,
dish_1562605315,15.450547218322754,0.7849698662757874,0.6439113616943359,
dish_1562613285,5.4130754470825195,0.5262336730957031,0.7181824445724487,
dish_1562613340,6.757969856262207,0.5347864627838135,0.8345709443092346,
dish_1562613376,8.062126159667969,0.5084765553474426,0.803899347782135,
dish_1562613403,6.966868877410889,0.39690685272216797,0.9259956479072571,
dish_1562613867,8.531510353088379,0.5862280130386353,0.9373047947883606,
dish_1562613898,5.379174709320068,0.5594683289527893,0.7602506875991821,
dish_1562613918,4.934760093688965,0.5011236667633057,0.780325174331665,
dish_1562613974,8.988248825073242,0.5237090587615967,0.9618764519691467,
dish_1562614121,12.323415756225586,0.6838815212249756,0.650976836681366,
dish_1562614158,6.740535736083984,0.5366834402084351,0.7033159732818604,
dish_1562614895,12.728160858154297,0.5914770364761353,0.7525749802589417,
dish_1562614921,7.783263206481934,0.3545531630516052,0.8917930722236633,
dish_1562614952,7.69511604309082,0.4758477210998535,0.8325735330581665,
dish_1562614980,7.602947235107422,0.47580188512802124,0.9461161494255066,
dish_1562615070,10.405488014221191,0.4465455114841461,0.745827853679657,
dish_1562615103,7.488119602203369,0.3542194962501526,0.8418300151824951,
dish_1562615128,8.634620666503906,0.5062251687049866,0.8324125409126282,
dish_1562615153,8.848230361938477,0.5399336814880371,0.9393384456634521,
dish_1562615283,9.74504280090332,0.3980163037776947,0.7045518159866333,
dish_1562615324,6.311540603637695,0.44749200344085693,0.7972918152809143,
dish_1562615360,8.12571907043457,0.7626279592514038,0.5434675812721252,
dish_1562615388,6.034005641937256,0.4528791308403015,0.8411432504653931,
dish_1562617370,14.294097900390625,0.6892879009246826,0.5456902384757996,
dish_1562617395,9.541776657104492,0.2852917015552521,0.7629455327987671,
dish_1562617416,10.012529373168945,0.3391868770122528,0.7679425477981567,
dish_1562617446,7.8883562088012695,0.3723300099372864,0.8647209405899048,
dish_1562617470,6.451301574707031,0.3188762068748474,0.8792001008987427,
dish_1562617492,7.77860164642334,0.40135979652404785,0.9887559413909912,
dish_1562688482,11.208104133605957,0.5800331234931946,0.7314909100532532,
dish_1562688524,9.178243637084961,0.5597391128540039,0.8518532514572144,
dish_1562688552,10.672636032104492,0.6462532877922058,0.7704473733901978,
dish_1562689601,12.655277252197266,0.8006526231765747,0.5868492722511292,
dish_1562689620,11.64225959777832,0.7660318613052368,0.6730035543441772,
dish_1562689645,10.783129692077637,0.6449735164642334,0.7547765374183655,
dish_1562690047,11.768280029296875,0.7298591732978821,0.7505320310592651,
dish_1562690074,6.845485687255859,0.4258900284767151,0.8177023530006409,
dish_1562690112,6.573178291320801,0.43321746587753296,0.94756019115448,
dish_1562690144,9.428973197937012,0.5624485611915588,0.871401309967041,
dish_1562690886,7.109234809875488,0.15873607993125916,0.7824432849884033,
dish_1562690917,9.545337677001953,0.576610803604126,0.8235784769058228,
dish_1562690950,9.11630916595459,0.46311426162719727,0.8727610111236572,
dish_1562691000,12.090608596801758,0.5623037815093994,0.7518588304519653,
dish_1562691032,10.425165176391602,0.5695614814758301,0.9074870347976685,
dish_1562691064,9.837126731872559,0.4706867039203644,0.8571593165397644,
dish_1562691383,9.687450408935547,0.538989782333374,0.8622734546661377,
dish_1562691441,6.963144302368164,0.32474762201309204,0.9762580394744873,
dish_1562691466,7.232133388519287,0.40381720662117004,1.04241943359375,
dish_1562691538,7.48430061340332,0.21574315428733826,0.8643693923950195,
dish_1562691566,6.608868598937988,0.3478354215621948,0.9452434778213501,
dish_1562691613,7.045538425445557,0.495622456073761,0.9349184036254883,
dish_1562691645,7.85208797454834,0.5298905968666077,0.9046853184700012,
dish_1562691674,8.86520004272461,0.5729488730430603,0.840918242931366,
dish_1562691737,7.127646446228027,0.38845402002334595,1.0234380960464478,
dish_1562698100,8.69493579864502,0.4334547519683838,0.876734733581543,
dish_1562698132,7.012955188751221,0.32825368642807007,0.9275332093238831,
dish_1562698209,10.324188232421875,0.4006827771663666,0.7615368962287903,
dish_1562698239,8.706615447998047,0.45580005645751953,0.8599220514297485,
dish_1562698276,14.01689338684082,0.5992438197135925,0.7388779520988464,
dish_1562699612,18.345361709594727,0.8404747843742371,0.5022339820861816,
dish_1562699652,11.436861991882324,0.6516081690788269,0.7063511610031128,
dish_1562699699,6.741352558135986,0.4340287446975708,0.9505915641784668,
dish_1562700524,9.010597229003906,0.5851731896400452,0.8881922364234924,
dish_1562700568,7.482212066650391,0.5234662890434265,0.8662499785423279,
dish_1562700593,7.955652713775635,0.6173473596572876,0.9095197319984436,
dish_1562700685,8.162750244140625,0.3360227942466736,0.8359447717666626,
dish_1562700718,9.8040189743042,0.421654611825943,0.8069462776184082,
dish_1562700931,10.26684856414795,0.5401962995529175,0.7935982346534729,
dish_1562700957,9.278097152709961,0.5641661286354065,0.9409949779510498,
dish_1562702007,9.471270561218262,0.4439508318901062,0.8425403833389282,
dish_1562702044,9.4830322265625,0.449195921421051,0.7862880229949951,
dish_1562702091,6.630220413208008,0.3766414523124695,0.9601926207542419,
dish_1562702132,5.835351943969727,0.36948931217193604,0.9614310264587402,
dish_1562702355,9.64541244506836,0.703532338142395,0.7081777453422546,
dish_1562702379,12.985570907592773,0.5578693747520447,0.7591221928596497,
dish_1562702412,9.573312759399414,0.5146870017051697,0.8422345519065857,
dish_1562702469,9.299068450927734,0.6660501956939697,0.8802722096443176,
dish_1562702813,10.053932189941406,0.5585020780563354,0.8755120635032654,
dish_1562702853,10.867742538452148,0.6543443202972412,0.9044476747512817,
dish_1562703345,11.559844017028809,0.7522746920585632,0.7572678327560425,
dish_1562703382,6.951676845550537,0.3234207034111023,0.9092830419540405,
dish_1562703408,6.508410930633545,0.2512953579425812,0.9183962345123291,
dish_1562704528,14.017040252685547,0.6607294082641602,0.6516057252883911,
dish_1562704564,10.345052719116211,0.6252121329307556,0.7826899290084839,
dish_1562704616,9.183897018432617,0.5271462202072144,0.9085590839385986,
dish_1562704640,8.288238525390625,0.4733089506626129,0.8949036598205566,
dish_1562704665,11.250421524047852,0.5650826096534729,0.8184866309165955,
dish_1562774099,5.5260725021362305,0.36324959993362427,0.8996518850326538,
dish_1562774129,7.34528923034668,0.5786433815956116,0.817771315574646,
dish_1562774159,6.851362228393555,0.6184823513031006,0.8109793066978455,
dish_1562774180,8.825284957885742,0.6556657552719116,0.8513994812965393,
dish_1562774206,8.292991638183594,0.5443522930145264,0.9464805126190186,
dish_1562774346,8.643481254577637,0.5952879190444946,0.9103318452835083,
dish_1562774456,7.886314868927002,0.38001981377601624,0.8162354826927185,
dish_1562774475,4.756722450256348,0.3857800364494324,0.9606608748435974,
dish_1562774504,10.247821807861328,0.580236554145813,0.8549439907073975,
dish_1562774531,6.07171106338501,0.3837219476699829,0.8465557098388672,
dish_1562777037,13.128900527954102,0.7060149908065796,0.7429073452949524,
dish_1562777068,7.5821533203125,0.40712934732437134,0.9193675518035889,
dish_1562777099,7.065481662750244,0.524613618850708,0.9434078335762024,
dish_1562777566,9.113273620605469,0.6954032182693481,0.7073685526847839,
dish_1562783691,6.911877632141113,0.5936720967292786,0.8591200113296509,
dish_1562784242,12.491656303405762,0.713283896446228,0.616356372833252,
dish_1562784266,11.27581787109375,0.45594272017478943,0.6336331367492676,
dish_1562784307,6.91752815246582,0.10589462518692017,0.8723647594451904,
dish_1562784347,4.601781845092773,0.49511730670928955,0.8945516347885132,
dish_1562784388,6.606813430786133,0.3554892838001251,0.9387713670730591,
dish_1562785132,10.157480239868164,0.7026706337928772,0.6662619113922119,
dish_1562785159,6.468501567840576,0.42179396748542786,0.9579451680183411,
dish_1562785184,8.44337272644043,0.48406603932380676,0.8799548149108887,
dish_1562785328,5.430191993713379,0.5927180647850037,0.7437772154808044,
dish_1562785369,6.639161586761475,0.4961174726486206,0.9146286249160767,
dish_1562787745,15.000046730041504,0.7685682773590088,0.5356993079185486,
dish_1562787783,9.166593551635742,0.47598764300346375,0.8679347634315491,
dish_1562787817,5.649064064025879,0.3023696541786194,0.8973060846328735,
dish_1562787848,6.369894027709961,0.34849220514297485,0.9397642612457275,
dish_1562787956,9.679780960083008,0.690320611000061,0.7077732086181641,
dish_1562787983,9.470260620117188,0.639121413230896,0.7701774835586548,
dish_1562788010,7.9081878662109375,0.6377397179603577,0.786594033241272,
dish_1562788032,7.961009979248047,0.5649693012237549,0.8722790479660034,
dish_1562788506,13.034116744995117,0.7285529375076294,0.4777468144893646,
dish_1562788536,9.348108291625977,0.6265956163406372,0.8486167788505554,
dish_1562788568,7.420589447021484,0.5292240381240845,0.8889477252960205,
dish_1562788601,8.870157241821289,0.6467956304550171,0.8597853183746338,
dish_1562788732,9.844673156738281,0.3170221447944641,0.6591305732727051,
dish_1562790295,8.50837516784668,0.5583112835884094,0.8717359304428101,
dish_1562790321,6.838250160217285,0.3836245834827423,0.9240615963935852,
dish_1562790775,7.163270473480225,0.49171751737594604,0.8155211210250854,
dish_1562790824,5.422098159790039,0.3956008553504944,0.9441044330596924,
dish_1562790855,7.6148200035095215,0.4933187663555145,0.872182309627533,
dish_1562859116,10.681798934936523,0.6530212163925171,0.8122690320014954,
dish_1562860045,10.176214218139648,0.5601619482040405,0.9121891856193542,
dish_1562860073,8.708366394042969,0.4292426109313965,0.9299870729446411,
dish_1562861125,11.79729175567627,0.7176470756530762,0.8009109497070312,
dish_1562862493,9.37693977355957,0.6018310189247131,0.9374213218688965,
dish_1562862529,8.383109092712402,0.5337642431259155,0.9151316285133362,
dish_1562862550,9.245462417602539,0.5804944038391113,0.9519501328468323,
dish_1562871297,16.342914581298828,0.8409624099731445,0.5080276131629944,
dish_1562871363,13.173585891723633,0.7324614524841309,0.6968806982040405,
dish_1562871408,10.306009292602539,0.42253339290618896,0.8493586182594299,
dish_1562871448,10.814797401428223,0.4097016453742981,0.8422086238861084,
dish_1562871488,6.930025100708008,0.45465922355651855,0.8627516031265259,
dish_1562871537,7.380220890045166,0.5066370964050293,0.9772767424583435,
dish_1562872150,16.076486587524414,0.8357848525047302,0.46793752908706665,
dish_1562872182,9.267671585083008,0.5723151564598083,0.8630481958389282,
dish_1562872223,8.389880180358887,0.6182634830474854,0.8218747973442078,
dish_1562872365,9.70676040649414,0.44417840242385864,0.6959580779075623,
dish_1562872396,8.965351104736328,0.4496956169605255,0.8030558824539185,
dish_1562872432,6.767839431762695,0.4112567603588104,0.8736326694488525,
dish_1562872470,6.8539934158325195,0.4211578965187073,0.9183828234672546,
dish_1562872498,8.994972229003906,0.5373365879058838,0.912392258644104,
dish_1562872662,8.718812942504883,0.6128122806549072,0.7795851230621338,
dish_1562872746,8.05282211303711,0.6392321586608887,0.7723487615585327,
dish_1562872914,9.14919376373291,0.45712345838546753,0.847456693649292,
dish_1562873814,5.365983486175537,0.3787074685096741,0.9306347370147705,
dish_1562873838,9.352124214172363,0.606895923614502,0.8137959241867065,
dish_1562874049,10.321475982666016,0.5635107755661011,0.8163619041442871,
dish_1562874203,8.765022277832031,0.644159734249115,0.7273298501968384,
dish_1562874250,6.886326789855957,0.4283040165901184,0.9014692902565002,
dish_1562874282,5.977451801300049,0.4438464939594269,0.8697683215141296,
dish_1562875159,9.615708351135254,0.4530743658542633,0.7762631177902222,
dish_1562875211,9.922258377075195,0.4223138689994812,0.7973878383636475,
dish_1562875241,9.110916137695312,0.48661720752716064,0.8509092330932617,
dish_1562875273,7.203544616699219,0.4828455448150635,0.8948333263397217,
dish_1562875320,8.433734893798828,0.49632376432418823,0.899990439414978,
dish_1562875833,7.496495246887207,0.432438462972641,0.8051599264144897,
dish_1562875870,9.03526782989502,0.6115989089012146,0.8587985634803772,
dish_1562875898,6.6155686378479,0.4393492341041565,0.8642189502716064,
dish_1562875940,7.41395902633667,0.48544788360595703,0.8891623020172119,
dish_1562876494,10.618282318115234,0.6243265271186829,0.7891497611999512,
dish_1562876531,8.563002586364746,0.6558159589767456,0.8067317008972168,
dish_1562876618,15.094114303588867,0.8077594041824341,0.49769291281700134,
dish_1562876645,7.65404748916626,0.05457249656319618,0.828296422958374,
dish_1562876674,11.779300689697266,0.5954742431640625,0.7285670042037964,
dish_1562876709,7.710331916809082,0.38738471269607544,0.8164740800857544,
dish_1562876732,8.36697769165039,0.4750439524650574,0.991462230682373,
dish_1562876756,7.914064407348633,0.5360839366912842,0.8888212442398071,
dish_1562945186,10.573078155517578,0.6388428807258606,0.7300421595573425,
dish_1562945332,6.485481262207031,0.43124115467071533,1.0070089101791382,
dish_1562945393,7.006170749664307,0.47093188762664795,0.9857915639877319,
dish_1562945445,7.2284722328186035,0.4398036599159241,0.9816323518753052,
dish_1562945499,6.148032188415527,0.543003499507904,0.9432012438774109,
dish_1562945779,7.247679710388184,0.6073582768440247,0.8844912052154541,
dish_1562945823,7.121578216552734,0.4955810010433197,0.9290837645530701,
dish_1562946006,8.664898872375488,0.6513268947601318,0.8122016787528992,
dish_1562946106,6.224688529968262,0.3848739564418793,1.0268423557281494,
dish_1562947020,8.39536190032959,0.6065574884414673,0.912621259689331,
dish_1562947376,14.825207710266113,0.8128330707550049,0.5285407900810242,
dish_1562947409,8.89344596862793,0.5151069164276123,0.9103605151176453,
dish_1562947436,9.422664642333984,0.6583020091056824,0.8044734597206116,
dish_1562947469,7.779181480407715,0.6133453845977783,0.9014204740524292,
dish_1562947503,6.218842506408691,0.37577471137046814,0.9725298881530762,
dish_1562949162,9.878103256225586,0.45671898126602173,0.7782478332519531,
dish_1562949205,12.39755916595459,0.699906051158905,0.7011085748672485,
dish_1562949242,6.291604518890381,0.3662284314632416,0.9518656134605408,
dish_1562949467,13.088534355163574,0.7287985682487488,0.5388907790184021,
dish_1562949515,4.734210014343262,0.3593462109565735,0.9486680030822754,
dish_1562949541,4.42539644241333,0.15832644701004028,1.0003323554992676,
dish_1562950018,16.963790893554688,0.8611544966697693,0.42398038506507874,
dish_1562950057,5.144496440887451,0.198329359292984,0.9478824138641357,
dish_1562950091,7.669651031494141,0.5186933875083923,0.9126579165458679,
dish_1562950895,6.401299476623535,0.39799612760543823,0.9973526000976562,
dish_1562950934,10.847085952758789,0.7158104181289673,0.8618929982185364,
dish_1562956486,8.857003211975098,0.6026009321212769,0.8076934814453125,
dish_1562956510,8.978262901306152,0.5915840864181519,0.8263401985168457,
dish_1562958563,8.697951316833496,0.28577733039855957,0.790470540523529,
dish_1562958603,7.695072650909424,0.27822649478912354,0.8498958349227905,
dish_1562958629,8.587251663208008,0.4811153709888458,0.8850191831588745,
dish_1562958721,11.57107925415039,0.7551034688949585,0.7212882041931152,
dish_1562958775,4.828482151031494,0.3976181745529175,0.8099313974380493,
dish_1562958809,6.2005133628845215,0.5619924068450928,0.7692134380340576,
dish_1562958998,11.179058074951172,0.7122891545295715,0.714020848274231,
dish_1562959024,11.71800422668457,0.5927308797836304,0.8350338935852051,
dish_1562959059,9.557048797607422,0.5460877418518066,0.8118090033531189,
dish_1562959103,12.024436950683594,0.6491181254386902,0.8202906847000122,
dish_1562959129,10.753013610839844,0.6668628454208374,0.8669848442077637,
dish_1562959190,6.3011651039123535,0.34363025426864624,0.9893920421600342,
dish_1562959295,12.481059074401855,0.6586816906929016,0.5198377966880798,
dish_1562959344,16.314897537231445,0.8225993514060974,0.46756789088249207,
dish_1562959379,6.800736427307129,0.44067448377609253,0.8813058733940125,
dish_1562959485,10.038616180419922,0.4447554647922516,0.760536789894104,
dish_1562959517,7.106373310089111,0.34483635425567627,0.8942590355873108,
dish_1562963006,7.162566184997559,0.5601186752319336,0.8880008459091187,
dish_1562963033,9.810751914978027,0.699114978313446,0.7902090549468994,
dish_1562963059,6.058788776397705,0.6065200567245483,0.8223628401756287,
dish_1562963084,8.961824417114258,0.608299970626831,0.8196751475334167,
dish_1562963109,7.135891914367676,0.4731592535972595,0.8846651315689087,
dish_1562963153,6.70611047744751,0.49594545364379883,1.004825234413147,
dish_1562963246,11.349489212036133,0.5916648507118225,0.6886152029037476,
dish_1562963289,9.308126449584961,0.4935911297798157,0.9075781106948853,
dish_1562963325,8.083817481994629,0.529548704624176,0.9909228086471558,
dish_1562963484,8.78030014038086,0.6678727865219116,0.7152526378631592,
dish_1562963517,7.070579528808594,0.5273749232292175,0.9725629091262817,
dish_1562963583,15.581954956054688,0.780363142490387,0.5598929524421692,
dish_1562963612,10.77253532409668,0.49368470907211304,0.7292135953903198,
dish_1562963648,10.639459609985352,0.5569754838943481,0.7856162786483765,
dish_1562963676,7.661828517913818,0.41974902153015137,0.9297155141830444,
dish_1562963704,7.343862056732178,0.5448856353759766,0.9453614950180054,
dish_1563205877,14.820025444030762,0.8356189131736755,0.42370161414146423,
dish_1563205903,13.96035099029541,0.8023966550827026,0.6481536626815796,
dish_1563205927,8.146361351013184,0.5759314298629761,0.8462974429130554,
dish_1563205953,7.820767879486084,0.48853227496147156,1.0148451328277588,
dish_1563205982,9.42586898803711,0.5821959972381592,0.9328828454017639,
dish_1563206409,13.039032936096191,0.7411191463470459,0.7806115746498108,
dish_1563206601,7.211124897003174,0.645844578742981,0.8379220962524414,
dish_1563207277,9.495994567871094,0.6422927975654602,0.8407021760940552,
dish_1563207332,6.034367561340332,0.26973757147789,1.0004160404205322,
dish_1563207364,5.983205795288086,0.28769099712371826,1.020206332206726,
dish_1563207389,8.119305610656738,0.4764612317085266,1.075103759765625,
dish_1563207406,8.412211418151855,0.5698174834251404,1.00312077999115,
dish_1563217804,7.165897369384766,0.41778555512428284,0.9455013275146484,
dish_1563217895,9.991584777832031,0.5942556262016296,0.7580850124359131,
dish_1563217939,5.8431854248046875,0.17957068979740143,0.9091969728469849,
dish_1563217968,6.511475563049316,0.5043243765830994,0.9269270896911621,
dish_1563217993,7.766079425811768,0.5660867691040039,0.8720580339431763,
dish_1563218031,5.443779945373535,0.49885642528533936,0.8670984506607056,
dish_1563218201,10.220250129699707,0.6316877007484436,0.7801856398582458,
dish_1563218408,4.98842716217041,0.5590305924415588,0.8613256216049194,
dish_1563218959,8.109310150146484,0.5365124940872192,0.8578611612319946,
dish_1563218987,9.844500541687012,0.6281751394271851,0.8606488704681396,
dish_1563219009,8.223392486572266,0.5612182021141052,0.9121477603912354,
dish_1563219035,7.970559120178223,0.5925074815750122,0.8580919504165649,
dish_1563219056,6.496438026428223,0.5960768461227417,0.8587445616722107,
dish_1563220058,11.434979438781738,0.7048346996307373,0.5684060454368591,
dish_1563220087,8.092775344848633,0.488028883934021,0.7783330678939819,
dish_1563220143,6.295184135437012,0.3658471405506134,0.9732856750488281,
dish_1563220171,6.945018291473389,0.49089834094047546,0.9369100332260132,
dish_1563220767,7.538393020629883,0.4761143624782562,0.8293255567550659,
dish_1563220802,6.782339096069336,0.5556918382644653,0.7904015779495239,
dish_1563220987,8.015872955322266,0.3522762954235077,0.7540714144706726,
dish_1563221025,7.054111957550049,0.34643125534057617,0.8451927304267883,
dish_1563221054,5.293781280517578,0.42640984058380127,0.9217159748077393,
dish_1563221086,6.274733543395996,0.4699206054210663,0.8866292238235474,
dish_1563221157,6.938997268676758,0.4090116024017334,0.9079054594039917,
dish_1563221443,9.518508911132812,0.5559752583503723,0.7330531477928162,
dish_1563221495,10.85969352722168,0.6846402883529663,0.7544701099395752,
dish_1563221519,4.533087253570557,0.2362537831068039,0.9699283838272095,
dish_1563221562,7.084116458892822,0.3259117603302002,0.8532915711402893,
dish_1563294408,7.07697868347168,0.08953289687633514,0.7076326608657837,
dish_1563295334,9.489485740661621,0.5427051186561584,0.8591914772987366,
dish_1563302345,8.438969612121582,0.45200294256210327,0.8264625072479248,
dish_1563302391,6.176110744476318,0.6838963031768799,0.7122815847396851,
dish_1563302447,6.940617084503174,0.4550305902957916,0.9159159660339355,
dish_1563303298,8.406801223754883,0.5321229696273804,0.7695899605751038,
dish_1563303350,6.579761028289795,0.30928176641464233,0.8974635601043701,
dish_1563303386,5.869597911834717,0.1330859214067459,0.9236620664596558,
dish_1563304261,13.144667625427246,0.6751943230628967,0.6163069605827332,
dish_1563304301,6.671596050262451,0.43293458223342896,0.9063259363174438,
dish_1563304333,6.43244743347168,0.4137299656867981,0.9043152332305908,
dish_1563304369,6.8340349197387695,0.3986605703830719,0.9474903345108032,
dish_1563304881,9.705243110656738,0.4471735656261444,0.8482418060302734,
dish_1563306039,4.9290452003479,0.5037533640861511,0.7860546708106995,
dish_1563308353,10.70752239227295,0.4595462679862976,0.6955311894416809,
dish_1563378002,16.050905227661133,0.8412395715713501,0.5071702599525452,
dish_1563378029,6.771183967590332,0.13439320027828217,0.896396279335022,
dish_1563378051,9.720670700073242,0.3649899363517761,0.8542284965515137,
dish_1563378073,9.079757690429688,0.3542191982269287,0.86510169506073,
dish_1563378110,9.672412872314453,0.48628371953964233,0.8833143711090088,
dish_1563378344,13.588953018188477,0.7906553745269775,0.672660768032074,
dish_1563378372,10.048774719238281,0.603744626045227,0.8946987390518188,
dish_1563378406,9.497730255126953,0.6258243322372437,0.9087971448898315,
dish_1563378435,9.709733963012695,0.5203443765640259,0.9957152605056763,
dish_1563378660,10.596643447875977,0.6479941606521606,0.8860364556312561,
dish_1563379163,9.869527816772461,0.6427294015884399,0.8928555250167847,
dish_1563379494,8.269107818603516,0.2791953682899475,0.966962456703186,
dish_1563381461,9.655023574829102,0.5235798954963684,0.8184776306152344,
dish_1563381486,5.936007022857666,0.28536176681518555,0.9875134229660034,
dish_1563381512,6.469108581542969,0.42075231671333313,1.006829023361206,
dish_1563381680,8.99892520904541,0.23104307055473328,0.8030644059181213,
dish_1563381706,10.143647193908691,0.4133288860321045,0.8266085386276245,
dish_1563381738,10.646992683410645,0.5055764317512512,0.7697738409042358,
dish_1563381760,7.152856826782227,0.3592694401741028,0.9406125545501709,
dish_1563382911,10.688770294189453,0.6626035571098328,0.7689027786254883,
dish_1563382953,7.3331804275512695,0.3793265223503113,0.943042516708374,
dish_1563391413,6.380037307739258,0.35798007249832153,1.003646969795227,
dish_1563391453,6.605040550231934,0.47252607345581055,0.90693199634552,
dish_1563391647,14.501273155212402,0.8037706613540649,0.522321343421936,
dish_1563391681,11.51293659210205,0.7035864591598511,0.7177779674530029,
dish_1563391708,6.872366905212402,0.299906849861145,0.9278407096862793,
dish_1563391922,9.782404899597168,0.5747812390327454,0.8006538152694702,
dish_1563391959,5.0569000244140625,0.2303144484758377,0.991195797920227,
dish_1563391989,6.770279407501221,0.45566606521606445,1.0341947078704834,
dish_1563392128,9.593481063842773,0.4726950526237488,0.8577628135681152,
dish_1563393148,6.233633041381836,0.2790002226829529,0.8802461624145508,
dish_1563464457,9.4968843460083,0.6065338253974915,0.8372435569763184,
dish_1563464480,9.274325370788574,0.6460738778114319,0.8309879302978516,
dish_1563464543,6.902690887451172,0.5004878044128418,0.9358792304992676,
dish_1563464627,10.543575286865234,0.6060783863067627,0.7855602502822876,
dish_1563464651,10.455089569091797,0.5126543045043945,0.8390761613845825,
dish_1563464670,10.437393188476562,0.643391489982605,0.8600665926933289,
dish_1563465805,8.431026458740234,0.5777425169944763,0.7158591747283936,
dish_1563468199,15.885260581970215,0.8335228562355042,0.4603755474090576,
dish_1563468269,9.617415428161621,0.5783462524414062,0.8223050236701965,
dish_1563468327,6.426270484924316,0.2453935742378235,0.939949631690979,
dish_1563468776,12.85138988494873,0.6959787607192993,0.6658174395561218,
dish_1563475953,12.543896675109863,0.740455150604248,0.7452861666679382,
dish_1563476323,11.364700317382812,0.7069833278656006,0.7862281799316406,
dish_1563476408,12.050619125366211,0.6692978143692017,0.8273996114730835,
dish_1563476463,6.1677985191345215,0.13624408841133118,0.9264780879020691,
dish_1563476577,9.69553279876709,0.6225859522819519,0.8189294338226318,
dish_1563476646,11.885932922363281,0.661015510559082,0.832892656326294,
dish_1563477659,8.809720039367676,0.2856352627277374,0.7950955033302307,
dish_1563477701,12.593639373779297,0.7345026135444641,0.6410560607910156,
dish_1563478751,5.998616695404053,0.44514748454093933,0.8519459366798401,
dish_1563479526,13.609691619873047,0.7515364289283752,0.677086353302002,
dish_1563555072,7.470924377441406,0.43332499265670776,0.8382667303085327,
dish_1563555100,10.628939628601074,0.6427552103996277,0.8242209553718567,
dish_1563555126,7.1064453125,0.4896915853023529,0.9380980730056763,
dish_1563555160,3.823453903198242,0.08256686478853226,1.006364345550537,
dish_1563555510,4.62310266494751,0.07752566784620285,0.9724506139755249,
dish_1563555543,13.27086353302002,0.7183893918991089,0.7245702743530273,
dish_1563555563,4.723917007446289,0.15571121871471405,0.9434807300567627,
dish_1563555605,9.518083572387695,0.5949410796165466,0.9095521569252014,
dish_1563563264,9.185976028442383,0.6230559349060059,0.8431258201599121,
dish_1563563289,6.924784183502197,0.5101053714752197,0.8749330639839172,
dish_1563563317,8.186444282531738,0.5584729909896851,0.9528524875640869,
dish_1563567372,7.750985622406006,0.4781167209148407,0.9436579942703247,
dish_1563567599,5.990915298461914,0.503013014793396,0.9619582891464233,
dish_1563567663,6.010514259338379,0.38765886425971985,0.9073482751846313,
dish_1563567722,4.421246528625488,0.23167002201080322,1.0008060932159424,
dish_1563567978,4.708395481109619,0.1318890005350113,0.9472461938858032,
dish_1563568003,8.37081241607666,0.4466310739517212,0.8628026247024536,
dish_1563568025,6.96858024597168,0.35630106925964355,0.9234519004821777,
dish_1563568118,9.363929748535156,0.509998619556427,0.7095783352851868,
dish_1563568148,6.06972599029541,0.47959503531455994,0.8436025381088257,
dish_1563568292,9.407464027404785,0.3870428800582886,0.8681559562683105,
dish_1563568338,9.818343162536621,0.48499637842178345,0.9252989292144775,
dish_1563568357,6.41420841217041,0.3369549810886383,0.9852036237716675,
dish_1563811412,10.426047325134277,0.5258645415306091,0.8246824741363525,
dish_1563811439,12.490869522094727,0.5996587872505188,0.673945963382721,
dish_1563811463,9.720505714416504,0.5880160331726074,0.9030482769012451,
dish_1563811490,5.141960620880127,0.08981690555810928,1.0100489854812622,
dish_1563811515,6.740467548370361,0.4455993175506592,0.9382104277610779,
dish_1563811611,6.485506057739258,0.4207707345485687,0.8868893384933472,
dish_1563811639,6.028540134429932,0.39984434843063354,0.9727575778961182,
dish_1563811662,7.4022369384765625,0.4460710287094116,0.946219801902771,
dish_1563811686,7.672085762023926,0.6137375831604004,0.8578004837036133,
dish_1563822636,6.998939514160156,0.5051409006118774,0.9625305533409119,
dish_1563822663,7.367719650268555,0.5496035814285278,0.9675197601318359,
dish_1563823292,7.984231472015381,0.35377779603004456,0.9510033130645752,
dish_1563823359,8.418375015258789,0.39325472712516785,0.9056649208068848,
dish_1563823390,7.661050796508789,0.45717689394950867,0.949154794216156,
dish_1563823423,8.799164772033691,0.4584072232246399,0.8475892543792725,
dish_1563823814,12.87917423248291,0.8017092943191528,0.5847041606903076,
dish_1563823860,8.926252365112305,0.5620867609977722,0.80370032787323,
dish_1563823894,6.720127105712891,0.4815087616443634,0.9360178112983704,
dish_1563824065,11.209278106689453,0.6625052094459534,0.8139979839324951,
dish_1563827162,8.720049858093262,0.5098612308502197,0.9426507949829102,
dish_1563827188,7.401029586791992,0.5660784840583801,0.950832724571228,
dish_1563827425,9.308947563171387,0.6551490426063538,0.7811722159385681,
dish_1563827454,8.842107772827148,0.5807060599327087,0.8252518177032471,
dish_1563827482,5.579178333282471,0.43745744228363037,0.9242877960205078,
dish_1563897338,8.441594123840332,0.535882830619812,0.8772469162940979,
dish_1563897369,11.56415843963623,0.777350664138794,0.7303537726402283,
dish_1563897395,4.756263732910156,0.3472227454185486,0.9651445150375366,
dish_1563897439,9.684219360351562,0.6111533641815186,0.8904740810394287,
dish_1563897492,8.036191940307617,0.5557652711868286,0.9516400098800659,
dish_1563897794,4.274628639221191,0.16551564633846283,0.9970042705535889,
dish_1563898019,9.809050559997559,0.608321487903595,0.8231842517852783,
dish_1563898055,11.41097640991211,0.6597375869750977,0.92165207862854,
dish_1563898084,8.907670021057129,0.5402258038520813,0.9834874868392944,
dish_1563898107,9.218228340148926,0.5939388275146484,0.9323256015777588,
dish_1563898688,6.966031074523926,0.4533582925796509,1.016924500465393,
dish_1563898722,9.310791015625,0.6125824451446533,0.9527133107185364,
dish_1563898786,8.7601900100708,0.5924970507621765,0.9058846235275269,
dish_1563898813,7.627854347229004,0.4410088062286377,1.0452826023101807,
dish_1563898880,7.808883190155029,0.5197314023971558,0.9946785569190979,
dish_1563900120,10.370454788208008,0.7093446254730225,0.7621127367019653,
dish_1563913675,6.257883071899414,0.172315776348114,0.9283947348594666,
dish_1563913709,8.889667510986328,0.47630810737609863,0.9357150793075562,
dish_1563913741,5.728581428527832,0.3938010334968567,0.9788053035736084,
dish_1563984140,14.273136138916016,0.7545005679130554,0.5245167016983032,
dish_1563984242,7.251410961151123,0.2717278003692627,0.9417901039123535,
dish_1563984296,6.887970447540283,0.33589354157447815,0.9647241234779358,
dish_1563984729,6.76306676864624,0.48728570342063904,0.9841784238815308,
dish_1563984771,9.427760124206543,0.602839469909668,0.8835878372192383,
dish_1563984835,6.61179780960083,0.45605793595314026,1.0089130401611328,
dish_1563986062,10.945775032043457,0.6304566264152527,0.8881194591522217,
dish_1563986093,9.150809288024902,0.624565839767456,0.9790135622024536,
dish_1563996279,7.34859561920166,0.37938565015792847,0.9324066638946533,
dish_1564083459,12.105277061462402,0.7179841995239258,0.713429868221283,
dish_1564083480,9.814249038696289,0.5147519707679749,0.7536777257919312,
dish_1564083508,9.51036548614502,0.5803568959236145,0.8469762206077576,
dish_1564083534,9.421337127685547,0.6533048748970032,0.8107514977455139,
dish_1564086602,12.734046936035156,0.5757032632827759,0.6170688271522522,
dish_1564086624,8.01894474029541,0.15451695024967194,0.8167364001274109,
dish_1564086658,8.630428314208984,0.18451547622680664,0.8807129263877869,
dish_1564086709,8.834928512573242,0.5102746486663818,0.8603846430778503,
dish_1564086748,9.041413307189941,0.5110809803009033,0.9380874633789062,
dish_1564086778,5.624157905578613,0.11736921966075897,1.0141903162002563,
dish_1564159520,9.444089889526367,0.5834155678749084,0.8498334288597107,
dish_1564159543,8.647104263305664,0.5689133405685425,0.8669140338897705,
dish_1564159588,7.759125709533691,0.6125186085700989,0.8857206702232361,
dish_1564159636,7.145968437194824,0.5533056855201721,0.931856095790863,
dish_1564160043,8.462417602539062,0.45016929507255554,0.86564040184021,
dish_1564160161,7.764795303344727,0.5475342273712158,0.9905909299850464,
dish_1564168695,9.312520980834961,0.5187422633171082,0.8243898153305054,
dish_1564168739,8.197854995727539,0.4948479235172272,0.9224058389663696,
dish_1564169197,13.238066673278809,0.729079008102417,0.6717754602432251,
dish_1564169254,7.418676376342773,0.408735454082489,0.8979575634002686,
dish_1564169298,5.261258125305176,0.33634305000305176,0.9919641017913818,
dish_1564171996,4.927908420562744,0.23274680972099304,0.9625972509384155,
dish_1565023128,9.547735214233398,0.6101782917976379,0.799743115901947,
dish_1565023157,9.176935195922852,0.5143685936927795,0.949201762676239,
dish_1565023182,7.859182357788086,0.4238746762275696,1.038831353187561,
dish_1565024675,9.19787883758545,0.6343115568161011,0.7263298034667969,
dish_1565024707,9.19589900970459,0.4625564217567444,0.9011523723602295,
dish_1565024741,10.693882942199707,0.5014662742614746,0.9682186841964722,
dish_1565030350,8.646221160888672,0.654170036315918,0.8029895424842834,
dish_1565030391,5.539887428283691,0.29325154423713684,0.9377866387367249,
dish_1565031283,11.05235481262207,0.7473024725914001,0.6607546210289001,
dish_1565034605,11.119271278381348,0.6445667743682861,0.7252180576324463,
dish_1565034661,11.494462966918945,0.5274849534034729,0.8021932244300842,
dish_1565034681,7.269052982330322,0.2731821835041046,0.9122661352157593,
dish_1565035715,11.10224723815918,0.4595687985420227,0.7868950963020325,
dish_1565035746,13.756223678588867,0.6369491219520569,0.64847731590271,
dish_1565035774,10.182663917541504,0.5270079970359802,0.7887328267097473,
dish_1565035802,9.354904174804688,0.32511812448501587,0.8520135283470154,
dish_1565035830,9.543856620788574,0.5114797949790955,0.8897515535354614,
dish_1565035858,8.540628433227539,0.37231364846229553,0.9587370157241821,
dish_1565036788,9.55258560180664,0.26906532049179077,0.8123809695243835,
dish_1565036821,17.1920223236084,0.830120861530304,0.48403313755989075,
dish_1565036865,10.44578742980957,0.6250672340393066,0.7920455932617188,
dish_1565036890,9.776213645935059,0.5302311182022095,0.7688709497451782,
dish_1565036922,10.316383361816406,0.4592946171760559,0.8922290802001953,
dish_1565036953,9.61729621887207,0.5001969933509827,0.9929319024085999,
dish_1565107066,12.246867179870605,0.668752908706665,0.7008565068244934,
dish_1565107092,15.279780387878418,0.8138390779495239,0.5703005194664001,
dish_1565107143,9.017109870910645,0.6099844574928284,0.8344923853874207,
dish_1565107171,7.59882926940918,0.45049065351486206,1.0020530223846436,
dish_1565109606,10.26440715789795,0.6247121095657349,0.8117532134056091,
dish_1565109637,12.300064086914062,0.6444858312606812,0.7901976704597473,
dish_1565109659,8.243402481079102,0.4842119514942169,0.8434925675392151,
dish_1565117429,14.386710166931152,0.7389929294586182,0.6495681405067444,
dish_1565117463,10.476369857788086,0.4815637767314911,0.939049482345581,
dish_1565117892,10.639595985412598,0.6176447868347168,0.7478200197219849,
dish_1565117934,8.359628677368164,0.3272954225540161,0.8748194575309753,
dish_1565117962,8.345849990844727,0.3645173907279968,0.9597963690757751,
dish_1565117990,5.657339096069336,0.26930925250053406,0.9733231067657471,
dish_1565118029,7.877390384674072,0.5030933022499084,0.8523977398872375,
dish_1565118067,6.794181823730469,0.34023118019104004,1.0324335098266602,
dish_1565118096,8.27229118347168,0.4274693429470062,0.9652533531188965,
dish_1565118782,10.434057235717773,0.5260664820671082,0.9023126363754272,
dish_1565118999,8.220176696777344,0.30072128772735596,0.8576224446296692,
dish_1565119418,10.080170631408691,0.5827704071998596,0.758954644203186,
dish_1565119439,6.158806800842285,0.507045567035675,0.8606215715408325,
dish_1565119464,8.19434642791748,0.4800574779510498,0.9035271406173706,
dish_1565119698,6.1603264808654785,0.6059211492538452,0.8690677881240845,
dish_1565123783,14.067130088806152,0.7403979897499084,0.5751721262931824,
dish_1565123816,8.976758003234863,0.18366330862045288,0.8318911194801331,
dish_1565123845,9.81916332244873,0.5476687550544739,0.9237352013587952,
dish_1565123881,8.688343048095703,0.38249561190605164,1.0637078285217285,
dish_1565194684,11.518930435180664,0.55049729347229,0.7681958079338074,
dish_1565194781,12.534757614135742,0.70611172914505,0.7698991298675537,
dish_1565194823,9.602509498596191,0.45523402094841003,0.857113778591156,
dish_1565194852,10.403285026550293,0.6120657920837402,0.8774938583374023,
dish_1565194906,6.839229106903076,0.33651506900787354,0.9467636346817017,
dish_1565195362,10.726032257080078,0.5126963257789612,0.759381890296936,
dish_1565195398,9.98369312286377,0.3604351878166199,0.856438398361206,
dish_1565195436,7.754263877868652,0.35804450511932373,0.8744856119155884,
dish_1565195493,10.715636253356934,0.5630692839622498,0.8152944445610046,
dish_1565203015,8.31507682800293,0.5450153946876526,0.8519586324691772,
dish_1565203094,6.978549003601074,0.1885426640510559,0.9195972681045532,
dish_1565204855,9.075005531311035,0.6810985207557678,0.7271326780319214,
dish_1565204891,9.260843276977539,0.4877382814884186,0.8045670390129089,
dish_1565204931,9.929487228393555,0.4903475344181061,1.0293278694152832,
dish_1565207631,7.629059314727783,0.3014039695262909,0.8018090724945068,
dish_1565207662,10.939724922180176,0.6764461994171143,0.7419114112854004,
dish_1565207694,7.566734313964844,0.23359544575214386,0.8676489591598511,
dish_1565207727,7.183265686035156,0.30804604291915894,0.9447047710418701,
dish_1565207815,15.350231170654297,0.8375908136367798,0.36246392130851746,
dish_1565207865,9.779523849487305,0.3915993571281433,0.7478210926055908,
dish_1565207896,7.462564468383789,0.4427662789821625,0.9284515976905823,
dish_1565208562,13.641946792602539,0.6467476487159729,0.6633100509643555,
dish_1565208611,9.137480735778809,0.38561299443244934,0.8206019401550293,
dish_1565208637,10.044666290283203,0.5128063559532166,0.7906448841094971,
dish_1565209922,10.688461303710938,0.6232239007949829,0.8490210771560669,
dish_1565209963,8.74227237701416,0.5101761221885681,0.8857088685035706,
dish_1565210009,8.896151542663574,0.380959153175354,0.8574388027191162,
dish_1565210037,8.710309028625488,0.4515698552131653,0.8861711621284485,
dish_1565210073,8.82628059387207,0.4656803607940674,0.9463328123092651,
dish_1565369938,10.205499649047852,0.7082095742225647,0.7207838296890259,
dish_1565369971,8.031447410583496,0.2639918029308319,0.8490664958953857,
dish_1565370004,3.2933242321014404,0.44641801714897156,0.8806888461112976,
dish_1565382886,7.38191032409668,0.3515591323375702,0.9860262870788574,
dish_1565382969,9.325715065002441,0.5306430459022522,0.9046633839607239,
dish_1565382995,7.787132263183594,0.4809376001358032,0.874290943145752,
dish_1565383026,5.522788047790527,0.5089987516403198,0.8901078701019287,
dish_1565383062,8.872627258300781,0.4408203959465027,0.9436044692993164,
dish_1565383097,9.524680137634277,0.509580671787262,0.9835070967674255,
dish_1565383128,8.618334770202637,0.4664803147315979,0.884245753288269,
dish_1565383159,6.792341232299805,0.4672302305698395,0.9696645736694336,
dish_1565637162,9.334821701049805,0.28898975253105164,0.8116823434829712,
dish_1565637504,17.296300888061523,0.8603538274765015,0.4201495945453644,
dish_1565637548,7.320675849914551,0.2849847674369812,0.8753048181533813,
dish_1565637578,7.918993949890137,0.3348182141780853,0.9192081093788147,
dish_1565637608,13.452089309692383,0.5419859290122986,0.7698573470115662,
dish_1565638287,11.976813316345215,0.5172877311706543,0.7978879809379578,
dish_1565638323,8.501768112182617,0.24134789407253265,0.8831679821014404,
dish_1565638365,9.997844696044922,0.5152003765106201,0.8836700320243835,
dish_1565638478,8.935647010803223,0.41632017493247986,0.8732775449752808,
dish_1565638515,8.992500305175781,0.40202295780181885,0.8550318479537964,
dish_1565638550,9.687240600585938,0.4802674353122711,0.8687556385993958,
dish_1565638599,7.483136177062988,0.3807290494441986,0.9276202917098999,
dish_1565640227,10.270955085754395,0.5803941488265991,0.7706969976425171,
dish_1565640365,9.61720085144043,0.45949533581733704,0.9090691208839417,
dish_1565640427,10.447202682495117,0.5255560874938965,0.779191255569458,
dish_1565640576,8.054080963134766,0.520063579082489,0.8652461171150208,
dish_1565640601,7.264688014984131,0.2009986788034439,0.928900957107544,
dish_1565640723,7.559395790100098,0.37441158294677734,0.8934893608093262,
dish_1565640772,8.241815567016602,0.370370090007782,0.8896651864051819,
dish_1565640812,9.335226058959961,0.49152499437332153,0.8698469996452332,
dish_1565640842,7.091490268707275,0.23021821677684784,0.8911040425300598,
dish_1565640868,7.197600364685059,0.35516926646232605,0.8508745431900024,
dish_1565711453,11.420654296875,0.7717187404632568,0.7269130349159241,
dish_1565711498,9.020423889160156,0.6952259540557861,0.7549138069152832,
dish_1565711527,9.356344223022461,0.5593336224555969,0.9582245945930481,
dish_1565711570,9.756048202514648,0.569503128528595,0.9673755168914795,
dish_1565721800,9.603838920593262,0.5322337746620178,0.8335846066474915,
dish_1565721828,9.905326843261719,0.5665498375892639,0.8457559943199158,
dish_1565721855,8.840693473815918,0.5202220678329468,0.9442716836929321,
dish_1565724050,9.870607376098633,0.6873575448989868,0.7403059005737305,
dish_1565724087,6.879605293273926,0.47475379705429077,0.9597787261009216,
dish_1565724196,9.190363883972168,0.5797008275985718,0.8223079442977905,
dish_1565724235,8.620668411254883,0.45469412207603455,0.9027801752090454,
dish_1565724269,8.20690631866455,0.5136981010437012,0.9149640798568726,
dish_1565724509,8.895588874816895,0.5216310620307922,0.7995180487632751,
dish_1565724552,6.730252742767334,0.4469220042228699,0.9506749510765076,
dish_1565724588,7.637045860290527,0.6065319776535034,0.9312649965286255,
dish_1565724620,6.160608768463135,0.37625131011009216,0.9864632487297058,
dish_1565725123,7.938701152801514,0.5716690421104431,0.8725581169128418,
dish_1565725156,8.651226043701172,0.5145933032035828,0.9083656072616577,
dish_1565725188,10.670546531677246,0.6608869433403015,0.8478193283081055,
dish_1565725244,9.498865127563477,0.5754604935646057,0.8985397219657898,
dish_1565726812,11.778645515441895,0.6339225769042969,0.6608551740646362,
dish_1565726848,7.318426132202148,0.29042357206344604,0.8339220881462097,
dish_1565726887,7.494900226593018,0.28606000542640686,0.8264099359512329,
dish_1565726915,7.701448917388916,0.32981377840042114,0.8527225852012634,
dish_1565726949,6.831830978393555,0.34787774085998535,0.980221152305603,
dish_1565727765,5.272485733032227,0.5343479514122009,0.8744540214538574,
dish_1565727791,6.585857391357422,0.5535889863967896,0.9013586044311523,
dish_1565727821,7.152432918548584,0.48731729388237,0.908771812915802,
dish_1565727851,8.516168594360352,0.5544140338897705,0.9385414123535156,
dish_1565727875,5.96279764175415,0.4289340674877167,0.9966800808906555,
dish_1565727921,8.759827613830566,0.4922245442867279,0.8108328580856323,
dish_1565728388,15.664407730102539,0.8045364022254944,0.5609135627746582,
dish_1565728415,11.803189277648926,0.6042802929878235,0.7161192297935486,
dish_1565798531,11.74748706817627,0.5988209843635559,0.6320173144340515,
dish_1565798591,10.29960823059082,0.47397783398628235,0.9306951761245728,
dish_1565798617,8.78409481048584,0.5713022351264954,0.889876663684845,
dish_1565799507,10.771944999694824,0.6368206143379211,0.6281256675720215,
dish_1565799565,10.132050514221191,0.6140130758285522,0.7883607149124146,
dish_1565799597,9.355314254760742,0.5426463484764099,0.9127774238586426,
dish_1565799617,8.477485656738281,0.5740759968757629,0.894921064376831,
dish_1565799663,7.809401035308838,0.5142548084259033,1.001937985420227,
dish_1565808975,7.568014621734619,0.6080372929573059,0.8192002773284912,
dish_1565809033,8.470741271972656,0.5040915012359619,0.8669686317443848,
dish_1565809080,8.855627059936523,0.5398653745651245,0.9094339609146118,
dish_1565809120,10.060653686523438,0.5924543738365173,0.8827507495880127,
dish_1565810146,7.7633376121521,0.4790711998939514,0.8658221960067749,
dish_1565810237,6.053362846374512,0.586961567401886,0.8081006407737732,
dish_1565810969,6.183477401733398,0.30860620737075806,0.9104000926017761,
dish_1565811000,6.256685733795166,0.5508251190185547,0.8988482356071472,
dish_1565811025,8.750635147094727,0.5568258762359619,0.9012699127197266,
dish_1565811061,7.247154235839844,0.570851743221283,0.8293616771697998,
dish_1565811091,7.138371467590332,0.508603572845459,0.902859091758728,
dish_1565811287,10.173215866088867,0.7137848734855652,0.6967081427574158,
dish_1565811335,10.233033180236816,0.6746273636817932,0.7571837902069092,
dish_1565811390,6.910357475280762,0.4728435277938843,0.980949878692627,
dish_1565811423,7.646224021911621,0.5083414912223816,1.010006308555603,
dish_1565811529,9.261199951171875,0.5404688119888306,0.7809850573539734,
dish_1565811588,7.692535877227783,0.575138509273529,0.8982876539230347,
dish_1565812116,9.022798538208008,0.6468514204025269,0.8443091511726379,
dish_1565812146,8.01671028137207,0.5683335661888123,0.8488789796829224,
dish_1565812186,8.198161125183105,0.6022666096687317,0.8857650756835938,
dish_1565813414,7.936131000518799,0.55861896276474,0.7655763626098633,
dish_1565813446,8.350247383117676,0.5067246556282043,0.8073189854621887,
dish_1565884692,11.941113471984863,0.6161392331123352,0.7119873762130737,
dish_1565884766,8.17102336883545,0.28831997513771057,1.0139164924621582,
dish_1565884833,7.631904602050781,0.48798447847366333,0.9268136620521545,
dish_1565894858,8.229669570922852,0.388955682516098,0.7866683602333069,
dish_1565894910,9.75494384765625,0.6373300552368164,0.8996090888977051,
dish_1565895808,7.778168678283691,0.4932895302772522,0.7631832361221313,
dish_1565895879,8.222698211669922,0.571480393409729,0.928447425365448,
dish_1565897617,9.446527481079102,0.6281542181968689,0.8159401416778564,
dish_1565897680,5.694719314575195,0.5538544654846191,0.7769157290458679,
dish_1565898128,9.65199089050293,0.4521748721599579,0.7627112865447998,
dish_1565898158,8.468027114868164,0.5921130776405334,0.9143872261047363,
dish_1565898230,6.447713375091553,0.5690604448318481,0.8203137516975403,
dish_1565898331,11.520586013793945,0.6878830790519714,0.6499394178390503,
dish_1565898361,10.802888870239258,0.5728386044502258,0.7147109508514404,
dish_1565898544,9.424808502197266,0.6714693307876587,0.7293287515640259,
dish_1565898590,9.10387134552002,0.5621201395988464,0.8609507083892822,
dish_1565898659,8.291927337646484,0.499009370803833,1.0112128257751465,
dish_1565898723,5.895568370819092,0.35834944248199463,1.050279974937439,
dish_1565898758,7.8785271644592285,0.5276304483413696,0.983108639717102,
dish_1565972429,10.206530570983887,0.5563819408416748,0.8640636801719666,
dish_1565972591,6.911938190460205,0.43931323289871216,0.8482567667961121,
dish_1565972628,5.036779880523682,0.09302928298711777,1.044435739517212,
dish_1565972674,7.73356294631958,0.4993667006492615,0.9696125388145447,
dish_1565972715,5.990443706512451,0.26938462257385254,0.9508040547370911,
dish_1565974409,6.648602485656738,0.500588595867157,0.9161672592163086,
dish_1565981802,7.804569244384766,0.20486344397068024,0.8602742552757263,
dish_1565981848,7.974381446838379,0.34527888894081116,0.8870571851730347,
dish_1565981898,5.944591522216797,0.5250069499015808,0.8737651109695435,
dish_1565984299,10.029571533203125,0.6551516056060791,0.7649263143539429,
dish_1565984345,8.04177188873291,0.49894776940345764,0.981979489326477,
dish_1565986702,7.72536039352417,0.5740431547164917,0.8494420051574707,
dish_1565986733,5.217674255371094,0.3256618082523346,0.8924314379692078,
dish_1565986761,6.909034729003906,0.46759313344955444,0.9468857645988464,
dish_1565987015,7.8085455894470215,0.4981428384780884,0.9114402532577515,
dish_1565987054,8.564264297485352,0.5447272658348083,0.9562860727310181,
dish_1565987081,8.0795316696167,0.3911583423614502,0.897077739238739,
dish_1565987116,8.394708633422852,0.5698210597038269,0.9032354354858398,
dish_1565987142,7.478212356567383,0.5199166536331177,0.979799747467041,
dish_1565987269,10.265021324157715,0.5091099739074707,0.7538577914237976,
dish_1565987298,12.01724624633789,0.6429271101951599,0.7564883828163147,
dish_1566230222,6.382936954498291,0.07126637548208237,0.9614578485488892,
dish_1566230258,7.474140167236328,0.4771304726600647,0.9964479804039001,
dish_1566245398,11.055604934692383,0.6482996344566345,0.6684561371803284,
dish_1566245437,6.5118255615234375,0.4514015018939972,0.910437822341919,
dish_1566246415,7.794590473175049,0.5395816564559937,0.9177100658416748,
dish_1566246478,9.751568794250488,0.5336504578590393,0.8621519207954407,
dish_1566246513,8.46463680267334,0.5243083834648132,0.8904663920402527,
dish_1566246541,8.374645233154297,0.4413345456123352,0.8916114568710327,
dish_1566246573,6.666857719421387,0.5528680086135864,0.8299542665481567,
dish_1566246626,8.263774871826172,0.47607421875,0.934736967086792,
dish_1566246902,11.70035457611084,0.610825777053833,0.6213165521621704,
dish_1566246946,13.74538803100586,0.7647514343261719,0.6065061092376709,
dish_1566246972,7.073582649230957,0.45733875036239624,0.876399576663971,
dish_1566247003,7.934929847717285,0.47230052947998047,0.9715081453323364,
dish_1566316496,6.8263936042785645,0.30667644739151,0.9474697113037109,
dish_1566316525,7.869131088256836,0.5922211408615112,0.8301568627357483,
dish_1566316558,6.6647114753723145,0.3988858461380005,0.984886646270752,
dish_1566316612,6.529420852661133,0.44849738478660583,1.0221725702285767,
dish_1566316681,8.690934181213379,0.6098723411560059,0.9212346076965332,
dish_1566316726,11.118744850158691,0.6747919917106628,0.7477467060089111,
dish_1566316757,7.674142360687256,0.5504749417304993,0.9035753011703491,
dish_1566317801,6.463670253753662,0.627429187297821,0.7565704584121704,
dish_1566328724,10.052911758422852,0.5899817943572998,0.8181650638580322,
dish_1566328745,11.302906036376953,0.6633747816085815,0.7758679389953613,
dish_1566328776,10.23054313659668,0.5714452862739563,0.9003933072090149,
dish_1566328805,8.804433822631836,0.48760825395584106,0.949104905128479,
dish_1566328831,8.595771789550781,0.5283227562904358,0.9186605215072632,
dish_1566328894,11.179180145263672,0.7729164958000183,0.7090972661972046,
dish_1566328929,8.966913223266602,0.6037660837173462,0.7784185409545898,
dish_1566328961,8.69692325592041,0.44332659244537354,0.8919820785522461,
dish_1566328988,8.415103912353516,0.4913456439971924,0.9876244068145752,
dish_1566329021,7.066194534301758,0.4496796727180481,0.9672725200653076,
dish_1566332116,9.333483695983887,0.6169469952583313,0.8577429056167603,
dish_1566332154,7.22097635269165,0.5145196914672852,0.9663239121437073,
dish_1566332193,6.692376613616943,0.4386305510997772,0.9166341423988342,
dish_1566332268,9.800971984863281,0.5505502223968506,0.8860732913017273,
dish_1566333118,8.930623054504395,0.6543219685554504,0.6952859163284302,
dish_1566333167,10.929719924926758,0.4550440013408661,0.6823071241378784,
dish_1566333194,11.819598197937012,0.6072793006896973,0.7093783020973206,
dish_1566333228,9.297021865844727,0.5221932530403137,0.9778624773025513,
dish_1566333255,9.620124816894531,0.5388043522834778,0.8616164922714233,
dish_1566333291,6.538483142852783,0.38347238302230835,0.9147282838821411,
dish_1566333324,7.1459736824035645,0.4006667733192444,0.9616870284080505,
dish_1566402160,10.596282005310059,0.6029657125473022,1.0220017433166504,
dish_1566402232,9.953544616699219,0.6170084476470947,0.9285732507705688,
dish_1566413321,7.368226051330566,0.4437243640422821,0.9537895321846008,
dish_1566413356,8.279678344726562,0.4123249053955078,0.9481096267700195,
dish_1566413388,6.826798915863037,0.5035812258720398,0.8651885390281677,
dish_1566413419,9.128220558166504,0.4018356502056122,0.8596376776695251,
dish_1566413445,7.263860702514648,0.35833311080932617,0.9206432104110718,
dish_1566413469,8.003426551818848,0.2416030466556549,0.8957148194313049,
dish_1566413510,8.746959686279297,0.3333818316459656,0.8902615308761597,
dish_1566414225,10.01144027709961,0.3731464743614197,0.770433247089386,
dish_1566414291,9.645735740661621,0.5196442008018494,0.7993443012237549,
dish_1566414342,8.739458084106445,0.26784399151802063,0.8434944152832031,
dish_1566414412,6.809418678283691,0.3815900981426239,0.8953326344490051,
dish_1566414611,8.853058815002441,0.5333751440048218,0.7698465585708618,
dish_1566414642,10.718460083007812,0.5728806257247925,0.7817371487617493,
dish_1566414686,8.78211784362793,0.4619712233543396,0.8480103015899658,
dish_1566414723,9.678223609924316,0.4980161786079407,0.8718804121017456,
dish_1566414754,9.266799926757812,0.40307778120040894,0.8911409974098206,
dish_1566414780,8.994961738586426,0.28520339727401733,0.851620078086853,
dish_1566414862,13.834020614624023,0.7848865985870361,0.656954288482666,
dish_1566414891,7.901941299438477,0.41264480352401733,0.8440872430801392,
dish_1566414924,7.02564001083374,0.3100074827671051,0.880145251750946,
dish_1566415520,9.589097023010254,0.577722430229187,0.8467117547988892,
dish_1566415558,8.137531280517578,0.2544234097003937,0.8481283187866211,
dish_1566417516,8.22464656829834,0.3844367563724518,0.9188265204429626,
dish_1566419510,10.659865379333496,0.43898457288742065,0.808951199054718,
dish_1566419546,10.24923324584961,0.3969231843948364,0.7751107215881348,
dish_1566419577,9.211024284362793,0.46806812286376953,0.7782161235809326,
dish_1566419603,10.619768142700195,0.3698660731315613,0.8740003705024719,
dish_1566419635,9.251996994018555,0.3409684896469116,0.8986102938652039,
dish_1566488928,9.77182674407959,0.37371376156806946,0.7383873462677002,
dish_1566488956,9.339648246765137,0.3448942303657532,0.8798136711120605,
dish_1566499633,9.398098945617676,0.30250734090805054,0.801318883895874,
dish_1566499686,10.401461601257324,0.2821156978607178,0.8089803457260132,
dish_1566500963,8.347129821777344,0.3351024091243744,0.8079735040664673,
dish_1566500988,7.837059020996094,0.4251405894756317,0.9357630014419556,
dish_1566501041,10.58433723449707,0.4225706458091736,0.8541663885116577,
dish_1566501067,10.133174896240234,0.4218881130218506,0.8496810793876648,
dish_1566501126,9.518996238708496,0.22254431247711182,0.883871853351593,
dish_1566501153,7.978484153747559,0.5269016027450562,0.8970977067947388,
dish_1566501258,10.026896476745605,0.312715619802475,0.7864549160003662,
dish_1566501382,7.910038471221924,0.5600870251655579,0.8400692939758301,
dish_1566501447,7.463029384613037,0.46367692947387695,0.9193294048309326,
dish_1566501473,8.760858535766602,0.47337156534194946,0.8811217546463013,
dish_1566501575,6.993456840515137,0.5694335699081421,0.8425499200820923,
dish_1566501594,8.159438133239746,0.5845468044281006,0.8914049863815308,
dish_1566502000,10.74299430847168,0.5447806119918823,0.6673803925514221,
dish_1566502033,9.7666654586792,0.2712363600730896,0.796434760093689,
dish_1566502061,9.064708709716797,0.26585277915000916,0.8698424100875854,
dish_1566502211,10.19414234161377,0.5915133357048035,0.8059210181236267,
dish_1566502271,8.624187469482422,0.4121020436286926,0.8625100255012512,
dish_1566502315,7.67805290222168,0.3209211528301239,0.9808962941169739,
dish_1566502437,7.378771781921387,0.4781996011734009,0.8735218644142151,
dish_1566502505,6.459512233734131,0.3610595762729645,0.9295910596847534,
dish_1566588066,9.322553634643555,0.29999426007270813,0.7862000465393066,
dish_1566589933,11.499234199523926,0.6878992915153503,0.715994656085968,
dish_1566589967,9.968473434448242,0.3226967453956604,0.8073996305465698,
dish_1566590007,7.810837745666504,0.3565906286239624,0.9297968149185181,
dish_1566590056,7.812228202819824,0.31012287735939026,0.9054048657417297,
dish_1566590566,11.019777297973633,0.5666820406913757,0.8143056035041809,
dish_1566590946,6.67825174331665,0.35341402888298035,0.8942563533782959,
dish_1566590987,5.257157325744629,0.294265478849411,0.943070650100708,
dish_1566591022,6.393368721008301,0.24405376613140106,0.9501647353172302,
dish_1566591048,7.765676498413086,0.4693354368209839,0.916571319103241,
dish_1566591080,6.584495544433594,0.4247702956199646,0.9429808855056763,
dish_1566592456,9.056354522705078,0.5736272931098938,0.7542169094085693,
dish_1566835603,7.797544002532959,0.08747610449790955,0.8381932377815247,
dish_1566835641,8.134835243225098,0.288176566362381,0.9138482213020325,
dish_1566835701,6.166143417358398,0.39761799573898315,1.0113773345947266,
dish_1566838378,3.8203988075256348,0.14304295182228088,1.0127780437469482,
dish_1566838407,6.748534202575684,0.6000936627388,0.8511305451393127,
dish_1566844766,8.032299041748047,0.6242619752883911,0.827629566192627,
dish_1566844803,7.5350022315979,0.4367629885673523,0.9809145927429199,
dish_1566844850,6.9773268699646,0.4534623324871063,0.9780362248420715,
dish_1566846997,10.437177658081055,0.677489697933197,0.769752562046051,
dish_1566847043,4.7067461013793945,0.12585771083831787,0.9616527557373047,
dish_1566847431,11.211612701416016,0.6222493052482605,0.6483123302459717,
dish_1566847454,5.823619842529297,0.2861197888851166,0.8852583169937134,
dish_1566847483,7.020208358764648,0.538103461265564,0.8785826563835144,
dish_1566849208,6.887628078460693,0.5845256447792053,0.8054757714271545,
dish_1566849233,6.8083109855651855,0.37834200263023376,0.9237790703773499,
dish_1566849269,6.265469551086426,0.4151378273963928,0.9117717742919922,
dish_1566849295,7.5033698081970215,0.5884358286857605,0.8470194935798645,
dish_1566849387,9.412595748901367,0.4754513204097748,0.8754978179931641,
dish_1566849923,7.176092147827148,0.5948021411895752,0.8943296670913696,
dish_1566849955,9.823887825012207,0.656735360622406,0.8176543116569519,
dish_1566849987,8.732693672180176,0.6094092130661011,0.8401980400085449,
dish_1566920304,8.230035781860352,0.18112650513648987,0.8237667083740234,
dish_1566920365,9.118449211120605,0.48757535219192505,0.9599395990371704,
dish_1566923060,5.845913410186768,0.5643068552017212,0.9198212027549744,
dish_1566931179,7.264955997467041,0.4207584261894226,0.8706832528114319,
dish_1566931217,6.693905830383301,0.3819243311882019,0.9169968366622925,
dish_1566931482,7.69477653503418,0.47391465306282043,0.7828983664512634,
dish_1566931519,5.876955032348633,0.38722068071365356,0.9641640186309814,
dish_1566931548,7.374135494232178,0.5818967223167419,0.8172896504402161,
dish_1566931586,6.263798236846924,0.4295368790626526,0.9062960147857666,
dish_1566931620,6.204382419586182,0.40992918610572815,0.8929151892662048,
dish_1566931650,8.159317016601562,0.41741517186164856,0.9129288196563721,
dish_1566931674,7.482300281524658,0.5181331038475037,0.9578879475593567,
dish_1566933180,7.771007537841797,0.19371049106121063,0.8166234493255615,
dish_1567020091,7.972140312194824,0.48411956429481506,0.9152339100837708,
dish_1567020340,2.962061643600464,0.08194009214639664,1.0076650381088257,
dish_1567020366,6.786962509155273,0.28299179673194885,0.9146960377693176,
dish_1567020394,8.570192337036133,0.5243733525276184,0.935202956199646,
dish_1567020417,6.589684009552002,0.48589903116226196,0.9070029258728027,
dish_1567021799,5.679723739624023,0.4387032687664032,0.9236164093017578,
dish_1567021831,6.350762844085693,0.45805248618125916,0.9202191829681396,
dish_1567022180,10.099196434020996,0.5350550413131714,0.9575439691543579,
dish_1567022212,7.692784309387207,0.6173132658004761,0.8585344552993774,
dish_1567022296,9.52077865600586,0.6521948575973511,0.8657081723213196,
dish_1567022383,9.655607223510742,0.5647317171096802,0.8385617733001709,
dish_1567023132,11.714522361755371,0.6491163372993469,0.6334999799728394,
dish_1567023161,9.674474716186523,0.42243850231170654,0.7974108457565308,
dish_1567526738,12.091866493225098,0.4964461028575897,0.712304949760437,
dish_1567526785,6.932755470275879,0.11534775793552399,0.9414926171302795,
dish_1567526814,10.142733573913574,0.41188326478004456,0.7953273057937622,
dish_1567526845,10.35054874420166,0.4706767499446869,0.9139596223831177,
dish_1567526888,5.86257791519165,0.2146672010421753,0.996831476688385,
dish_1567537185,7.953405380249023,0.5411956310272217,0.8562721014022827,
dish_1567537212,8.325048446655273,0.6251145005226135,0.8436039090156555,
dish_1567537252,5.798269748687744,0.32221680879592896,0.9666333198547363,
dish_1567537280,6.696560859680176,0.36995601654052734,0.9536383152008057,
dish_1567537352,7.263779640197754,0.5583503246307373,0.8640152215957642,
dish_1567537387,7.838830947875977,0.596473753452301,0.8665193915367126,
dish_1567537422,7.152575969696045,0.4988692104816437,0.8664287328720093,
dish_1567537457,4.911118984222412,0.23656857013702393,0.9428465962409973,
dish_1567538263,8.938678741455078,0.6680634021759033,0.7894717454910278,
dish_1567538303,7.28147029876709,0.5334951281547546,0.8610563278198242,
dish_1567542778,9.778117179870605,0.3106204569339752,0.7497052550315857,
dish_1567542813,11.844305038452148,0.6621414422988892,0.7795057892799377,
dish_1567542843,10.278736114501953,0.5297417640686035,0.7322146892547607,
dish_1567542876,9.407609939575195,0.2215036302804947,0.8658699989318848,
dish_1567542914,10.018402099609375,0.38116323947906494,0.8620057106018066,
dish_1567612986,11.613511085510254,0.6713479161262512,0.8711051940917969,
dish_1567711402,6.288273811340332,0.34459584951400757,0.9433047771453857,
dish_1567714745,6.937597751617432,0.4799676537513733,0.9217961430549622,
dish_1567714780,7.46803092956543,0.42281389236450195,0.9032719135284424,
dish_1567714813,7.180685520172119,0.2752438187599182,0.9488203525543213,
dish_1567714839,9.145828247070312,0.5622795224189758,0.9666246175765991,
dish_1567714875,8.545961380004883,0.426101952791214,0.8938540816307068,
dish_1567714934,9.672046661376953,0.5165261030197144,0.8595264554023743,
dish_1567785130,10.554288864135742,0.655562162399292,0.7704427242279053,
dish_1567785223,11.142494201660156,0.6122775673866272,0.856506884098053,
dish_1567785622,10.360812187194824,0.5644736886024475,0.7540074586868286,
dish_1567785654,8.847447395324707,0.3978050947189331,0.8457345962524414,
dish_1567785709,11.136733055114746,0.6171920895576477,0.8194361925125122,
dish_1567785739,9.098652839660645,0.48404133319854736,0.8947576880455017,
dish_1567789154,9.447066307067871,0.682098925113678,0.7884622812271118,
dish_1567789190,5.798461437225342,0.404323935508728,0.943475604057312,
dish_1567789230,6.337221622467041,0.4579254984855652,0.9254952073097229,
dish_1567801520,7.155572891235352,0.4561161696910858,0.93867427110672,
dish_1568047932,7.046581745147705,0.22992296516895294,0.930476188659668,
dish_1568047973,7.964846611022949,0.535982072353363,0.9248330593109131,
dish_1568048018,7.923392295837402,0.3947046995162964,0.9374399781227112,
dish_1568056019,9.31201171875,0.5347173810005188,0.8994804620742798,
dish_1568056046,9.362751960754395,0.6562443375587463,0.8580338954925537,
dish_1568056217,9.653008460998535,0.5919603109359741,0.8446934223175049,
dish_1568056258,7.455985069274902,0.4865283966064453,0.9317892789840698,
dish_1568060414,9.195756912231445,0.399574339389801,0.6860134601593018,
dish_1568060461,10.503276824951172,0.6389022469520569,0.8097185492515564,
dish_1568060501,7.21334171295166,0.21437910199165344,0.9553182125091553,
dish_1568060542,7.59445333480835,0.4240072965621948,0.8957319259643555,
dish_1568061097,9.572549819946289,0.28654277324676514,0.7382565140724182,
dish_1568061145,10.886375427246094,0.4764990210533142,0.805793046951294,
dish_1568061174,8.552380561828613,0.16083048284053802,0.8903353214263916,
dish_1568061202,6.525686264038086,0.4004058241844177,0.9285146594047546,
dish_1568061234,6.356192588806152,0.4670085310935974,0.9363421201705933,
dish_1568061272,8.52066707611084,0.5288064479827881,0.9488219022750854,
dish_1568061320,6.888266563415527,0.29631373286247253,1.0067970752716064,
dish_1568132484,10.92722225189209,0.6873657703399658,0.6612154245376587,
dish_1568132521,5.170775890350342,0.1689830869436264,0.9146352410316467,
dish_1568132561,8.851888656616211,0.4620596766471863,0.8154479265213013,
dish_1568145177,5.9711103439331055,0.25809788703918457,0.9509179592132568,
dish_1568146905,8.097831726074219,0.40288278460502625,0.8831295967102051,
dish_1568146942,8.580904960632324,0.41049572825431824,0.8768177628517151,
dish_1568146977,5.97536563873291,0.323356568813324,0.9412055015563965,
dish_1568147009,7.468335151672363,0.4745727777481079,0.9297752380371094,
dish_1568147044,4.398533821105957,0.22590269148349762,0.9741469621658325,
dish_1568217267,5.167632102966309,0.28845441341400146,1.004509687423706,
dish_1568217325,5.467606544494629,0.42900562286376953,0.9824933409690857,
dish_1568217372,6.710036277770996,0.4394116997718811,0.9711951613426208,
dish_1568217417,6.8950958251953125,0.42340385913848877,0.9144458770751953,
dish_1568217465,6.343863010406494,0.33544600009918213,0.9613924622535706,
dish_1568229399,6.779735565185547,0.42722785472869873,0.9093819856643677,
dish_1568229442,7.1321868896484375,0.4953947365283966,0.9602018594741821,
dish_1568233444,7.699010372161865,0.5848180055618286,0.8366381525993347,
dish_1568320296,7.518585205078125,0.5001069903373718,0.8614610433578491,
dish_1568320338,7.559821605682373,0.10538006573915482,0.8846848011016846,
dish_1568320383,7.831958770751953,0.2701006233692169,0.8924115300178528,
dish_1568320427,9.540289878845215,0.40688592195510864,0.8511798977851868,
dish_1568320470,4.65303897857666,0.1521969884634018,0.9650660753250122,
dish_1568400935,7.492631912231445,0.4168732762336731,0.8082000017166138,
dish_1568400967,6.520941734313965,0.42631712555885315,0.8931742310523987,
dish_1568401018,7.783134937286377,0.6018868684768677,0.8354128003120422,
dish_1568401064,7.304413318634033,0.5884384512901306,0.8620093464851379,
dish_1568401090,7.649898529052734,0.5600242018699646,0.8142566680908203,
dish_1568401167,11.052196502685547,0.6755356788635254,0.7604576349258423,
dish_1568401199,6.692309856414795,0.5084036588668823,0.8997737169265747,
dish_1568401233,7.900686264038086,0.5199543237686157,0.9465395212173462,
dish_1568401261,7.366682052612305,0.45541173219680786,0.9941242933273315,
dish_1568401302,7.681543827056885,0.5117695331573486,1.0050699710845947,
dish_1568404850,8.749998092651367,0.5178498029708862,0.8572704792022705,
dish_1568404889,10.16325569152832,0.5849045515060425,0.8812075257301331,
dish_1568649312,10.524693489074707,0.6012527346611023,0.9076645970344543,
dish_1568649354,9.31814956665039,0.4963013529777527,0.7029203772544861,
dish_1568649387,8.656913757324219,0.6052080392837524,0.8989958763122559,
dish_1568649430,6.201172828674316,0.25750792026519775,0.8081055283546448,
dish_1568665012,6.777995586395264,0.4949297606945038,0.9057760834693909,
dish_1568666230,8.115571975708008,0.5137091875076294,0.9083722233772278,
dish_1568666263,8.971399307250977,0.5355573892593384,0.7967612743377686,
dish_1568666303,7.198344707489014,0.536655068397522,0.9037728905677795,
dish_1568666357,9.376866340637207,0.6024707555770874,0.9116760492324829,
dish_1571931623,11.608933448791504,0.32921677827835083,0.8196253180503845,
dish_1571931678,10.874005317687988,0.40711161494255066,0.8810141682624817,
dish_1571931809,10.800151824951172,0.2950209379196167,0.8587271571159363,
dish_1571932398,11.336468696594238,0.382248193025589,0.8218664526939392,
dish_1571944487,8.183518409729004,0.4391627013683319,0.9705261588096619,
dish_1571944507,7.738463401794434,0.37574395537376404,0.915266752243042,
dish_1571944531,6.081794261932373,0.2235724925994873,0.8610404133796692,
dish_1572540208,5.893864631652832,0.2148335576057434,0.9427054524421692,
dish_1572548822,8.259913444519043,0.3105880916118622,0.8571516871452332,
dish_1572548878,7.605108261108398,0.23296861350536346,0.9642050862312317,
dish_1572625898,10.68748950958252,0.4308517277240753,0.8575334548950195,
dish_1572627130,8.792076110839844,0.33213746547698975,0.929336667060852,
dish_1572984755,11.425407409667969,0.4376930594444275,0.7888258695602417,
dish_1572988741,12.64855670928955,0.40275582671165466,0.7209466099739075,
dish_1572988785,3.0039515495300293,0.20268560945987701,1.0042641162872314,
dish_1573072410,7.754517555236816,0.35968708992004395,0.9424821138381958,
dish_1573073741,10.195798873901367,0.3411409258842468,0.8167561888694763,
dish_1573665056,8.021505355834961,0.2610601782798767,0.9775199890136719,
dish_1573666680,10.861202239990234,0.30080559849739075,0.8270121812820435,
dish_1573679123,8.809548377990723,0.2959910035133362,0.877886950969696,
dish_1573762582,10.295682907104492,0.29461225867271423,0.8503350019454956,
dish_1573851615,6.95054817199707,0.22743451595306396,0.9116745591163635,
dish_1574109245,6.285543918609619,0.28909584879875183,0.9396121501922607,
dish_1574193218,10.387505531311035,0.3637402057647705,0.87766033411026,
dish_1574197731,5.350077152252197,0.2749934792518616,0.9495360851287842,
dish_1574280343,10.05547046661377,0.35099393129348755,0.7870486378669739,
dish_1574280383,7.658380031585693,0.27011677622795105,0.9301831126213074,
