dish_id,psnr,ssim,lpips,note
dish_1550704750,12.739333152770996,0.5504488348960876,0.7707691192626953,
dish_1550704903,18.730907440185547,0.741878867149353,0.496615469455719,
dish_1550705288,22.56060028076172,0.7962424755096436,0.4251679480075836,
dish_1550705370,20.166980743408203,0.7853413224220276,0.447648823261261,
dish_1550705445,21.841053009033203,0.7981652617454529,0.4147992730140686,
dish_1550705477,19.964561462402344,0.731914758682251,0.43399056792259216,
dish_1550705504,19.8676815032959,0.7308472394943237,0.4501933157444,
dish_1550705535,21.68768310546875,0.7915724515914917,0.4255034625530243,
dish_1550705580,21.376697540283203,0.7898150682449341,0.42885154485702515,
dish_1550705623,19.880945205688477,0.7655164003372192,0.4528631269931793,
dish_1550705669,20.545562744140625,0.7484570741653442,0.4354354739189148,
dish_1550705724,21.111637115478516,0.7409123182296753,0.4263971447944641,
dish_1550705786,19.375234603881836,0.7265440821647644,0.4820781648159027,
dish_1550705888,19.70902442932129,0.7573139071464539,0.4729515612125397,
dish_1550705939,21.6929931640625,0.8029240369796753,0.4364849627017975,
dish_1550705995,20.432708740234375,0.716430127620697,0.46834319829940796,
dish_1550706037,19.863265991210938,0.7116981744766235,0.4625742733478546,
dish_1550706096,19.341909408569336,0.7477887868881226,0.4682919979095459,
dish_1550706177,13.528717994689941,0.6301528215408325,0.6685585379600525,
dish_1550706237,22.330123901367188,0.7919566035270691,0.4339720606803894,
dish_1550706283,19.52096176147461,0.6810230016708374,0.449601411819458,
dish_1550706325,18.2938232421875,0.6677396297454834,0.45995816588401794,
dish_1550706448,18.610200881958008,0.7536338567733765,0.45508426427841187,
dish_1550706583,19.059114456176758,0.7151581645011902,0.48173967003822327,
dish_1550706639,19.67558479309082,0.7596784830093384,0.4722679853439331,
dish_1550706705,18.747331619262695,0.6886327266693115,0.4652068316936493,
dish_1550706766,19.45046043395996,0.7131361961364746,0.438558965921402,
dish_1550706891,20.039955139160156,0.7705381512641907,0.44470369815826416,
dish_1550706945,20.872684478759766,0.7419594526290894,0.46062320470809937,
dish_1550707056,21.391054153442383,0.7593015432357788,0.4635325074195862,
dish_1550707110,19.5745849609375,0.6834890842437744,0.4589097499847412,
dish_1550707156,20.56717300415039,0.693208634853363,0.44935959577560425,
dish_1550707236,21.424592971801758,0.7358181476593018,0.4397447407245636,
dish_1550707357,20.708282470703125,0.7588626146316528,0.4533673822879791,
dish_1550707504,22.645153045654297,0.8005016446113586,0.40951451659202576,
dish_1550707578,20.407085418701172,0.6907684803009033,0.46416687965393066,
dish_1550707638,20.671310424804688,0.6910276412963867,0.44114983081817627,
dish_1550707756,21.131654739379883,0.7659675478935242,0.4638398587703705,
dish_1550707850,16.773792266845703,0.682400107383728,0.5668478012084961,
dish_1550707914,20.62372589111328,0.7684454321861267,0.4558224678039551,
dish_1550707958,18.70775032043457,0.700527012348175,0.46638381481170654,
dish_1550707995,19.77889633178711,0.7402555346488953,0.4398816227912903,
dish_1550708152,14.785181045532227,0.6787329912185669,0.5915891528129578,
dish_1550708221,22.47568702697754,0.7929673790931702,0.4353972375392914,
dish_1550708280,18.189983367919922,0.7195537090301514,0.5399352312088013,
dish_1550708327,21.41598129272461,0.7705731987953186,0.4117494821548462,
dish_1550708366,19.677846908569336,0.7331686019897461,0.4397931694984436,
dish_1550708440,17.242950439453125,0.704745352268219,0.549026370048523,
dish_1550708487,20.471012115478516,0.770307183265686,0.44396695494651794,
dish_1550708556,20.344022750854492,0.7644870281219482,0.46172428131103516,
dish_1550708638,19.429706573486328,0.7415609955787659,0.46796560287475586,
dish_1550708702,20.30283546447754,0.7544136047363281,0.45262521505355835,
dish_1550708875,17.755245208740234,0.7108494639396667,0.48356735706329346,
dish_1550708945,18.01968765258789,0.7279037833213806,0.4955846667289734,
dish_1550708985,18.964906692504883,0.7014497518539429,0.4759170413017273,
dish_1550709028,21.109468460083008,0.7331182956695557,0.4109950065612793,
dish_1550709129,20.270124435424805,0.7228163480758667,0.420796275138855,
dish_1550710177,15.882205963134766,0.6840506792068481,0.6027286052703857,
dish_1550710207,18.744855880737305,0.7328789234161377,0.500797688961029,
dish_1550710279,22.068477630615234,0.7920649647712708,0.43981391191482544,
dish_1550710318,21.31670570373535,0.7810790538787842,0.42005401849746704,
dish_1550710342,21.29897689819336,0.7508861422538757,0.4471914768218994,
dish_1550710402,20.195419311523438,0.7629392147064209,0.4652540981769562,
dish_1550710448,21.213571548461914,0.7736716270446777,0.44583794474601746,
dish_1550710507,19.443300247192383,0.7600294947624207,0.4775674343109131,
dish_1550710542,21.662517547607422,0.7599888443946838,0.41728705167770386,
dish_1550710577,22.188264846801758,0.7787759900093079,0.4117787480354309,
dish_1550710612,20.322126388549805,0.7737157344818115,0.44131413102149963,
dish_1550710664,20.86810302734375,0.7709486484527588,0.44434845447540283,
dish_1550710715,18.01702880859375,0.6788215041160583,0.4802648723125458,
dish_1550710758,19.578941345214844,0.6958116292953491,0.43463370203971863,
dish_1550710793,19.171079635620117,0.6755683422088623,0.42951908707618713,
dish_1550710845,19.727949142456055,0.7647784948348999,0.44164127111434937,
dish_1550710917,20.754249572753906,0.7695151567459106,0.4512593746185303,
dish_1550711017,21.639680862426758,0.7872434854507446,0.4508240222930908,
dish_1550711066,22.267303466796875,0.7672184705734253,0.43054065108299255,
dish_1550711094,19.117103576660156,0.7341650724411011,0.44217243790626526,
dish_1550711129,19.65190887451172,0.7328543066978455,0.48798638582229614,
dish_1550711187,18.551082611083984,0.7301207780838013,0.4634118676185608,
dish_1550711244,18.286725997924805,0.7044215798377991,0.5281133055686951,
dish_1550711314,20.834016799926758,0.7151655554771423,0.43569350242614746,
dish_1550711385,19.696258544921875,0.6893525123596191,0.45488041639328003,
dish_1550711488,22.002483367919922,0.7814316153526306,0.4457988142967224,
dish_1550711598,17.09393882751465,0.6849033236503601,0.5710780620574951,
dish_1550711688,20.718542098999023,0.7762160897254944,0.4681791663169861,
dish_1550711746,21.000438690185547,0.7373437285423279,0.4300501048564911,
dish_1550711788,22.719209671020508,0.7590410709381104,0.400173544883728,
dish_1550711845,12.982461929321289,0.5886358022689819,0.6659694910049438,
dish_1550711973,19.472082138061523,0.6936099529266357,0.47197413444519043,
dish_1550712024,12.569879531860352,0.5923241972923279,0.7156978845596313,
dish_1550712079,19.04999542236328,0.6996616721153259,0.43100789189338684,
dish_1550712143,19.644054412841797,0.7122977375984192,0.4316510856151581,
dish_1550712315,16.542024612426758,0.6672484278678894,0.5497806072235107,
dish_1550712369,21.532682418823242,0.7429609298706055,0.46558886766433716,
dish_1550712403,21.8303279876709,0.7901119589805603,0.444522500038147,
dish_1550712459,20.936290740966797,0.7141798138618469,0.44717150926589966,
dish_1550712486,19.482810974121094,0.7192620635032654,0.4442024528980255,
dish_1550712524,20.53843116760254,0.7626875042915344,0.4603835344314575,
dish_1550712556,20.850170135498047,0.7716124057769775,0.4454736113548279,
dish_1550712585,19.039308547973633,0.7350862622261047,0.48270750045776367,
dish_1550712622,20.03427505493164,0.716786801815033,0.4315919578075409,
dish_1550712654,20.351295471191406,0.7340795993804932,0.41872677206993103,
dish_1550712681,17.831104278564453,0.6902266144752502,0.47773122787475586,
dish_1550712729,19.546232223510742,0.7691574096679688,0.46885815262794495,
dish_1550712805,20.036144256591797,0.7488703727722168,0.47577235102653503,
dish_1550712839,17.337661743164062,0.6758142113685608,0.47582346200942993,
dish_1550712877,18.560409545898438,0.7160499095916748,0.43247583508491516,
dish_1550712913,18.319019317626953,0.7257968187332153,0.5069933533668518,
dish_1550712961,14.613208770751953,0.6591483354568481,0.659664511680603,
dish_1550713065,18.44331169128418,0.7365192174911499,0.4612446129322052,
dish_1550713114,18.64798927307129,0.7230581641197205,0.4464099407196045,
dish_1550713174,18.939821243286133,0.7364453077316284,0.4364171326160431,
dish_1550713388,21.16807746887207,0.7738139629364014,0.45371803641319275,
dish_1550713423,19.52762222290039,0.753747284412384,0.46381187438964844,
dish_1550713462,22.04149627685547,0.7789542078971863,0.4515667259693146,
dish_1550713503,20.619441986083984,0.7195484042167664,0.4353382885456085,
dish_1550713566,21.469472885131836,0.7588959336280823,0.4288659989833832,
dish_1550769483,20.49881362915039,0.7680826783180237,0.46918582916259766,
dish_1550769725,19.710296630859375,0.7687468528747559,0.45579561591148376,
dish_1550769827,17.314048767089844,0.7337056994438171,0.5820614099502563,
dish_1550769882,18.905437469482422,0.7060065865516663,0.4981931149959564,
dish_1550769948,19.73663902282715,0.7325395345687866,0.4625967741012573,
dish_1550770222,13.910937309265137,0.6345282196998596,0.5914026498794556,
dish_1550770265,18.224767684936523,0.740215003490448,0.5125328898429871,
dish_1550770447,19.53108024597168,0.7647177577018738,0.5023672580718994,
dish_1550770482,15.964856147766113,0.6394771337509155,0.522428572177887,
dish_1550770511,18.532949447631836,0.6711739301681519,0.44955140352249146,
dish_1550770616,20.63951873779297,0.7700072526931763,0.45528867840766907,
dish_1550770699,21.39047622680664,0.7995703220367432,0.44790151715278625,
dish_1550770751,18.07389259338379,0.7333009839057922,0.5591873526573181,
dish_1550770802,19.272932052612305,0.7206128239631653,0.4603583514690399,
dish_1550770866,19.48786163330078,0.7325504422187805,0.4470817744731903,
dish_1550771191,18.732498168945312,0.750042736530304,0.4835578203201294,
dish_1550771267,15.580373764038086,0.655763566493988,0.5595384240150452,
dish_1550771330,20.51958465576172,0.7821610569953918,0.42872729897499084,
dish_1550771387,16.358102798461914,0.6474860906600952,0.49667251110076904,
dish_1550771421,18.592205047607422,0.6876012086868286,0.4616643786430359,
dish_1550771487,19.7073917388916,0.7616766095161438,0.47182294726371765,
dish_1550771562,19.178695678710938,0.7452346682548523,0.499065101146698,
dish_1550771606,19.142728805541992,0.7492719888687134,0.43232667446136475,
dish_1550771648,19.98346710205078,0.737741231918335,0.4124753475189209,
dish_1550771707,19.89168357849121,0.7159246802330017,0.44546231627464294,
dish_1550771796,17.378089904785156,0.719559907913208,0.5426855087280273,
dish_1550771869,16.08759880065918,0.6999204158782959,0.5692170858383179,
dish_1550771938,18.574384689331055,0.7473094463348389,0.48374536633491516,
dish_1550771984,19.476003646850586,0.7206047773361206,0.41632795333862305,
dish_1550772027,19.845552444458008,0.7241013050079346,0.41330617666244507,
dish_1550772088,18.117767333984375,0.7406463027000427,0.4844394624233246,
dish_1550772168,21.760482788085938,0.8003394603729248,0.4280373752117157,
dish_1550772199,18.34270477294922,0.7378932237625122,0.4892813563346863,
dish_1550772270,17.92949867248535,0.6782932281494141,0.45333391427993774,
dish_1550772314,17.250308990478516,0.6746829748153687,0.4737597703933716,
dish_1550772367,19.656476974487305,0.7430844306945801,0.4804403483867645,
dish_1550772454,17.87735366821289,0.7268052101135254,0.4802977740764618,
dish_1550772505,22.76296615600586,0.8212156891822815,0.4289296865463257,
dish_1550772551,16.991802215576172,0.6810567378997803,0.4853787422180176,
dish_1550772617,17.280351638793945,0.6842040419578552,0.4929329752922058,
dish_1550772701,20.658660888671875,0.7606074213981628,0.4814858138561249,
dish_1550772753,18.873144149780273,0.7597177028656006,0.4762001037597656,
dish_1550772809,16.61646270751953,0.7029914259910583,0.5083865523338318,
dish_1550772849,17.20789909362793,0.6365588307380676,0.4836491048336029,
dish_1550772892,18.210010528564453,0.6654592752456665,0.4633111357688904,
dish_1550772960,18.310518264770508,0.7580207586288452,0.4606436491012573,
dish_1550773038,19.892629623413086,0.748550534248352,0.45957431197166443,
dish_1550773162,19.537797927856445,0.754310131072998,0.46092528104782104,
dish_1550773200,18.041810989379883,0.6658967733383179,0.48433738946914673,
dish_1550773284,15.8383150100708,0.6424651145935059,0.5285037755966187,
dish_1550773349,20.404035568237305,0.7895521521568298,0.45218807458877563,
dish_1550773394,18.976398468017578,0.7577619552612305,0.4579428434371948,
dish_1550773430,22.19763946533203,0.7988924384117126,0.4316544830799103,
dish_1550773506,19.939037322998047,0.7491668462753296,0.4284137189388275,
dish_1550773591,18.942045211791992,0.7081809043884277,0.4639926850795746,
dish_1550773771,20.409029006958008,0.7699811458587646,0.45979321002960205,
dish_1550773839,19.72364044189453,0.7303664088249207,0.4651139974594116,
dish_1550773917,21.939571380615234,0.7952397465705872,0.44903478026390076,
dish_1550773949,21.157588958740234,0.739248514175415,0.4204108715057373,
dish_1550773995,19.2840576171875,0.7151023149490356,0.44196686148643494,
dish_1550774244,22.03289031982422,0.8175688982009888,0.43967488408088684,
dish_1550774296,22.179841995239258,0.7985471487045288,0.433871865272522,
dish_1550774815,13.97694206237793,0.6724945306777954,0.6405413746833801,
dish_1550774895,19.57366943359375,0.7106291055679321,0.49011173844337463,
dish_1550775126,21.589933395385742,0.7482044100761414,0.4462621808052063,
dish_1550775219,18.345569610595703,0.7636643648147583,0.5420294404029846,
dish_1550775273,18.616926193237305,0.7422040104866028,0.45005497336387634,
dish_1550775318,18.440534591674805,0.7465407848358154,0.4731941819190979,
dish_1550775363,19.03829574584961,0.7120851874351501,0.4233139157295227,
dish_1550775393,18.20162582397461,0.6706007719039917,0.4618455469608307,
dish_1550775472,23.323884963989258,0.8277723789215088,0.39906033873558044,
dish_1550776767,20.433149337768555,0.7946927547454834,0.45135587453842163,
dish_1550776854,21.619766235351562,0.7842373847961426,0.43148311972618103,
dish_1550776907,20.743011474609375,0.7389905452728271,0.45279669761657715,
dish_1550776957,19.50619125366211,0.7627089619636536,0.41706979274749756,
dish_1550777025,22.364368438720703,0.8221921920776367,0.42799997329711914,
dish_1550777124,16.203353881835938,0.6977087259292603,0.5862317681312561,
dish_1550777181,19.112857818603516,0.7417799830436707,0.44396141171455383,
dish_1550777218,19.55714225769043,0.7134983539581299,0.44322195649147034,
dish_1550777256,18.244239807128906,0.691778838634491,0.4565766453742981,
dish_1550777319,22.20303726196289,0.7938754558563232,0.45152294635772705,
dish_1550777418,20.61735725402832,0.7950390577316284,0.44896620512008667,
dish_1550777469,21.420761108398438,0.7839474081993103,0.44708558917045593,
dish_1550777511,22.947036743164062,0.7830395698547363,0.42854368686676025,
dish_1550777566,22.621795654296875,0.7754640579223633,0.4277867376804352,
dish_1550777646,13.463560104370117,0.6336349248886108,0.626559853553772,
dish_1550777713,17.0573787689209,0.7450748085975647,0.5742377638816833,
dish_1550777791,21.07786750793457,0.7975081205368042,0.4530228078365326,
dish_1550777827,19.805456161499023,0.735737681388855,0.45235615968704224,
dish_1550777860,19.420303344726562,0.703950822353363,0.43884962797164917,
dish_1550777919,23.442420959472656,0.8214856386184692,0.4134558141231537,
dish_1550778007,15.106706619262695,0.6759026646614075,0.5981898307800293,
dish_1550778058,15.068658828735352,0.6931576728820801,0.6135015487670898,
dish_1550778118,20.087648391723633,0.7252789735794067,0.43282896280288696,
dish_1550778172,21.10218620300293,0.7556665539741516,0.4293448328971863,
dish_1550778312,20.541749954223633,0.7886289954185486,0.467756986618042,
dish_1550778355,19.33807373046875,0.7416127920150757,0.47213083505630493,
dish_1550778401,22.155292510986328,0.8122430443763733,0.4228605031967163,
dish_1550778435,19.412811279296875,0.7107176184654236,0.4390306770801544,
dish_1550778469,19.126773834228516,0.6919670104980469,0.4504694640636444,
dish_1550778535,23.03225326538086,0.8227090835571289,0.4203287661075592,
dish_1550778583,20.036319732666016,0.7759386301040649,0.46726688742637634,
dish_1550778619,18.068143844604492,0.7442344427108765,0.47194311022758484,
dish_1550778646,18.87704086303711,0.7094940543174744,0.44604071974754333,
dish_1550778694,19.80538558959961,0.7198410034179688,0.43856358528137207,
dish_1550778856,21.98003578186035,0.8048915266990662,0.44651463627815247,
dish_1550778922,20.27234649658203,0.7778221964836121,0.44528916478157043,
dish_1550778981,21.213993072509766,0.7884340286254883,0.4489437937736511,
dish_1550779014,18.589550018310547,0.712980329990387,0.4633728563785553,
dish_1550779058,20.90771484375,0.7288352847099304,0.4358968138694763,
dish_1550779153,19.31817626953125,0.720129132270813,0.4403708279132843,
dish_1550779219,14.219887733459473,0.653731107711792,0.6261837482452393,
dish_1550779282,20.22016143798828,0.7847036123275757,0.4715748429298401,
dish_1550779336,18.92405891418457,0.6652137041091919,0.4295158386230469,
dish_1550779388,20.71065902709961,0.7085414528846741,0.42164507508277893,
dish_1550780717,20.551578521728516,0.7710666060447693,0.4641112685203552,
dish_1550781280,13.117734909057617,0.6189175844192505,0.6458981037139893,
dish_1550781317,19.987478256225586,0.7779991030693054,0.47083133459091187,
dish_1550781347,21.10906219482422,0.7232217788696289,0.4254400432109833,
dish_1550781372,19.81755256652832,0.7085074186325073,0.42202845215797424,
dish_1550785292,13.78582763671875,0.5617210865020752,0.6455425024032593,
dish_1550785404,19.81308937072754,0.7319217920303345,0.4751361608505249,
dish_1550785481,18.743255615234375,0.6995202302932739,0.4972113370895386,
dish_1550785526,19.826492309570312,0.6422959566116333,0.42408061027526855,
dish_1550785599,18.01612663269043,0.6520375609397888,0.42676979303359985,
dish_1550785697,16.38086700439453,0.6677749752998352,0.4908275902271271,
dish_1550785808,18.88213539123535,0.748033881187439,0.4803508520126343,
dish_1550785876,20.269168853759766,0.7635485529899597,0.450991153717041,
dish_1550785915,18.70612335205078,0.7159993052482605,0.4356120228767395,
dish_1550785975,18.688737869262695,0.7000705599784851,0.42418885231018066,
dish_1550788191,21.58917808532715,0.7965763807296753,0.4327668845653534,
dish_1550788264,20.686683654785156,0.7551961541175842,0.49398452043533325,
dish_1550788398,19.4049015045166,0.7630953788757324,0.4769735038280487,
dish_1550788505,19.475570678710938,0.7213079929351807,0.4720861315727234,
dish_1550788591,21.0804443359375,0.751105546951294,0.4505358636379242,
dish_1550788827,21.42582130432129,0.7708539366722107,0.4481210708618164,
dish_1550788957,17.826414108276367,0.7380432486534119,0.45730751752853394,
dish_1550789186,16.78757095336914,0.7042887210845947,0.514329195022583,
dish_1550789255,19.577699661254883,0.7127299904823303,0.4398268461227417,
dish_1550789321,18.625385284423828,0.698506236076355,0.4445899426937103,
dish_1550789705,18.81019401550293,0.7571415305137634,0.48000335693359375,
dish_1550789814,19.564613342285156,0.7634465098381042,0.4910651445388794,
dish_1550789860,19.806522369384766,0.7338520288467407,0.4498845934867859,
dish_1550790042,21.794546127319336,0.7483592629432678,0.41781502962112427,
dish_1550790252,21.584285736083984,0.7991992235183716,0.4424378275871277,
dish_1550790347,20.67987823486328,0.7801945805549622,0.4592586159706116,
dish_1550790442,17.058639526367188,0.700699508190155,0.4955054223537445,
dish_1550790511,17.520126342773438,0.6869493126869202,0.475405216217041,
dish_1550790554,16.844585418701172,0.6540191769599915,0.47206011414527893,
dish_1550790874,19.445037841796875,0.7615137100219727,0.47139889001846313,
dish_1550791105,14.139012336730957,0.6358306407928467,0.6435725092887878,
dish_1550791160,13.910028457641602,0.6659725904464722,0.7122870683670044,
dish_1550791214,16.13497543334961,0.6592958569526672,0.5560013055801392,
dish_1550791302,19.353776931762695,0.7090725898742676,0.4290638267993927,
dish_1550791644,19.378032684326172,0.7706653475761414,0.5085678100585938,
dish_1550791701,18.480388641357422,0.7314678430557251,0.4807620346546173,
dish_1550791822,22.541946411132812,0.8063461780548096,0.4294065833091736,
dish_1550791884,21.092763900756836,0.7584015130996704,0.4368636906147003,
dish_1550791942,19.897151947021484,0.7162717580795288,0.4624319076538086,
dish_1550792023,21.35769271850586,0.809694766998291,0.4423462748527527,
dish_1550792143,18.673328399658203,0.7606675624847412,0.46015626192092896,
dish_1550792194,22.055692672729492,0.8184011578559875,0.44697242975234985,
dish_1550792315,15.83622932434082,0.6599158644676208,0.576857328414917,
dish_1550792365,19.88217544555664,0.7489045262336731,0.44358959794044495,
dish_1550792493,20.472824096679688,0.7871549129486084,0.4336821138858795,
dish_1550792595,20.258041381835938,0.7483153343200684,0.4700688123703003,
dish_1550792734,19.38123893737793,0.7886850237846375,0.4398207664489746,
dish_1550792824,19.44486427307129,0.7103624939918518,0.46884065866470337,
dish_1550792864,19.134357452392578,0.7169798612594604,0.4532206058502197,
dish_1550793023,20.686599731445312,0.8032606244087219,0.44239863753318787,
dish_1550793093,21.954662322998047,0.7977261543273926,0.441790372133255,
dish_1550793192,21.47123146057129,0.8122319579124451,0.43431228399276733,
dish_1550793245,19.992725372314453,0.7561852931976318,0.47098416090011597,
dish_1550793300,19.70694923400879,0.7512346506118774,0.45805397629737854,
dish_1550793485,19.296388626098633,0.7390549778938293,0.47652703523635864,
dish_1550793525,10.481548309326172,0.5245806574821472,0.7339386940002441,
dish_1550793582,19.142391204833984,0.7585582137107849,0.4752306044101715,
dish_1550793621,18.64638900756836,0.6758576035499573,0.45933496952056885,
dish_1550793673,18.846923828125,0.6841802597045898,0.44008901715278625,
dish_1550795331,13.679975509643555,0.6087151169776917,0.6978057622909546,
dish_1550795361,15.76686954498291,0.7024503350257874,0.5600225329399109,
dish_1550795423,18.562868118286133,0.746783971786499,0.46642541885375977,
dish_1550795455,18.781124114990234,0.6922602653503418,0.48912060260772705,
dish_1550795497,19.844690322875977,0.7367302179336548,0.45373111963272095,
dish_1550795690,15.519007682800293,0.6572461128234863,0.6362898349761963,
dish_1550795856,16.63154411315918,0.732850968837738,0.5634142756462097,
dish_1550796058,18.979219436645508,0.7523207068443298,0.5012377500534058,
dish_1550796152,21.060077667236328,0.739985466003418,0.4483715295791626,
dish_1550796330,21.33061981201172,0.7415773868560791,0.43631041049957275,
dish_1550796634,20.210067749023438,0.7904089689254761,0.4796660542488098,
dish_1550796686,16.975534439086914,0.7098619341850281,0.550961971282959,
dish_1550796731,18.286277770996094,0.7431681752204895,0.5569855570793152,
dish_1550796763,22.19696807861328,0.798141360282898,0.42016538977622986,
dish_1550796794,21.604389190673828,0.7782745957374573,0.44056960940361023,
dish_1550796973,17.837547302246094,0.7257756590843201,0.5486717224121094,
dish_1550797031,16.954999923706055,0.7068229913711548,0.5591424107551575,
dish_1550797094,15.3051118850708,0.654045820236206,0.6005781292915344,
dish_1550797130,19.826339721679688,0.7137194871902466,0.47032731771469116,
dish_1550797169,18.580535888671875,0.717574954032898,0.4606257975101471,
dish_1550797474,20.830196380615234,0.7861121296882629,0.4586681127548218,
dish_1550797692,19.571866989135742,0.756187379360199,0.4739804267883301,
dish_1550797753,20.455896377563477,0.7564682960510254,0.45963993668556213,
dish_1550797791,17.99236488342285,0.6810762882232666,0.49491381645202637,
dish_1550797833,18.421165466308594,0.7050954103469849,0.4509906768798828,
dish_1550859356,17.815288543701172,0.7599048614501953,0.5453561544418335,
dish_1550859396,19.201738357543945,0.7683165669441223,0.48954975605010986,
dish_1550859544,16.079317092895508,0.7039318084716797,0.6176903247833252,
dish_1550859578,19.3242130279541,0.7219281792640686,0.5114395618438721,
dish_1550859622,20.752117156982422,0.7755417227745056,0.44251102209091187,
dish_1550859694,16.52756690979004,0.7150473594665527,0.5774231553077698,
dish_1550859927,21.949644088745117,0.8036999702453613,0.4127136766910553,
dish_1550859977,21.256893157958984,0.8019411563873291,0.4927668869495392,
dish_1550860041,20.783016204833984,0.7551068067550659,0.44223642349243164,
dish_1550860107,18.67565155029297,0.7337576746940613,0.46218323707580566,
dish_1550860188,21.411205291748047,0.799664318561554,0.46608373522758484,
dish_1550860307,21.48404884338379,0.8040358424186707,0.44060850143432617,
dish_1550860361,18.739994049072266,0.7452223300933838,0.4729318618774414,
dish_1550860444,21.53255271911621,0.7615429759025574,0.4408317506313324,
dish_1550860513,19.987138748168945,0.735914945602417,0.47644752264022827,
dish_1550860631,11.873750686645508,0.4545562267303467,0.8226100206375122,
dish_1550860747,17.521459579467773,0.7334556579589844,0.5479026436805725,
dish_1550860787,21.15727996826172,0.8003687262535095,0.4600619375705719,
dish_1550860820,21.202335357666016,0.7788892984390259,0.4310644268989563,
dish_1550860858,21.411619186401367,0.7719277739524841,0.4446295499801636,
dish_1550860919,17.400310516357422,0.6788490414619446,0.4830958843231201,
dish_1550861027,17.628150939941406,0.7569370865821838,0.5237182974815369,
dish_1550861074,18.788631439208984,0.7591961622238159,0.5178123116493225,
dish_1550861124,19.503578186035156,0.7401579022407532,0.4279431998729706,
dish_1550861187,19.76991844177246,0.7166707515716553,0.4352637827396393,
dish_1550861324,15.184864044189453,0.7010364532470703,0.6190325617790222,
dish_1550861388,17.526939392089844,0.7414773106575012,0.5486943125724792,
dish_1550861432,16.994245529174805,0.6986896395683289,0.5706350207328796,
dish_1550861458,18.01856803894043,0.7260440587997437,0.4816092550754547,
dish_1550861520,18.47618865966797,0.730875551700592,0.49940571188926697,
dish_1550861584,15.781964302062988,0.731972336769104,0.5702261924743652,
dish_1550861605,16.606718063354492,0.7262892127037048,0.5848020911216736,
dish_1550861670,21.45125961303711,0.7639443278312683,0.43242350220680237,
dish_1550861703,20.86945152282715,0.762386679649353,0.4562111496925354,
dish_1550861835,21.741168975830078,0.7790411114692688,0.4110192060470581,
dish_1550861903,21.84723663330078,0.7982874512672424,0.4459546208381653,
dish_1550861950,16.918716430664062,0.7146434783935547,0.5667248964309692,
dish_1550861994,18.965206146240234,0.7803731560707092,0.4999558925628662,
dish_1550862036,21.908361434936523,0.7835289239883423,0.431976854801178,
dish_1550862106,22.55968475341797,0.8148466348648071,0.3892805278301239,
dish_1550862190,15.253558158874512,0.6957220435142517,0.6424069404602051,
dish_1550862217,16.606826782226562,0.7159614562988281,0.5900534391403198,
dish_1550862272,19.63698959350586,0.7699336409568787,0.4721630811691284,
dish_1550862349,20.19476318359375,0.7508714199066162,0.469620019197464,
dish_1550862399,20.154674530029297,0.7467543482780457,0.4568725824356079,
dish_1550862495,14.776805877685547,0.6701791286468506,0.6295498013496399,
dish_1550862580,20.381025314331055,0.7905016541481018,0.4614197313785553,
dish_1550862648,15.613300323486328,0.701553225517273,0.5979875326156616,
dish_1550862681,20.56883430480957,0.766903281211853,0.44725823402404785,
dish_1550862733,20.757732391357422,0.7833591103553772,0.46198570728302,
dish_1550862840,17.794864654541016,0.7672340869903564,0.5305325388908386,
dish_1550862908,17.156930923461914,0.709004819393158,0.5481507182121277,
dish_1550862993,14.748025894165039,0.7187659740447998,0.5984958410263062,
dish_1550863037,20.448030471801758,0.758327841758728,0.4398236572742462,
dish_1550863078,18.739450454711914,0.7435503005981445,0.46882933378219604,
dish_1550863155,12.374485969543457,0.6962183713912964,0.7360855340957642,
dish_1550863247,15.3069429397583,0.7204084396362305,0.625810980796814,
dish_1550863285,17.293745040893555,0.7174956798553467,0.5654342770576477,
dish_1550863309,14.486065864562988,0.6433162093162537,0.6890384554862976,
dish_1550863381,22.550220489501953,0.8096421360969543,0.41573625802993774,
dish_1550873044,15.537568092346191,0.7015370726585388,0.611457347869873,
dish_1550873218,18.984376907348633,0.7857471108436584,0.49076470732688904,
dish_1550873264,17.0753173828125,0.7428991198539734,0.5580824613571167,
dish_1550873303,22.0754451751709,0.7919424176216125,0.4296043813228607,
dish_1550873338,19.655973434448242,0.7645138502120972,0.47115880250930786,
dish_1550873434,21.744190216064453,0.7916039228439331,0.4605371057987213,
dish_1550873486,23.8636474609375,0.8385096192359924,0.4058738946914673,
dish_1550873572,18.320999145507812,0.7573187351226807,0.5297883749008179,
dish_1550873668,20.764936447143555,0.7602933645248413,0.43964576721191406,
dish_1550873788,19.943143844604492,0.7407604455947876,0.43896931409835815,
dish_1550873952,18.22688865661621,0.7547433972358704,0.5190349221229553,
dish_1550874079,20.67131996154785,0.8036922812461853,0.46420466899871826,
dish_1550874153,15.994175910949707,0.7400174736976624,0.6076974868774414,
dish_1550874191,18.7126522064209,0.7415819764137268,0.4875049293041229,
dish_1550874267,20.399473190307617,0.7830379605293274,0.4321613311767578,
dish_1550874464,21.97746467590332,0.814250648021698,0.44205933809280396,
dish_1550874640,20.163846969604492,0.775368869304657,0.47573307156562805,
dish_1550874679,17.955595016479492,0.7530143857002258,0.5467416048049927,
dish_1550874729,21.304588317871094,0.7524914145469666,0.4716963469982147,
dish_1550874756,16.51943016052246,0.729378879070282,0.5367051959037781,
dish_1550874829,21.0894775390625,0.8001749515533447,0.4458138048648834,
dish_1550874872,20.727018356323242,0.7874974012374878,0.48248666524887085,
dish_1550874918,23.353618621826172,0.8289637565612793,0.4349707067012787,
dish_1550874950,20.802143096923828,0.7581464052200317,0.4463127553462982,
dish_1550875058,19.402917861938477,0.7424314618110657,0.4780622124671936,
dish_1550875168,22.716205596923828,0.7965612411499023,0.4576350450515747,
dish_1550875229,17.433055877685547,0.7318369150161743,0.550267219543457,
dish_1550875293,22.05545425415039,0.7995473146438599,0.4279688000679016,
dish_1550875347,22.532302856445312,0.7985396385192871,0.4215962588787079,
dish_1550875400,23.826900482177734,0.8103221654891968,0.3821190595626831,
dish_1550875891,23.01116371154785,0.7951124310493469,0.434953510761261,
dish_1550875931,18.618759155273438,0.751705527305603,0.5037017464637756,
dish_1550875968,17.808109283447266,0.7598976492881775,0.5343833565711975,
dish_1550876012,20.54598617553711,0.772979199886322,0.45491886138916016,
dish_1550876055,17.99765968322754,0.748496413230896,0.4841330945491791,
dish_1550876249,21.085439682006836,0.81114262342453,0.4458619952201843,
dish_1550876298,20.667587280273438,0.8014432191848755,0.46638333797454834,
dish_1550876376,18.97528839111328,0.788841962814331,0.5045850872993469,
dish_1550876416,21.27442169189453,0.791349470615387,0.444510817527771,
dish_1550876467,20.901058197021484,0.7838869094848633,0.455267071723938,
dish_1550876619,19.413528442382812,0.7799283862113953,0.5072013735771179,
dish_1550876748,18.590763092041016,0.7747745513916016,0.4903491735458374,
dish_1550876819,22.321788787841797,0.8206392526626587,0.4362353980541229,
dish_1550876892,22.639917373657227,0.814310610294342,0.4217976927757263,
dish_1550876969,21.113142013549805,0.7832202911376953,0.4419986605644226,
dish_1551122493,21.909666061401367,0.8012643456459045,0.43699678778648376,
dish_1551122614,20.14025115966797,0.7496124505996704,0.43723541498184204,
dish_1551122662,18.01247215270996,0.6709731817245483,0.4897695779800415,
dish_1551122713,17.756288528442383,0.6876973509788513,0.45143142342567444,
dish_1551122795,21.353397369384766,0.7571291923522949,0.4850822985172272,
dish_1551122844,20.318342208862305,0.7723946571350098,0.44457510113716125,
dish_1551122871,19.50478744506836,0.7431291937828064,0.46471816301345825,
dish_1551122914,19.58711814880371,0.6914642453193665,0.45593956112861633,
dish_1551122952,19.55416488647461,0.6923485994338989,0.45019784569740295,
dish_1551123023,22.614593505859375,0.8052102327346802,0.44370704889297485,
dish_1551123072,20.66143798828125,0.7893791198730469,0.45514431595802307,
dish_1551123396,12.99547004699707,0.5771214962005615,0.7066320776939392,
dish_1551123455,21.381486892700195,0.7740108966827393,0.45758935809135437,
dish_1551123633,21.313365936279297,0.7857456207275391,0.43852758407592773,
dish_1551123904,20.474214553833008,0.7772538065910339,0.48430344462394714,
dish_1551123986,16.67820930480957,0.7143957614898682,0.5794129371643066,
dish_1551124062,22.158794403076172,0.8076700568199158,0.4280377924442291,
dish_1551124116,20.912410736083984,0.7685707807540894,0.4591931104660034,
dish_1551124157,21.863201141357422,0.7717821002006531,0.42958566546440125,
dish_1551124221,22.36720848083496,0.7988125085830688,0.4287284016609192,
dish_1551124407,16.20030403137207,0.6536466479301453,0.4787599742412567,
dish_1551124481,19.497631072998047,0.7476274967193604,0.48101991415023804,
dish_1551124591,17.3206844329834,0.7405121922492981,0.5282962918281555,
dish_1551124723,15.675875663757324,0.6408280730247498,0.5623306632041931,
dish_1551125258,18.848529815673828,0.7505519986152649,0.4721592664718628,
dish_1551125305,17.284347534179688,0.705773115158081,0.47861239314079285,
dish_1551125357,17.47439956665039,0.7460002303123474,0.5136241316795349,
dish_1551125384,18.68383026123047,0.6822764277458191,0.457623690366745,
dish_1551125436,16.152563095092773,0.6423546075820923,0.5237860083580017,
dish_1551133789,18.637866973876953,0.757875382900238,0.5173625349998474,
dish_1551133870,16.928781509399414,0.7423433661460876,0.5877647399902344,
dish_1551134053,22.22176170349121,0.7970883846282959,0.4281480610370636,
dish_1551134138,21.402700424194336,0.7683773040771484,0.4517972469329834,
dish_1551134208,23.56554412841797,0.8090537190437317,0.40325281023979187,
dish_1551134442,18.976417541503906,0.7407391667366028,0.4667477607727051,
dish_1551134622,16.446365356445312,0.7152758240699768,0.6207585334777832,
dish_1551134757,22.642353057861328,0.8106778264045715,0.4156333804130554,
dish_1551134824,18.11587905883789,0.722456693649292,0.4570576548576355,
dish_1551134895,18.795757293701172,0.703667402267456,0.4593103528022766,
dish_1551134987,22.593830108642578,0.8126783967018127,0.4252856373786926,
dish_1551135179,21.90118408203125,0.760103166103363,0.4527082145214081,
dish_1551135297,19.464519500732422,0.7485994696617126,0.5214845538139343,
dish_1551135363,21.55092430114746,0.7476374506950378,0.4282136559486389,
dish_1551135590,17.689268112182617,0.729645311832428,0.5151028037071228,
dish_1551135656,20.097280502319336,0.7839170098304749,0.45810264348983765,
dish_1551135718,18.02845001220703,0.7027113437652588,0.47369104623794556,
dish_1551136043,20.275588989257812,0.8074626326560974,0.4870132505893707,
dish_1551136264,20.413965225219727,0.787813127040863,0.46597322821617126,
dish_1551136315,19.143285751342773,0.7009979486465454,0.4794240891933441,
dish_1551136396,16.907827377319336,0.6769855618476868,0.5335307121276855,
dish_1551136531,21.03667449951172,0.7921138405799866,0.4658747613430023,
dish_1551136610,21.861492156982422,0.8077993392944336,0.44637826085090637,
dish_1551136683,21.836944580078125,0.8103429675102234,0.43211156129837036,
dish_1551136769,21.110857009887695,0.7737584114074707,0.4348522424697876,
dish_1551136814,20.167362213134766,0.7511007189750671,0.460141122341156,
dish_1551136891,21.2725772857666,0.7968658208847046,0.4437829256057739,
dish_1551137091,22.472867965698242,0.7613006830215454,0.42174047231674194,
dish_1551137173,18.66878318786621,0.7515100240707397,0.46332505345344543,
dish_1551137277,21.798343658447266,0.7257042527198792,0.4215764105319977,
dish_1551137348,19.218189239501953,0.6796629428863525,0.46745631098747253,
dish_1551137431,20.838909149169922,0.7963263988494873,0.4616287350654602,
dish_1551138110,20.280319213867188,0.7982370853424072,0.4805419445037842,
dish_1551138180,18.110868453979492,0.7326099872589111,0.5401864051818848,
dish_1551138237,20.47739601135254,0.7771203517913818,0.4634784162044525,
dish_1551138312,19.34037208557129,0.71427321434021,0.518237292766571,
dish_1551139066,21.77634048461914,0.8245841264724731,0.438387393951416,
dish_1551139192,16.694692611694336,0.7343162894248962,0.5986961722373962,
dish_1551139260,19.070066452026367,0.7829577922821045,0.4064701497554779,
dish_1551139325,20.784847259521484,0.7883064150810242,0.402436763048172,
dish_1551139367,17.67985725402832,0.7378433346748352,0.4384385049343109,
dish_1551139415,19.79201889038086,0.8014481067657471,0.4726465940475464,
dish_1551139487,18.058574676513672,0.736682116985321,0.48519930243492126,
dish_1551139576,17.804645538330078,0.724880039691925,0.4257221519947052,
dish_1551139606,18.503463745117188,0.7264001965522766,0.4450744390487671,
dish_1551139675,11.686128616333008,0.47117313742637634,0.789230465888977,
dish_1551139764,20.69049072265625,0.7985534071922302,0.4584786891937256,
dish_1551139831,19.12631607055664,0.7612060904502869,0.4440561532974243,
dish_1551139874,18.649658203125,0.7238178849220276,0.43530625104904175,
dish_1551139956,19.70962905883789,0.7428426742553711,0.429241418838501,
dish_1551141628,20.1677303314209,0.7858529686927795,0.46881410479545593,
dish_1551141670,18.232589721679688,0.7525822520256042,0.45324259996414185,
dish_1551141710,20.16297149658203,0.7755773067474365,0.456241250038147,
dish_1551141747,20.887651443481445,0.7595413327217102,0.4112270474433899,
dish_1551141779,19.060205459594727,0.7418085336685181,0.417350172996521,
dish_1551141849,20.556804656982422,0.7721815705299377,0.45268380641937256,
dish_1551141892,18.15747833251953,0.7265902161598206,0.45069533586502075,
dish_1551141931,20.549182891845703,0.7999417781829834,0.45169395208358765,
dish_1551142001,19.810104370117188,0.7543509602546692,0.4060342609882355,
dish_1551142046,18.678329467773438,0.709303617477417,0.44047558307647705,
dish_1551142128,13.387043952941895,0.7001646161079407,0.7700685262680054,
dish_1551142459,21.708114624023438,0.8235167264938354,0.41947412490844727,
dish_1551142509,21.574615478515625,0.8051934242248535,0.3865518867969513,
dish_1551142589,19.627140045166016,0.7631673216819763,0.41785410046577454,
dish_1551221581,20.17960548400879,0.794979989528656,0.4737924337387085,
dish_1551221801,20.587251663208008,0.7855192422866821,0.4143223762512207,
dish_1551222036,23.167266845703125,0.8207424879074097,0.4072996973991394,
dish_1551222068,18.982940673828125,0.7595524191856384,0.43682006001472473,
dish_1551222188,20.761760711669922,0.7839630246162415,0.3979424238204956,
dish_1551222225,21.571142196655273,0.7797550559043884,0.37580758333206177,
dish_1551222311,20.820383071899414,0.7552728652954102,0.41432318091392517,
dish_1551222363,21.13166618347168,0.8065282106399536,0.4357391893863678,
dish_1551222472,19.776254653930664,0.7895699739456177,0.45103225111961365,
dish_1551222527,22.969589233398438,0.8338385224342346,0.3846816420555115,
dish_1551222558,21.031005859375,0.7686999440193176,0.39506539702415466,
dish_1551222587,19.796611785888672,0.7404904365539551,0.4364778399467468,
dish_1551222638,21.927915573120117,0.8261350393295288,0.42264920473098755,
dish_1551222712,13.53381061553955,0.6355822682380676,0.6318181157112122,
dish_1551222759,20.481863021850586,0.7924115657806396,0.4015085697174072,
dish_1551222791,19.43819236755371,0.7464954853057861,0.40071800351142883,
dish_1551222833,20.897634506225586,0.7506122589111328,0.3860763609409332,
dish_1551222877,21.761070251464844,0.8065614104270935,0.4262930154800415,
dish_1551222935,22.78196144104004,0.8134602904319763,0.3869796395301819,
dish_1551222982,19.974443435668945,0.7474892735481262,0.4251972734928131,
dish_1551223023,18.066293716430664,0.7163132429122925,0.45181676745414734,
dish_1551223114,19.342914581298828,0.7384535074234009,0.42747268080711365,
dish_1551223195,21.760923385620117,0.7801574468612671,0.39644381403923035,
dish_1551223249,18.29545783996582,0.7261061668395996,0.558234691619873,
dish_1551223311,19.010540008544922,0.7655659914016724,0.4649468958377838,
dish_1551223346,19.285640716552734,0.7091852426528931,0.4328845143318176,
dish_1551223394,21.3309383392334,0.7640141844749451,0.37399789690971375,
dish_1551224001,11.434825897216797,0.5806692242622375,0.7008171677589417,
dish_1551224138,20.553977966308594,0.7767444252967834,0.3990826904773712,
dish_1551224175,19.56642723083496,0.7121714353561401,0.3930331766605377,
dish_1551224208,18.67308235168457,0.6938298940658569,0.41031593084335327,
dish_1551224283,22.296457290649414,0.8119761347770691,0.3933330178260803,
dish_1551224380,16.49770736694336,0.730782687664032,0.6278269290924072,
dish_1551224447,21.912582397460938,0.7875375747680664,0.38319501280784607,
dish_1551224483,22.01125144958496,0.7808964252471924,0.38745296001434326,
dish_1551224534,23.296220779418945,0.7997879385948181,0.36891093850135803,
dish_1551224647,16.500560760498047,0.7065770626068115,0.5816943049430847,
dish_1551224689,22.72590446472168,0.8070902824401855,0.3784458339214325,
dish_1551224751,16.671730041503906,0.7203812599182129,0.5418440103530884,
dish_1551224787,20.003475189208984,0.7279558181762695,0.4280177354812622,
dish_1551224833,16.658620834350586,0.674746572971344,0.5058554410934448,
dish_1551224928,14.719186782836914,0.6791871190071106,0.5968430638313293,
dish_1551225021,21.314722061157227,0.814213216304779,0.4077072739601135,
dish_1551225067,16.055076599121094,0.7024439573287964,0.6262199282646179,
dish_1551225106,20.474496841430664,0.7865933775901794,0.398023784160614,
dish_1551225155,20.765474319458008,0.7840564250946045,0.3813934624195099,
dish_1551225281,20.907989501953125,0.7909863591194153,0.4398050308227539,
dish_1551225381,13.2052640914917,0.6354060173034668,0.7603665590286255,
dish_1551225467,20.228302001953125,0.7924400568008423,0.441557377576828,
dish_1551225501,20.29745864868164,0.7621648907661438,0.4059656858444214,
dish_1551225764,19.65020751953125,0.7760699391365051,0.437560498714447,
dish_1551225793,16.963022232055664,0.7166286110877991,0.5046316385269165,
dish_1551225836,17.79192543029785,0.7005296945571899,0.5371404886245728,
dish_1551225948,21.17341423034668,0.7999876737594604,0.41104456782341003,
dish_1551226013,13.77128791809082,0.6190851926803589,0.625384509563446,
dish_1551226049,19.612592697143555,0.715678334236145,0.41559961438179016,
dish_1551226101,19.837574005126953,0.7313541173934937,0.40974584221839905,
dish_1551226308,24.463672637939453,0.8464897274971008,0.3883321285247803,
dish_1551226363,15.799890518188477,0.6519638895988464,0.5704413056373596,
dish_1551226409,11.601370811462402,0.5810287594795227,0.7449535727500916,
dish_1551226442,20.008270263671875,0.7452324628829956,0.4024753272533417,
dish_1551226475,18.913999557495117,0.6930795907974243,0.41775116324424744,
dish_1551226840,21.406757354736328,0.7807067036628723,0.412458598613739,
dish_1551226892,22.620492935180664,0.814193606376648,0.41708043217658997,
dish_1551226948,20.57552719116211,0.7746625542640686,0.3976981043815613,
dish_1551226999,18.505691528320312,0.7008889317512512,0.44278842210769653,
dish_1551227050,20.823482513427734,0.7284677624702454,0.4033539593219757,
dish_1551227165,21.86566925048828,0.8025134205818176,0.402311235666275,
dish_1551227216,22.20026206970215,0.8146257400512695,0.39185601472854614,
dish_1551227280,21.19643211364746,0.7951467037200928,0.388811856508255,
dish_1551227325,21.468730926513672,0.7494097352027893,0.39034610986709595,
dish_1551227380,18.71070098876953,0.7044844627380371,0.4254246950149536,
dish_1551227435,18.456499099731445,0.7193360328674316,0.4434124827384949,
dish_1551228296,19.321800231933594,0.7820244431495667,0.44719839096069336,
dish_1551228355,18.54503059387207,0.74021977186203,0.5674703121185303,
dish_1551228396,21.08850860595703,0.8145996928215027,0.4037955701351166,
dish_1551228438,19.790897369384766,0.756536066532135,0.41915783286094666,
dish_1551228478,19.462663650512695,0.7612036466598511,0.4305430054664612,
dish_1551228551,17.431224822998047,0.7484984397888184,0.5018895864486694,
dish_1551228582,22.071557998657227,0.8297060132026672,0.4067508578300476,
dish_1551228630,22.682424545288086,0.788521945476532,0.4140569567680359,
dish_1551228669,22.271224975585938,0.794442892074585,0.37533846497535706,
dish_1551228715,19.291475296020508,0.750817596912384,0.42063552141189575,
dish_1551228830,18.417875289916992,0.7334815263748169,0.5391296148300171,
dish_1551228876,21.664871215820312,0.7941455841064453,0.3870440423488617,
dish_1551228930,21.45055389404297,0.800125241279602,0.3827139735221863,
dish_1551228971,21.891056060791016,0.7748411297798157,0.40003344416618347,
dish_1551229028,21.939786911010742,0.7761527299880981,0.3804303705692291,
dish_1551232627,20.70816421508789,0.8026273250579834,0.42978009581565857,
dish_1551232686,18.7506046295166,0.7763264775276184,0.4647863209247589,
dish_1551232713,17.09137725830078,0.72633957862854,0.4643762409687042,
dish_1551232748,20.045879364013672,0.7280734181404114,0.41467997431755066,
dish_1551232782,18.2398681640625,0.7080612778663635,0.4410019516944885,
dish_1551232851,20.373830795288086,0.8064175844192505,0.41554224491119385,
dish_1551232905,22.149831771850586,0.8060492873191833,0.3970860242843628,
dish_1551232936,12.493287086486816,0.6044830083847046,0.6840004920959473,
dish_1551232973,19.893051147460938,0.7482541799545288,0.3993554711341858,
dish_1551233210,21.331741333007812,0.7833601832389832,0.40932801365852356,
dish_1551233248,21.58173942565918,0.788744330406189,0.4026806056499481,
dish_1551233313,17.164932250976562,0.7301929593086243,0.5558801293373108,
dish_1551233345,21.43502426147461,0.8041481971740723,0.40494775772094727,
dish_1551233375,19.679048538208008,0.7558609843254089,0.42403551936149597,
dish_1551233403,18.942724227905273,0.7142153978347778,0.431122362613678,
dish_1551233434,17.294212341308594,0.720042884349823,0.4140380322933197,
dish_1551233491,16.723344802856445,0.7014985084533691,0.594363272190094,
dish_1551233523,21.748741149902344,0.8044978976249695,0.4274407625198364,
dish_1551233573,14.262187957763672,0.6606833338737488,0.680606484413147,
dish_1551233610,20.13752555847168,0.7648085355758667,0.4423772692680359,
dish_1551233633,20.982677459716797,0.7782444357872009,0.4038959741592407,
dish_1551233708,21.72565269470215,0.7947568893432617,0.4158877432346344,
dish_1551233745,22.303016662597656,0.8088489770889282,0.4198569059371948,
dish_1551233802,16.916425704956055,0.7157861590385437,0.5754244327545166,
dish_1551233827,20.05341911315918,0.7864365577697754,0.42023465037345886,
dish_1551233859,21.84695816040039,0.7915270924568176,0.40043535828590393,
dish_1551233938,20.40574073791504,0.7798960208892822,0.4547237455844879,
dish_1551233982,22.79716682434082,0.8115942478179932,0.40127772092819214,
dish_1551234017,13.249086380004883,0.6315263509750366,0.6975139379501343,
dish_1551234046,20.761611938476562,0.7715392708778381,0.39800944924354553,
dish_1551234106,22.285823822021484,0.7886254191398621,0.3711850047111511,
dish_1551234185,16.204286575317383,0.7242398262023926,0.5532012581825256,
dish_1551234214,20.390214920043945,0.8018330335617065,0.4162939786911011,
dish_1551234252,20.959217071533203,0.7898817658424377,0.4006379544734955,
dish_1551234288,19.413902282714844,0.7144525051116943,0.391293466091156,
dish_1551234316,18.38470458984375,0.7380221486091614,0.4355531930923462,
dish_1551235109,21.172483444213867,0.7254610061645508,0.3936958909034729,
dish_1551235171,22.65677833557129,0.803423285484314,0.39100295305252075,
dish_1551235211,13.731135368347168,0.6399672031402588,0.7206675410270691,
dish_1551235240,20.99193572998047,0.7089541554450989,0.4035494327545166,
dish_1551235270,20.745223999023438,0.7529230117797852,0.41477012634277344,
dish_1551235561,17.7675724029541,0.7445250749588013,0.46843329071998596,
dish_1551235600,12.025822639465332,0.5987412929534912,0.7678118944168091,
dish_1551235669,16.287206649780273,0.7180358171463013,0.5972145199775696,
dish_1551235699,19.032564163208008,0.7587226033210754,0.4162675440311432,
dish_1551235759,9.609890937805176,0.24708303809165955,0.9460587501525879,
dish_1551235868,15.2076416015625,0.7150524258613586,0.6187481880187988,
dish_1551235946,15.111750602722168,0.6761384010314941,0.5190603137016296,
dish_1551235983,19.507732391357422,0.7720078825950623,0.46148407459259033,
dish_1551236011,17.341758728027344,0.6995827555656433,0.4498697519302368,
dish_1551236159,19.73420524597168,0.7352089881896973,0.4219212234020233,
dish_1551236417,22.76797103881836,0.8284619450569153,0.3948781490325928,
dish_1551236466,14.295184135437012,0.6588443517684937,0.6965630054473877,
dish_1551236495,20.9451847076416,0.7124701142311096,0.39481285214424133,
dish_1551236521,19.921113967895508,0.6959171891212463,0.47142332792282104,
dish_1551236550,21.15533447265625,0.7163283824920654,0.44367516040802,
dish_1551236621,20.811603546142578,0.8001447916030884,0.43192431330680847,
dish_1551236657,19.932113647460938,0.7923277020454407,0.4361449182033539,
dish_1551236712,15.720178604125977,0.681056559085846,0.6364686489105225,
dish_1551237016,20.133563995361328,0.7893883585929871,0.4331182837486267,
dish_1551237046,18.8814697265625,0.6927121877670288,0.3993214964866638,
dish_1551237079,18.999279022216797,0.6884996294975281,0.41521313786506653,
dish_1551237180,14.623013496398926,0.699912428855896,0.5985600352287292,
dish_1551237231,20.137535095214844,0.7930166721343994,0.43996667861938477,
dish_1551237274,12.603865623474121,0.5942877531051636,0.7502505779266357,
dish_1551237321,17.565616607666016,0.7111285924911499,0.5092873573303223,
dish_1551237348,10.291025161743164,0.5024345517158508,0.824888288974762,
dish_1551237436,20.096010208129883,0.7970385551452637,0.46697095036506653,
dish_1551237463,16.393089294433594,0.7064480781555176,0.5287946462631226,
dish_1551237498,15.488621711730957,0.6846871376037598,0.615032970905304,
dish_1551237527,19.625638961791992,0.7105218768119812,0.4630574584007263,
dish_1551237558,19.81009292602539,0.7278385162353516,0.4283694624900818,
dish_1551237607,15.645313262939453,0.6977480053901672,0.5858455300331116,
dish_1551237710,18.92149543762207,0.7283742427825928,0.4346548914909363,
dish_1551237778,21.767131805419922,0.8120116591453552,0.42102548480033875,
dish_1551237814,17.567630767822266,0.7099993228912354,0.4692910611629486,
dish_1551237854,22.143779754638672,0.7823320031166077,0.38149428367614746,
dish_1551303168,21.335357666015625,0.7972546815872192,0.40048468112945557,
dish_1551303285,18.89954948425293,0.7668874263763428,0.5367395877838135,
dish_1551303338,13.4985933303833,0.6187353730201721,0.6236386895179749,
dish_1551303437,18.17626190185547,0.7385374903678894,0.4332418441772461,
dish_1551303476,17.44260025024414,0.6841073632240295,0.44315388798713684,
dish_1551303644,18.330703735351562,0.759394645690918,0.47558438777923584,
dish_1551303866,19.589330673217773,0.7153792977333069,0.41643261909484863,
dish_1551303912,15.62563419342041,0.7108241319656372,0.4643860161304474,
dish_1551303984,18.673709869384766,0.7177890539169312,0.5277556777000427,
dish_1551304110,21.155986785888672,0.8110227584838867,0.4256221055984497,
dish_1551304155,18.245525360107422,0.7178581953048706,0.4286862015724182,
dish_1551304197,19.899137496948242,0.746360719203949,0.3946548402309418,
dish_1551304349,21.985027313232422,0.810454785823822,0.4098895788192749,
dish_1551304456,20.237272262573242,0.7733903527259827,0.42195647954940796,
dish_1551304571,22.3215274810791,0.8080428838729858,0.38234183192253113,
dish_1551304608,20.86066246032715,0.7572394609451294,0.3908664286136627,
dish_1551304741,21.1964054107666,0.7560847997665405,0.3852551579475403,
dish_1551304854,20.80838966369629,0.7911335825920105,0.43775734305381775,
dish_1551304973,19.235946655273438,0.7729642987251282,0.4281863868236542,
dish_1551305168,22.305313110351562,0.8316349983215332,0.4082421660423279,
dish_1551305209,19.293128967285156,0.7658748626708984,0.4060074985027313,
dish_1551305257,20.929502487182617,0.7712708711624146,0.38911569118499756,
dish_1551305410,21.90357208251953,0.8208882808685303,0.44312435388565063,
dish_1551306241,19.10535430908203,0.7670731544494629,0.4142364263534546,
dish_1551306290,23.832719802856445,0.8441312313079834,0.3906511664390564,
dish_1551306375,20.804899215698242,0.7717397212982178,0.3821772336959839,
dish_1551306452,10.635887145996094,0.5473108887672424,0.6993467807769775,
dish_1551306491,19.97089195251465,0.7826215624809265,0.4319472908973694,
dish_1551306860,22.964614868164062,0.8226984143257141,0.3919714093208313,
dish_1551306958,20.669849395751953,0.8048087358474731,0.40456995368003845,
dish_1551307013,16.849388122558594,0.6741750836372375,0.4783870279788971,
dish_1551307090,21.154523849487305,0.7434385418891907,0.3867541551589966,
dish_1551307170,18.117013931274414,0.7651000022888184,0.4467531442642212,
dish_1551307258,22.517179489135742,0.804167628288269,0.3976792097091675,
dish_1551307325,23.016983032226562,0.8346232175827026,0.3886381983757019,
dish_1551307361,21.0201416015625,0.7925465106964111,0.39075854420661926,
dish_1551307394,22.161508560180664,0.7780182957649231,0.3765515685081482,
dish_1551313782,17.345230102539062,0.7392135858535767,0.5373618006706238,
dish_1551313822,16.316543579101562,0.7445939779281616,0.5642349720001221,
dish_1551313872,17.825592041015625,0.7585241794586182,0.455088347196579,
dish_1551313896,17.92685317993164,0.7288638949394226,0.4393549859523773,
dish_1551313924,18.802085876464844,0.735310435295105,0.4184533357620239,
dish_1551314022,14.222112655639648,0.676249086856842,0.6526073217391968,
dish_1551314048,16.54414939880371,0.7164733409881592,0.595189094543457,
dish_1551314095,22.003021240234375,0.8308315277099609,0.4115389585494995,
dish_1551314121,18.82583999633789,0.7587501406669617,0.4665839970111847,
dish_1551314163,19.01218605041504,0.7514915466308594,0.48426395654678345,
dish_1551314254,16.41476058959961,0.7058335542678833,0.6229091882705688,
dish_1551314290,22.7675838470459,0.8313079476356506,0.39455732703208923,
dish_1551314337,18.93028450012207,0.7591179609298706,0.5354078412055969,
dish_1551314360,22.94724464416504,0.8259405493736267,0.37612852454185486,
dish_1551314390,21.050254821777344,0.8085513710975647,0.39241743087768555,
dish_1551314442,18.477157592773438,0.7583200931549072,0.45282018184661865,
dish_1551314496,13.895401000976562,0.6700196862220764,0.6802105903625488,
dish_1551314531,20.244638442993164,0.7848257422447205,0.4132017195224762,
dish_1551314560,20.849008560180664,0.7463660836219788,0.3991994261741638,
dish_1551314589,20.24449920654297,0.7365943193435669,0.4062245190143585,
dish_1551314669,22.586040496826172,0.8016098141670227,0.4110448658466339,
dish_1551314810,21.208782196044922,0.7864818572998047,0.42351797223091125,
dish_1551314855,21.198190689086914,0.7972478866577148,0.42479100823402405,
dish_1551314927,21.074127197265625,0.7832449078559875,0.39382049441337585,
dish_1551314967,21.757585525512695,0.7929894328117371,0.38148167729377747,
dish_1551316737,21.42352867126465,0.7810342311859131,0.4872758984565735,
dish_1551316788,20.705284118652344,0.790280282497406,0.4302225410938263,
dish_1551316838,11.631251335144043,0.5874128341674805,0.7057526111602783,
dish_1551316878,19.0716495513916,0.745336651802063,0.4425050914287567,
dish_1551317350,18.96441078186035,0.731718122959137,0.4157114624977112,
dish_1551317449,22.54752540588379,0.828053891658783,0.4176240861415863,
dish_1551317508,22.901958465576172,0.8307012319564819,0.4053765833377838,
dish_1551317589,18.365137100219727,0.7842341661453247,0.424791157245636,
dish_1551317628,20.177757263183594,0.7730202674865723,0.4330049157142639,
dish_1551317743,20.962800979614258,0.7840408682823181,0.37865427136421204,
dish_1551317998,20.9471492767334,0.7990385293960571,0.41910672187805176,
dish_1551318068,21.542835235595703,0.8152875304222107,0.4187978506088257,
dish_1551318183,21.136398315429688,0.7931692600250244,0.38937416672706604,
dish_1551318377,19.546463012695312,0.7362420558929443,0.40619105100631714,
dish_1551318422,20.329458236694336,0.7304607629776001,0.41133439540863037,
dish_1551318504,19.55865478515625,0.7761080861091614,0.44527727365493774,
dish_1551318543,21.595426559448242,0.8329492211341858,0.4111977815628052,
dish_1551318603,21.301877975463867,0.8057886362075806,0.4288736879825592,
dish_1551318673,21.344284057617188,0.7761866450309753,0.4172916114330292,
dish_1551318716,22.46970558166504,0.8070018887519836,0.3923611640930176,
dish_1551319895,19.053327560424805,0.7738809585571289,0.48092442750930786,
dish_1551320684,18.076629638671875,0.7167478203773499,0.4548976421356201,
dish_1551321715,21.9090576171875,0.8146872520446777,0.4173600673675537,
dish_1551321757,20.568416595458984,0.7589257955551147,0.3911978602409363,
dish_1551321793,19.793214797973633,0.7190037965774536,0.3999462425708771,
dish_1551322577,20.0888729095459,0.7921356558799744,0.4673703908920288,
dish_1551322652,22.943561553955078,0.8463394641876221,0.3990122079849243,
dish_1551322714,22.426298141479492,0.8192294836044312,0.416921466588974,
dish_1551322755,19.664745330810547,0.7577501535415649,0.44989433884620667,
dish_1551322804,23.092453002929688,0.7994549870491028,0.384967178106308,
dish_1551322890,22.73485565185547,0.8189256191253662,0.39004769921302795,
dish_1551322934,20.916841506958008,0.7817811965942383,0.40959984064102173,
dish_1551322988,22.29192543029785,0.8097549080848694,0.41846585273742676,
dish_1551323035,21.223339080810547,0.7786200046539307,0.37435147166252136,
dish_1551323073,22.102815628051758,0.7691254019737244,0.3768545389175415,
dish_1551323219,14.187942504882812,0.6635061502456665,0.6273048520088196,evaluated at step-000028000: final step-000029999.ckpt is 0 bytes at source (source-side write failure 2026-04-17); scene flagged for retraining
dish_1551323262,20.61189842224121,0.812777578830719,0.4385857582092285,
dish_1551323309,18.589176177978516,0.7494238615036011,0.4416385889053345,
dish_1551323342,20.387514114379883,0.7634643316268921,0.4190300405025482,
dish_1551323381,19.694625854492188,0.7548812031745911,0.4232976734638214,
dish_1551323433,18.662351608276367,0.7547109723091125,0.46404463052749634,
dish_1551323487,19.604389190673828,0.7719712853431702,0.4659980237483978,
dish_1551323574,22.350997924804688,0.8209383487701416,0.41040679812431335,
dish_1551323662,20.638757705688477,0.752970278263092,0.41608744859695435,
dish_1551323794,20.569175720214844,0.7893715500831604,0.4692678451538086,
dish_1551323866,22.292633056640625,0.8262854814529419,0.42601269483566284,
dish_1551323937,16.77273178100586,0.7153668999671936,0.4693254232406616,
dish_1551323969,18.92992401123047,0.7437069416046143,0.43942856788635254,
dish_1551324010,19.27560043334961,0.7468211650848389,0.440512478351593,
dish_1551324079,21.073341369628906,0.8031806349754333,0.3967619240283966,
dish_1551324180,21.12761116027832,0.8141195774078369,0.42218005657196045,
dish_1551324246,20.469717025756836,0.7950928807258606,0.39588722586631775,
dish_1551324284,19.423160552978516,0.7507545351982117,0.4390617907047272,
dish_1551324331,19.949283599853516,0.7679096460342407,0.42787885665893555,
dish_1551373181,16.481603622436523,0.6561927795410156,0.5797287225723267,
dish_1551373253,21.200632095336914,0.7677911520004272,0.45253583788871765,
dish_1551373647,21.06614112854004,0.8139915466308594,0.40500128269195557,
dish_1551373738,21.33169174194336,0.762711226940155,0.39627984166145325,
dish_1551373813,23.354103088378906,0.7846625447273254,0.3587028682231903,
dish_1551374021,17.621641159057617,0.71363365650177,0.5068574547767639,
dish_1551374155,19.450153350830078,0.7841872572898865,0.44997990131378174,
dish_1551374189,21.10209846496582,0.7875353693962097,0.4328041076660156,
dish_1551374222,18.1514892578125,0.6724848747253418,0.48147815465927124,
dish_1551374332,20.070497512817383,0.7401690483093262,0.3789592981338501,
dish_1551374440,15.89134407043457,0.7313761711120605,0.5772523880004883,
dish_1551374463,20.043888092041016,0.7501250505447388,0.42177191376686096,
dish_1551374502,15.871404647827148,0.7014461755752563,0.626117467880249,
dish_1551374527,23.180160522460938,0.8211703300476074,0.35732653737068176,
dish_1551374560,18.824016571044922,0.7329081296920776,0.4339846670627594,
dish_1551374604,21.51476287841797,0.8186185956001282,0.41378074884414673,
dish_1551374665,15.91848087310791,0.7260860204696655,0.622806191444397,
dish_1551374712,22.337932586669922,0.8223513960838318,0.41065889596939087,
dish_1551374746,20.732952117919922,0.8022172451019287,0.41274094581604004,
dish_1551374783,23.454639434814453,0.8205748796463013,0.3882088363170624,
dish_1551374831,19.91573143005371,0.7934133410453796,0.4026596248149872,
dish_1551374895,18.248016357421875,0.7339860796928406,0.4065161347389221,
dish_1551374946,16.261144638061523,0.6814894080162048,0.6057844758033752,
dish_1551374982,19.432662963867188,0.6979219317436218,0.42293915152549744,
dish_1551375027,20.330869674682617,0.7111188173294067,0.39626577496528625,
dish_1551375086,21.597518920898438,0.8030406832695007,0.4081292152404785,
dish_1551375142,16.87360954284668,0.7106730937957764,0.4853253662586212,
dish_1551375189,13.112167358398438,0.6179249286651611,0.6593610644340515,
dish_1551375218,16.5190372467041,0.678176760673523,0.42768725752830505,
dish_1551375252,19.575300216674805,0.7113848328590393,0.3860114812850952,
dish_1551375297,19.460472106933594,0.7812758088111877,0.41124746203422546,
dish_1551375366,22.896650314331055,0.8311894536018372,0.38842320442199707,
dish_1551375411,19.784629821777344,0.7875151038169861,0.4669787287712097,
dish_1551375443,19.847959518432617,0.7629511952400208,0.39702367782592773,
dish_1551375480,16.345373153686523,0.6743520498275757,0.5021410584449768,
dish_1551375596,20.31450843811035,0.7958647608757019,0.44983404874801636,
dish_1551375650,21.225000381469727,0.7835888862609863,0.43626317381858826,
dish_1551375715,16.638458251953125,0.7081300020217896,0.5544356107711792,
dish_1551375747,20.655576705932617,0.7849925756454468,0.3955504596233368,
dish_1551375783,19.411579132080078,0.7464243769645691,0.46140146255493164,
dish_1551375848,18.752111434936523,0.7536662817001343,0.4455856680870056,
dish_1551375933,21.16084861755371,0.7782509922981262,0.48827290534973145,
dish_1551375981,18.566143035888672,0.7434438467025757,0.4406501352787018,
dish_1551376575,21.101537704467773,0.7385545372962952,0.38612985610961914,
dish_1551376623,19.4017391204834,0.6875314712524414,0.4198274612426758,
dish_1551376692,22.45172691345215,0.8238831758499146,0.3904012441635132,
dish_1551376892,20.694881439208984,0.8082824945449829,0.4307525157928467,
dish_1551376933,18.023752212524414,0.7292295098304749,0.4204033613204956,
dish_1551376970,19.02925682067871,0.7188621163368225,0.4191799759864807,
dish_1551377052,22.391380310058594,0.8390786647796631,0.38455700874328613,
dish_1551377094,23.149333953857422,0.8256550431251526,0.40903669595718384,
dish_1551377135,17.78727912902832,0.7429029941558838,0.4702261686325073,
dish_1551377177,21.528759002685547,0.7826057076454163,0.38693639636039734,
dish_1551377209,19.621870040893555,0.7663957476615906,0.3924899101257324,
dish_1551377316,22.799785614013672,0.8268292546272278,0.3967464566230774,
dish_1551377388,23.44826316833496,0.8328906297683716,0.4071505069732666,
dish_1551377438,20.65717315673828,0.7983957529067993,0.4348497688770294,
dish_1551377473,22.61500358581543,0.7878254055976868,0.3910907804965973,
dish_1551377521,22.612186431884766,0.780669093132019,0.3728799819946289,
dish_1551377674,18.74812889099121,0.754189133644104,0.4288930594921112,
dish_1551377737,19.76007080078125,0.7744883298873901,0.43694180250167847,
dish_1551377782,19.938386917114258,0.7781211733818054,0.4326442778110504,
dish_1551377828,16.328805923461914,0.6449461579322815,0.4958820641040802,
dish_1551377874,20.407508850097656,0.7369946241378784,0.38723719120025635,
dish_1551378018,21.333454132080078,0.7971404194831848,0.40149953961372375,
dish_1551378054,20.680543899536133,0.7723672389984131,0.3950147032737732,
dish_1551378151,20.99573516845703,0.7588436603546143,0.39132192730903625,
dish_1551378179,22.02242088317871,0.7723457217216492,0.3620588779449463,
dish_1551378291,19.60317039489746,0.7478095293045044,0.40100544691085815,
dish_1551378344,23.017364501953125,0.8243663311004639,0.4115803837776184,
dish_1551378397,19.767253875732422,0.7770237922668457,0.4142211079597473,
dish_1551378449,16.04983139038086,0.6815093755722046,0.45176082849502563,
dish_1551378490,19.000316619873047,0.6977596879005432,0.4259091913700104,
dish_1551378584,20.55182647705078,0.7859626412391663,0.40720948576927185,
dish_1551378635,21.21916389465332,0.8240364789962769,0.4078643321990967,
dish_1551378684,19.640104293823242,0.788550615310669,0.410955011844635,
dish_1551378719,19.648921966552734,0.7342714667320251,0.4097653329372406,
dish_1551378762,20.32634162902832,0.7426544427871704,0.40706709027290344,
dish_1551378829,20.155616760253906,0.7403281927108765,0.40063291788101196,
dish_1551378898,22.867782592773438,0.8280354142189026,0.3984082043170929,
dish_1551378955,22.335824966430664,0.80434250831604,0.4109209179878235,
dish_1551378996,20.612722396850586,0.7495007514953613,0.3956510126590729,
dish_1551379045,20.185274124145508,0.74212646484375,0.4212570786476135,
dish_1551379162,13.945791244506836,0.6620634198188782,0.5357834100723267,
dish_1551379252,19.223594665527344,0.7391656041145325,0.41502678394317627,
dish_1551379331,21.881189346313477,0.8116500377655029,0.4102378487586975,
dish_1551379379,20.262922286987305,0.7210606932640076,0.3751499056816101,
dish_1551379408,18.196882247924805,0.6690831780433655,0.42469504475593567,
dish_1551379478,22.36884117126465,0.8204357624053955,0.413950651884079,
dish_1551379524,17.368005752563477,0.7294000387191772,0.5718050599098206,
dish_1551379566,20.057912826538086,0.7468287348747253,0.44591405987739563,
dish_1551379605,20.407806396484375,0.7662321329116821,0.4174077808856964,
dish_1551379654,18.886905670166016,0.7437907457351685,0.4413943588733673,
dish_1551379741,20.490705490112305,0.8119434118270874,0.41606616973876953,
dish_1551379788,13.603870391845703,0.6487817764282227,0.6511743068695068,
dish_1551379852,19.501964569091797,0.7688013315200806,0.45462533831596375,
dish_1551379881,21.763914108276367,0.758952260017395,0.40179798007011414,
dish_1551379922,23.80162811279297,0.7929112911224365,0.36215880513191223,
dish_1551380856,22.42671012878418,0.8139756917953491,0.4274090826511383,
dish_1551380950,22.8767032623291,0.812402069568634,0.38320374488830566,
dish_1551381050,21.502012252807617,0.7882586717605591,0.40958160161972046,
dish_1551381103,21.15805435180664,0.7680578231811523,0.4404274821281433,
dish_1551381173,23.159711837768555,0.822797417640686,0.4305962026119232,
dish_1551381208,21.31609344482422,0.8100433945655823,0.4298267960548401,
dish_1551381249,18.873611450195312,0.7611702680587769,0.5211607813835144,
dish_1551381285,22.412710189819336,0.8107550144195557,0.4263426661491394,
dish_1551381321,23.31135368347168,0.8302233219146729,0.39282912015914917,
dish_1551381365,25.36282730102539,0.8508009910583496,0.4080621302127838,
dish_1551381404,12.983725547790527,0.6201779842376709,0.6413120627403259,
dish_1551381450,21.14916229248047,0.7832556366920471,0.4030173420906067,
dish_1551381496,18.71565818786621,0.7403231859207153,0.44277840852737427,
dish_1551381555,20.867637634277344,0.7650015950202942,0.3723902404308319,
dish_1551381661,22.847469329833984,0.8239239454269409,0.4252578020095825,
dish_1551381730,22.605228424072266,0.8142231702804565,0.408767968416214,
dish_1551381829,21.526241302490234,0.8074357509613037,0.4169957935810089,
dish_1551381877,20.903993606567383,0.7521209120750427,0.4853942096233368,
dish_1551381921,19.001502990722656,0.7417542934417725,0.42667505145072937,
dish_1551381990,16.413410186767578,0.6915066242218018,0.5069301128387451,
dish_1551382060,21.768648147583008,0.8158974051475525,0.4240826368331909,
dish_1551382115,20.32969093322754,0.8032017350196838,0.4668979048728943,
dish_1551382149,18.55170440673828,0.7139741778373718,0.43843522667884827,
dish_1551382179,18.185420989990234,0.7011481523513794,0.42604100704193115,
dish_1551382255,18.822010040283203,0.7248420715332031,0.42104291915893555,
dish_1551384024,18.93980598449707,0.761480987071991,0.4202253520488739,
dish_1551384080,22.527175903320312,0.8252284526824951,0.4029071033000946,
dish_1551384115,20.100831985473633,0.7174174189567566,0.38136035203933716,
dish_1551384167,19.12236785888672,0.7196289300918579,0.3917030990123749,
dish_1551388984,21.375944137573242,0.7995461225509644,0.39853644371032715,
dish_1551389118,22.531408309936523,0.8406758904457092,0.4038805663585663,
dish_1551389176,22.33477783203125,0.8220332860946655,0.3887616693973541,
dish_1551389218,21.87884521484375,0.7590852379798889,0.362440288066864,
dish_1551389268,21.02782440185547,0.7805918455123901,0.3832927346229553,
dish_1551389387,21.638168334960938,0.8133894205093384,0.4380972683429718,
dish_1551389458,23.934341430664062,0.8463273048400879,0.38784128427505493,
dish_1551389506,23.19974136352539,0.8333331346511841,0.3923163115978241,
dish_1551389551,22.182125091552734,0.787278413772583,0.38630056381225586,
dish_1551389588,23.198394775390625,0.7974950075149536,0.37697863578796387,
dish_1551389684,16.735742568969727,0.6913357377052307,0.5337724685668945,
dish_1551389749,20.76709747314453,0.7694690227508545,0.4875202476978302,
dish_1551390006,22.356050491333008,0.8120654821395874,0.4126080274581909,
dish_1551390051,17.52951431274414,0.6968870162963867,0.5000694990158081,
dish_1551390215,14.19083309173584,0.6810510158538818,0.5933383107185364,
dish_1551390265,21.75424575805664,0.8397830724716187,0.39703792333602905,
dish_1551390304,16.785402297973633,0.7183854579925537,0.5518648624420166,
dish_1551390341,18.41560935974121,0.7223911285400391,0.4316287040710449,
dish_1551390382,18.50881576538086,0.7104911804199219,0.41650861501693726,
dish_1551390429,20.675500869750977,0.7798593044281006,0.42772313952445984,
dish_1551390474,21.461395263671875,0.8303843140602112,0.4062509536743164,
dish_1551390528,15.766377449035645,0.7169018983840942,0.6122056841850281,
dish_1551390560,18.951200485229492,0.7568210959434509,0.46177566051483154,
dish_1551390594,20.670560836791992,0.7618184089660645,0.4046545624732971,
dish_1551390651,23.12346649169922,0.8435556888580322,0.38851800560951233,
dish_1551390758,22.245256423950195,0.8242493867874146,0.4478982388973236,
dish_1551390802,22.182071685791016,0.8241792917251587,0.388711541891098,
dish_1551390837,21.700414657592773,0.786723256111145,0.3985961675643921,
dish_1551390872,24.136533737182617,0.8210551142692566,0.38841819763183594,
dish_1551390930,20.696598052978516,0.8053622245788574,0.4268490672111511,
dish_1551390979,21.426355361938477,0.8052108883857727,0.39652231335639954,
dish_1551391034,21.659564971923828,0.8263744115829468,0.4018744230270386,
dish_1551391083,20.784896850585938,0.7710645794868469,0.39106208086013794,
dish_1551391122,21.67245101928711,0.801910936832428,0.36831265687942505,
dish_1551391197,21.871959686279297,0.8203294277191162,0.4214414954185486,
dish_1551391257,22.99432945251465,0.8297640681266785,0.36450356245040894,
dish_1551391302,22.79612922668457,0.8375097513198853,0.39664357900619507,
dish_1551391337,22.15991973876953,0.8001945614814758,0.3775988519191742,
dish_1551391379,21.257091522216797,0.7941998839378357,0.39129969477653503,
dish_1551391438,23.123144149780273,0.8399004340171814,0.4028307795524597,
dish_1551391477,20.272499084472656,0.7569372653961182,0.4144561290740967,
dish_1551391505,20.55910873413086,0.7878427505493164,0.39424270391464233,
dish_1551391543,18.601829528808594,0.7005237936973572,0.41984763741493225,
dish_1551391586,17.170875549316406,0.6705620884895325,0.42092689871788025,
dish_1551391672,17.591833114624023,0.7410653829574585,0.5561841130256653,
dish_1551391710,19.554433822631836,0.7709405422210693,0.43092891573905945,
dish_1551391733,17.53785514831543,0.7646728754043579,0.5476311445236206,
dish_1551391758,20.708587646484375,0.7729730606079102,0.4014301002025604,
dish_1551391795,19.4472713470459,0.7538468837738037,0.4153446555137634,
dish_1551392271,20.04800796508789,0.7855479717254639,0.47453996539115906,
dish_1551392316,20.24827003479004,0.7543767094612122,0.3948214054107666,
dish_1551392347,21.048627853393555,0.8048279881477356,0.4005481004714966,
dish_1551392376,20.428272247314453,0.743852436542511,0.39612120389938354,
dish_1551392424,18.628908157348633,0.7217432260513306,0.4151947498321533,
dish_1551392519,22.587491989135742,0.8124479055404663,0.39745938777923584,
dish_1551392557,22.240190505981445,0.8268340826034546,0.3807467520236969,
dish_1551392590,19.783130645751953,0.7837182283401489,0.4391082227230072,
dish_1551392654,20.201353073120117,0.7591695785522461,0.4029181897640228,
dish_1551392701,21.13251304626465,0.7723571062088013,0.3665272295475006,
dish_1551392752,20.33645248413086,0.7610472440719604,0.4269188642501831,
dish_1551392833,17.79273796081543,0.7547705173492432,0.5043543577194214,
dish_1551392884,23.112720489501953,0.8294352293014526,0.3821367025375366,
dish_1551392919,18.696842193603516,0.742014467716217,0.4330023229122162,
dish_1551392958,19.195676803588867,0.743641197681427,0.4016692042350769,
dish_1551393021,22.17344093322754,0.8268696069717407,0.4041289985179901,
dish_1551393069,22.911142349243164,0.8362299203872681,0.4022887349128723,
dish_1551393113,20.55634880065918,0.7817672491073608,0.4097704291343689,
dish_1551393161,20.930522918701172,0.7957913875579834,0.3717593252658844,
dish_1551393210,20.394298553466797,0.7463667988777161,0.38040614128112793,
dish_1551394614,23.600494384765625,0.833128035068512,0.37658312916755676,
dish_1551394781,21.237579345703125,0.8060725331306458,0.4392584562301636,
dish_1551394835,23.406356811523438,0.8493050336837769,0.4075438380241394,
dish_1551394874,20.739831924438477,0.7926747798919678,0.3903084695339203,
dish_1551394927,23.4077205657959,0.8322687149047852,0.35214391350746155,
dish_1551395022,22.555187225341797,0.8263947367668152,0.3797857463359833,
dish_1551395088,22.85700798034668,0.8223405480384827,0.3924075961112976,
dish_1551395194,19.777982711791992,0.8026853799819946,0.4604276716709137,
dish_1551395233,21.918243408203125,0.7960916757583618,0.38027223944664,
dish_1551395269,22.490541458129883,0.8187126517295837,0.3764866590499878,
dish_1551395396,21.678508758544922,0.7923657298088074,0.38835057616233826,
dish_1551395512,23.028026580810547,0.8353439569473267,0.40679675340652466,
dish_1551395580,23.535491943359375,0.8210074305534363,0.4021441340446472,
dish_1551395766,20.952133178710938,0.7665884494781494,0.4105287194252014,
dish_1551395800,21.281822204589844,0.7778708338737488,0.38635554909706116,
dish_1551395909,22.120059967041016,0.817798376083374,0.3755427896976471,
dish_1551395987,22.300025939941406,0.8129759430885315,0.4451138973236084,
dish_1551396061,21.535917282104492,0.8067641258239746,0.4011126458644867,
dish_1551396096,20.02336311340332,0.7461278438568115,0.41087812185287476,
dish_1551396309,20.793193817138672,0.7566509246826172,0.4047171175479889,
dish_1551396629,22.208362579345703,0.813188910484314,0.4101744294166565,
dish_1551396678,19.332393646240234,0.780844509601593,0.424190878868103,
dish_1551397543,21.53044891357422,0.8132754564285278,0.4332432150840759,
dish_1551397591,20.35422134399414,0.7692559957504272,0.37352144718170166,
dish_1551397629,21.548534393310547,0.7822542190551758,0.37565112113952637,
dish_1551397714,20.691162109375,0.8218884468078613,0.4451163411140442,
dish_1551397752,21.771743774414062,0.8304824829101562,0.3986065089702606,
dish_1551399031,22.57054901123047,0.8285205364227295,0.4137801229953766,
dish_1551399100,19.580774307250977,0.7820438146591187,0.4034353792667389,
dish_1551399151,20.656164169311523,0.7876351475715637,0.3943537473678589,
dish_1551399293,21.12015151977539,0.8089615702629089,0.4070095121860504,
dish_1551399340,20.78803253173828,0.7961379289627075,0.4578396677970886,
dish_1551399402,19.303342819213867,0.7774137854576111,0.42466703057289124,
dish_1551399449,21.325448989868164,0.7716059684753418,0.39629101753234863,
dish_1551399484,19.56930160522461,0.7211897373199463,0.40405911207199097,
dish_1551485983,18.363658905029297,0.7569732666015625,0.4590063989162445,
dish_1551486108,19.94997215270996,0.7931830286979675,0.4427712559700012,
dish_1551486158,21.15506362915039,0.7909353971481323,0.40089109539985657,
dish_1551486217,18.772140502929688,0.7442692518234253,0.43153712153434753,
dish_1551486277,14.621963500976562,0.6360718011856079,0.5982893705368042,
dish_1551486372,12.864595413208008,0.5666467547416687,0.6316051483154297,
dish_1551486411,21.104652404785156,0.804824709892273,0.40688005089759827,
dish_1551486571,14.963763236999512,0.666815996170044,0.6710822582244873,
dish_1551486628,17.519325256347656,0.6787105798721313,0.4584745466709137,
dish_1551486680,14.975103378295898,0.635470986366272,0.5150513052940369,
dish_1551487117,16.811100006103516,0.7358934879302979,0.5722142457962036,
dish_1551487158,10.705338478088379,0.546047031879425,0.7140065431594849,
dish_1551487288,21.554744720458984,0.8064693212509155,0.4400210976600647,
dish_1551487472,18.221569061279297,0.7337567806243896,0.4216688871383667,
dish_1551487560,19.62940788269043,0.7466632127761841,0.40966716408729553,
dish_1551487735,17.425355911254883,0.7229565382003784,0.5081173181533813,
dish_1551487779,20.559799194335938,0.796281099319458,0.42559272050857544,
dish_1551488103,21.92308235168457,0.8130446672439575,0.39653313159942627,
dish_1551488137,19.685094833374023,0.7542135715484619,0.40624019503593445,
dish_1551488197,18.173141479492188,0.7267442941665649,0.42984169721603394,
dish_1551488324,14.139920234680176,0.6463193893432617,0.6340194940567017,
dish_1551488371,19.917198181152344,0.8027423620223999,0.4391772449016571,
dish_1551488415,20.371734619140625,0.8100823163986206,0.4338412284851074,
dish_1551488448,18.286897659301758,0.7445061206817627,0.40891608595848083,
dish_1551488485,18.616151809692383,0.7331818342208862,0.43821245431900024,
dish_1551488572,19.40563201904297,0.7879027724266052,0.4508223831653595,
dish_1551488691,19.02630043029785,0.792951226234436,0.47851333022117615,
dish_1551488737,22.940916061401367,0.8342157602310181,0.4071778655052185,
dish_1551488776,19.696409225463867,0.7478643655776978,0.4121513068675995,
dish_1551488807,20.076297760009766,0.784760057926178,0.413623571395874,
dish_1551488861,22.5405330657959,0.8188069462776184,0.3889177739620209,
dish_1551489812,16.719074249267578,0.7143804430961609,0.44552040100097656,
dish_1551489885,22.86322021484375,0.8304425477981567,0.3906237781047821,
dish_1551489931,17.128223419189453,0.7158554792404175,0.44897085428237915,
dish_1551489961,19.429210662841797,0.7387436628341675,0.4033815264701843,
dish_1551490399,21.970003128051758,0.8258485794067383,0.4055960774421692,
dish_1551490433,19.504655838012695,0.7594236135482788,0.4079149067401886,
dish_1551490469,21.776084899902344,0.8116807341575623,0.40410280227661133,
dish_1551490503,19.277847290039062,0.7383548617362976,0.4092419445514679,
dish_1551490544,19.13785171508789,0.7233831882476807,0.4112204611301422,
dish_1551490670,15.730320930480957,0.6685214042663574,0.5853784680366516,
dish_1551490701,21.167354583740234,0.7850228548049927,0.42481091618537903,
dish_1551490740,22.08050537109375,0.8319697380065918,0.41122549772262573,
dish_1551490767,22.17600440979004,0.7657063603401184,0.38956111669540405,
dish_1551490819,19.999927520751953,0.751318097114563,0.40051236748695374,
dish_1551490896,15.638538360595703,0.6655551791191101,0.6103483438491821,
dish_1551490962,13.382265090942383,0.6405790448188782,0.66380774974823,
dish_1551491020,21.726947784423828,0.8160471320152283,0.42820626497268677,
dish_1551491048,17.227855682373047,0.6983875632286072,0.4046727418899536,
dish_1551491090,17.688058853149414,0.7418050169944763,0.4162357449531555,
dish_1551491179,20.30428123474121,0.7830092310905457,0.42165833711624146,
dish_1551491216,21.544706344604492,0.797003984451294,0.4228551983833313,
dish_1551491271,22.035133361816406,0.8217161297798157,0.3947015404701233,
dish_1551491297,18.48927879333496,0.7366921305656433,0.4340449273586273,
dish_1551491326,21.738853454589844,0.790164053440094,0.3959710896015167,
dish_1551491413,20.57063102722168,0.7595661878585815,0.46208512783050537,
dish_1551491452,19.89457893371582,0.7543607354164124,0.4602707624435425,
dish_1551492023,22.64752769470215,0.814071536064148,0.462648868560791,
dish_1551492056,19.540254592895508,0.729737401008606,0.43502795696258545,
dish_1551492093,19.541807174682617,0.7245346307754517,0.445138156414032,
dish_1551492252,18.878623962402344,0.7045947909355164,0.4821789562702179,
dish_1551492287,16.590930938720703,0.7122684121131897,0.6133276224136353,
dish_1551492318,22.619972229003906,0.7679199576377869,0.4655757546424866,
dish_1551492348,21.71449089050293,0.7265567779541016,0.4266664981842041,
dish_1551492369,20.93681526184082,0.7129493355751038,0.4539546072483063,
dish_1551492468,21.493663787841797,0.7655642032623291,0.4757353663444519,
dish_1551492506,19.163198471069336,0.7291839122772217,0.48069629073143005,
dish_1551492534,20.944381713867188,0.779167890548706,0.46736207604408264,
dish_1551492561,21.804750442504883,0.7428460121154785,0.4282757043838501,
dish_1551492590,19.488142013549805,0.7196442484855652,0.4551886320114136,
dish_1551492666,20.93629264831543,0.7861450910568237,0.4702516198158264,
dish_1551492702,20.582569122314453,0.754902720451355,0.4686167538166046,
dish_1551492732,20.37516975402832,0.772459864616394,0.4618704319000244,
dish_1551492762,21.564903259277344,0.7543879747390747,0.42157459259033203,
dish_1551492790,20.5556697845459,0.7383967638015747,0.43640702962875366,
dish_1551492866,19.59969139099121,0.7685973644256592,0.4689413905143738,
dish_1551492908,19.531078338623047,0.7387728095054626,0.47664883732795715,
dish_1551492935,16.15673065185547,0.7020518779754639,0.5644127130508423,
dish_1551492975,20.02968978881836,0.7250893712043762,0.4682007431983948,
dish_1551493005,19.484195709228516,0.7055893540382385,0.48497602343559265,
dish_1551493123,18.526155471801758,0.7425945401191711,0.4977135956287384,
dish_1551493159,19.54030418395996,0.7602691650390625,0.46537238359451294,
dish_1551493236,22.956130981445312,0.8222264647483826,0.41555625200271606,
dish_1551493278,20.556747436523438,0.7534348368644714,0.43806296586990356,
dish_1551493311,17.16037940979004,0.7193968296051025,0.4631747007369995,
dish_1551493680,22.412446975708008,0.8244372606277466,0.39374589920043945,
dish_1551493698,13.273022651672363,0.6237860918045044,0.6663609147071838,
dish_1551493723,21.954452514648438,0.8190854787826538,0.40308213233947754,
dish_1551493749,20.64848518371582,0.7491443753242493,0.3961181342601776,
dish_1551493773,19.197561264038086,0.7409629821777344,0.42644202709198,
dish_1551493823,19.05394744873047,0.7567964792251587,0.429121732711792,
dish_1551493854,21.990230560302734,0.7870684266090393,0.4196312427520752,
dish_1551493883,21.1712646484375,0.8016355037689209,0.41245511174201965,
dish_1551493916,18.491809844970703,0.6883714199066162,0.45409706234931946,
dish_1551493942,20.22223663330078,0.7310888767242432,0.3872731924057007,
dish_1551494035,22.903718948364258,0.8216580152511597,0.4174593687057495,
dish_1551494058,12.808338165283203,0.5998161435127258,0.6159480214118958,
dish_1551494095,19.3066349029541,0.7696653604507446,0.44986727833747864,
dish_1551494147,17.099266052246094,0.7001476883888245,0.4375012516975403,
dish_1551494178,18.8492374420166,0.7088696360588074,0.42908838391304016,
dish_1551562881,14.309937477111816,0.642281711101532,0.6318157911300659,
dish_1551563001,18.588699340820312,0.7745621204376221,0.47188469767570496,
dish_1551563119,15.55478572845459,0.6843405365943909,0.5603405833244324,
dish_1551563170,15.867210388183594,0.6702290177345276,0.48443129658699036,
dish_1551563213,17.84762954711914,0.7312137484550476,0.4097403287887573,
dish_1551563294,13.68864631652832,0.6547301411628723,0.6382290720939636,
dish_1551563337,18.25304412841797,0.7673631906509399,0.4601542353630066,
dish_1551563370,17.304155349731445,0.7267420291900635,0.5277758240699768,
dish_1551563400,21.21673583984375,0.7686081528663635,0.3783034086227417,
dish_1551563429,19.83990478515625,0.7268313765525818,0.4095345735549927,
dish_1551563511,20.29917335510254,0.790303647518158,0.4751339554786682,
dish_1551563550,21.810293197631836,0.8127228617668152,0.40311336517333984,
dish_1551563591,22.485002517700195,0.8244845271110535,0.43169379234313965,
dish_1551563627,23.168418884277344,0.8179159164428711,0.3717403709888458,
dish_1551563660,22.40077781677246,0.7990566492080688,0.3951908349990845,
dish_1551563723,22.282516479492188,0.8386985063552856,0.41661912202835083,
dish_1551563773,21.341655731201172,0.8195523619651794,0.4084775447845459,
dish_1551563824,22.685260772705078,0.8298249244689941,0.40161800384521484,
dish_1551563853,22.444673538208008,0.8069196939468384,0.3803727626800537,
dish_1551563890,21.024810791015625,0.7894384264945984,0.3822266161441803,
dish_1551563925,21.10834312438965,0.8101419806480408,0.4017117917537689,
dish_1551563964,15.560447692871094,0.6831802725791931,0.568628191947937,
dish_1551564016,18.604597091674805,0.7743560671806335,0.500609278678894,
dish_1551564053,22.355838775634766,0.7882756590843201,0.3603494465351105,
dish_1551564084,19.809370040893555,0.7488117814064026,0.4153852164745331,
dish_1551564131,21.135343551635742,0.8118743896484375,0.4304305613040924,
dish_1551564176,20.939476013183594,0.8005422353744507,0.4200665354728699,
dish_1551564221,13.783147811889648,0.6618759632110596,0.6785167455673218,
dish_1551564255,18.10100746154785,0.7504226565361023,0.45332127809524536,
dish_1551564282,17.966405868530273,0.7110975384712219,0.4783629775047302,
dish_1551564352,22.632625579833984,0.8391735553741455,0.3925585150718689,
dish_1551564381,12.957680702209473,0.5960304141044617,0.6807956695556641,
dish_1551564423,15.367244720458984,0.6875019669532776,0.6211167573928833,
dish_1551564456,19.235767364501953,0.7308920621871948,0.4116288423538208,
dish_1551564480,21.917503356933594,0.7611761689186096,0.3630567789077759,
dish_1551564543,13.206415176391602,0.6262329816818237,0.656847357749939,
dish_1551564577,22.777772903442383,0.8339722156524658,0.420867919921875,
dish_1551564637,18.57779312133789,0.7555829286575317,0.4274384379386902,
dish_1551564857,20.27841567993164,0.7572098970413208,0.39056679606437683,
dish_1551564907,19.998655319213867,0.7238940000534058,0.40813347697257996,
dish_1551564947,23.467144012451172,0.831442654132843,0.4364236295223236,
dish_1551564992,21.54421615600586,0.8099948763847351,0.41121748089790344,
dish_1551565034,21.918752670288086,0.8125500082969666,0.38266491889953613,
dish_1551565068,22.582992553710938,0.8034891486167908,0.3766317665576935,
dish_1551565096,21.385112762451172,0.7797186970710754,0.38512372970581055,
dish_1551565168,21.24455451965332,0.8047357797622681,0.4155551493167877,
dish_1551565204,13.181734085083008,0.6232187747955322,0.6537384986877441,
dish_1551565237,18.04064178466797,0.7541279792785645,0.5546116828918457,
dish_1551565289,17.118288040161133,0.7057194113731384,0.45117560029029846,
dish_1551565321,19.595867156982422,0.7405645251274109,0.39835789799690247,
dish_1551565379,21.588237762451172,0.8141242265701294,0.4012157917022705,
dish_1551565425,20.724340438842773,0.7824868559837341,0.39896515011787415,
dish_1551565464,21.28682518005371,0.8280917406082153,0.40383318066596985,
dish_1551565495,19.0311336517334,0.7464103102684021,0.40592634677886963,
dish_1551565529,19.86568260192871,0.7401966452598572,0.3932971656322479,
dish_1551565570,20.367515563964844,0.7980217933654785,0.43419116735458374,
dish_1551565613,14.259980201721191,0.6641821265220642,0.6765973567962646,
dish_1551565653,22.86634063720703,0.8237709403038025,0.41295498609542847,
dish_1551565720,21.728879928588867,0.7828277349472046,0.3894137740135193,
dish_1551565752,21.471593856811523,0.7814623117446899,0.387355774641037,
dish_1551565797,17.885963439941406,0.7621126770973206,0.4360492527484894,
dish_1551565845,14.210773468017578,0.68439781665802,0.663934588432312,
dish_1551565884,15.244153022766113,0.7084329128265381,0.5839369297027588,
dish_1551565909,15.409728050231934,0.6401857137680054,0.5705886483192444,
dish_1551565945,20.0334529876709,0.756730854511261,0.404267281293869,
dish_1551565996,20.35455322265625,0.800959587097168,0.43862384557724,
dish_1551566047,17.681636810302734,0.7466136813163757,0.572077214717865,
dish_1551566083,16.035781860351562,0.7112659811973572,0.6344473958015442,
dish_1551566130,19.118711471557617,0.7632737755775452,0.4420334994792938,
dish_1551566159,21.78070068359375,0.7957600951194763,0.388218492269516,
dish_1551566208,16.73252296447754,0.7255692481994629,0.5442653298377991,
dish_1551566236,18.82369613647461,0.7897430062294006,0.46015048027038574,
dish_1551566277,20.69675064086914,0.8213056921958923,0.4708085358142853,
dish_1551566316,20.143478393554688,0.7889105081558228,0.42378246784210205,
dish_1551566356,19.49772834777832,0.764528751373291,0.4338916838169098,
dish_1551566421,23.74323844909668,0.8473771810531616,0.40909457206726074,
dish_1551566464,17.2174129486084,0.7562495470046997,0.5546615123748779,
dish_1551566499,20.744949340820312,0.8033826351165771,0.43533948063850403,
dish_1551566524,21.916275024414062,0.8249199390411377,0.41044992208480835,
dish_1551566547,21.347902297973633,0.8110377788543701,0.41216224431991577,
dish_1551566592,21.80072021484375,0.8205873966217041,0.41659536957740784,
dish_1551566642,19.580204010009766,0.7842597365379333,0.4686446487903595,
dish_1551566687,17.510072708129883,0.757983386516571,0.529326319694519,
dish_1551566753,21.9178409576416,0.8067141771316528,0.36557143926620483,
dish_1551566781,22.938295364379883,0.7940533757209778,0.3796035647392273,
dish_1551566851,21.746261596679688,0.8168046474456787,0.38527482748031616,
dish_1551566887,14.637507438659668,0.6746460795402527,0.6023668646812439,
dish_1551566922,22.962549209594727,0.8444207310676575,0.4098852574825287,
dish_1551566974,20.727188110351562,0.7623974084854126,0.38422465324401855,
dish_1551567004,20.77640151977539,0.7660557627677917,0.3663574159145355,
dish_1551567084,15.209390640258789,0.7131057381629944,0.6302145719528198,
dish_1551567106,20.027793884277344,0.8029083013534546,0.42145994305610657,
dish_1551567141,15.96219253540039,0.7124794721603394,0.5533758997917175,
dish_1551567170,18.816316604614258,0.7314952611923218,0.4311119616031647,
dish_1551567230,21.904163360595703,0.7854282855987549,0.37444010376930237,
dish_1551567293,22.124813079833984,0.8320961594581604,0.4119703769683838,
dish_1551567329,19.12936019897461,0.7690993547439575,0.4536760747432709,
dish_1551567368,19.294275283813477,0.7745251655578613,0.40768420696258545,
dish_1551567396,20.339202880859375,0.7646815180778503,0.3739781975746155,
dish_1551567426,21.110929489135742,0.7468585968017578,0.41380226612091064,
dish_1551567471,22.027984619140625,0.8237642645835876,0.3979477286338806,
dish_1551567508,19.40411376953125,0.7596884965896606,0.4387804865837097,
dish_1551567541,20.04305076599121,0.8042545318603516,0.44188421964645386,
dish_1551567573,19.316362380981445,0.7448503375053406,0.43054547905921936,
dish_1551567604,20.628028869628906,0.7627306580543518,0.4029432535171509,
dish_1551567650,19.915809631347656,0.7829375863075256,0.41790586709976196,
dish_1551567694,23.796140670776367,0.8668171167373657,0.3836196959018707,
dish_1551567731,19.996807098388672,0.785898745059967,0.4191819727420807,
dish_1551567775,18.447147369384766,0.7501187920570374,0.41972389817237854,
dish_1551567805,18.11476707458496,0.7267017364501953,0.41483551263809204,
dish_1551567848,16.51097869873047,0.7144083380699158,0.488413006067276,
dish_1551567896,20.02872085571289,0.7471580505371094,0.41979512572288513,
dish_1551567937,21.368682861328125,0.813351571559906,0.43728092312812805,
dish_1551567964,20.39673614501953,0.7269206643104553,0.3824051320552826,
dish_1551567992,19.260709762573242,0.6908673644065857,0.3982647955417633,
dish_1551568059,16.24770736694336,0.7270327806472778,0.5900275707244873,
dish_1551568156,20.28374671936035,0.8149282932281494,0.43167153000831604,
dish_1551568200,19.920604705810547,0.7828696966171265,0.4154112637042999,
dish_1551568240,19.458742141723633,0.7481302618980408,0.4280785322189331,
dish_1551568285,17.998268127441406,0.6988455057144165,0.4724787473678589,
dish_1556573514,21.407167434692383,0.7535699009895325,0.4654436707496643,
dish_1556575014,13.172675132751465,0.6020303964614868,0.6599282026290894,
dish_1556575083,19.52694320678711,0.7534822821617126,0.5029726028442383,
dish_1556575124,16.209373474121094,0.6784269213676453,0.5901030898094177,
dish_1556575273,19.276655197143555,0.6846987009048462,0.4685622453689575,
dish_1556575327,19.178422927856445,0.6833294034004211,0.46938395500183105,
dish_1556575386,18.46831703186035,0.5890407562255859,0.42782115936279297,
dish_1556575446,19.948253631591797,0.722795844078064,0.423679918050766,
dish_1556575499,20.651498794555664,0.7132037281990051,0.4538630247116089,
dish_1556575558,20.00525665283203,0.6188377141952515,0.4151720702648163,
dish_1556575700,14.888349533081055,0.6805576086044312,0.6655207872390747,
dish_1557853154,21.201807022094727,0.7548659443855286,0.46320515871047974,
dish_1557853229,20.751068115234375,0.7650942206382751,0.46110862493515015,
dish_1557853314,21.32335090637207,0.7547788619995117,0.4510107636451721,
dish_1557853429,20.54608917236328,0.7217709422111511,0.4367089867591858,
dish_1557861216,14.478729248046875,0.6244872808456421,0.612679660320282,
dish_1557861605,19.309776306152344,0.7661886811256409,0.4753435254096985,
dish_1557861697,16.215293884277344,0.6957603693008423,0.5447710752487183,
dish_1557861795,16.886560440063477,0.6886180639266968,0.5324445962905884,
dish_1557861837,20.81332015991211,0.7429635524749756,0.4403427839279175,
dish_1557862345,21.09454917907715,0.7827907204627991,0.45580950379371643,
dish_1557862696,17.861806869506836,0.706331729888916,0.5348929166793823,
dish_1557862738,18.92102813720703,0.7548431158065796,0.4843079745769501,
dish_1557862783,19.04511070251465,0.7202278971672058,0.46114957332611084,
dish_1557862829,17.295204162597656,0.717668890953064,0.47257199883461,
dish_1557863012,20.97974395751953,0.7803416848182678,0.45876622200012207,
dish_1557863056,20.236526489257812,0.7740369439125061,0.4542236328125,
dish_1557863104,18.041290283203125,0.7361373901367188,0.48979121446609497,
dish_1557863170,18.10568618774414,0.6843132376670837,0.46874094009399414,
dish_1557936555,21.225616455078125,0.779351532459259,0.4829309284687042,
dish_1557936599,20.011878967285156,0.741510272026062,0.4872741997241974,
dish_1557936645,17.089214324951172,0.6943139433860779,0.5814231634140015,
dish_1557937037,18.98341178894043,0.7458322048187256,0.4061606824398041,
dish_1557937079,12.929895401000977,0.5545971989631653,0.6984847784042358,
dish_1557937157,19.148090362548828,0.6719799637794495,0.49275335669517517,
dish_1557937335,15.55640697479248,0.6521733403205872,0.5861557126045227,
dish_1557937427,18.874319076538086,0.724970817565918,0.4900052547454834,
dish_1557937574,20.66911506652832,0.748472273349762,0.4689047038555145,
dish_1557937615,19.490205764770508,0.77231764793396,0.5369828343391418,
dish_1557937715,17.30805015563965,0.7017919421195984,0.5809284448623657,
dish_1557937758,17.50706672668457,0.6940845847129822,0.5330734848976135,
dish_1558027057,12.280387878417969,0.49654635787010193,0.767185389995575,
dish_1558027243,15.46644115447998,0.5068612694740295,0.6300539970397949,
dish_1558028007,16.84778594970703,0.7034556865692139,0.5683136582374573,
dish_1558028194,12.525525093078613,0.43932807445526123,0.7734344005584717,
dish_1558029230,18.146621704101562,0.7325068116188049,0.5151649713516235,
dish_1558029324,15.436424255371094,0.5600994825363159,0.6202480792999268,
dish_1558029686,14.317527770996094,0.6076198816299438,0.6555759906768799,
dish_1558029923,13.76807975769043,0.5061485767364502,0.7105209827423096,
dish_1558030182,17.290761947631836,0.660910964012146,0.5732249021530151,
dish_1558030289,14.465814590454102,0.6663789749145508,0.618797242641449,
dish_1558030383,13.915775299072266,0.5676842927932739,0.6956175565719604,
dish_1558030435,15.910646438598633,0.5754790306091309,0.5721034407615662,
dish_1558030724,15.155341148376465,0.6486266255378723,0.6119607090950012,
dish_1558030832,14.10165786743164,0.5853923559188843,0.6745842695236206,
dish_1558030910,12.941004753112793,0.5699944496154785,0.7528558969497681,
dish_1558031019,14.603936195373535,0.5166363716125488,0.6302071809768677,
dish_1558031133,14.693172454833984,0.5411704778671265,0.7115072011947632,
dish_1558031302,17.460451126098633,0.6369730830192566,0.6193920373916626,
dish_1558031351,15.176078796386719,0.6100002527236938,0.6422645449638367,
dish_1558031394,15.71327018737793,0.5477147698402405,0.6274274587631226,
dish_1558031526,12.822343826293945,0.5257247686386108,0.7333040833473206,
dish_1558031566,14.923664093017578,0.5798789858818054,0.6538259983062744,
dish_1558032156,13.124273300170898,0.5728498101234436,0.724189281463623,
dish_1558114086,13.034128189086914,0.5130599737167358,0.747874915599823,
dish_1558114209,17.079662322998047,0.6919423341751099,0.5875667333602905,
dish_1558114484,14.286665916442871,0.5438934564590454,0.6734250783920288,
dish_1558114523,17.54793930053711,0.603233814239502,0.5434642434120178,
dish_1558114609,13.201031684875488,0.4616657495498657,0.673453152179718,
dish_1558114875,20.11406707763672,0.639766275882721,0.42751702666282654,
dish_1558115011,20.295995712280273,0.7546101808547974,0.45661041140556335,
dish_1558115169,16.234222412109375,0.6408541798591614,0.6080939769744873,
dish_1558115241,12.744229316711426,0.4245814085006714,0.6999882459640503,
dish_1558115282,15.484170913696289,0.6047001481056213,0.6342312693595886,
dish_1558115320,17.223934173583984,0.6372507810592651,0.5705668330192566,
dish_1558115512,15.444825172424316,0.5816519856452942,0.6662179231643677,
dish_1558115601,17.128307342529297,0.6426469087600708,0.6277411580085754,
dish_1558115641,18.03541374206543,0.5107657313346863,0.5483657121658325,
dish_1558115764,18.869855880737305,0.69609534740448,0.5147081017494202,
dish_1558115960,16.357515335083008,0.629243016242981,0.6062519550323486,
dish_1558116001,20.28830337524414,0.5652444362640381,0.5838745832443237,
dish_1558116146,13.300688743591309,0.580725908279419,0.7043318748474121,
dish_1558116260,19.410377502441406,0.6088237166404724,0.45129162073135376,
dish_1558116399,20.164470672607422,0.6940096020698547,0.4828050434589386,
dish_1558116436,16.695858001708984,0.5758042335510254,0.5649104118347168,
dish_1558122740,16.248340606689453,0.5355560183525085,0.6832263469696045,
dish_1558373639,11.15234375,0.3795253336429596,0.7851389050483704,
dish_1558373687,13.868547439575195,0.45714855194091797,0.6350186467170715,
dish_1558375583,14.50721549987793,0.49126407504081726,0.7619160413742065,
dish_1558376734,17.966075897216797,0.6648473143577576,0.5439488291740417,
dish_1558377105,13.56887149810791,0.4894826114177704,0.6385286450386047,
dish_1558378553,12.918060302734375,0.5441759824752808,0.6828795671463013,
dish_1558379273,14.58189582824707,0.5337544083595276,0.5772643089294434,
dish_1558379391,13.071634292602539,0.35296446084976196,0.7714515924453735,
dish_1558379588,15.235719680786133,0.6181545853614807,0.6529495716094971,
dish_1558379712,11.22075080871582,0.5075939297676086,0.7473577857017517,
dish_1558379876,15.150994300842285,0.4103875756263733,0.6722080707550049,
dish_1558380014,9.278024673461914,0.42883825302124023,0.7929611206054688,
dish_1558380181,12.443368911743164,0.4673148989677429,0.8513909578323364,
dish_1558381665,13.117081642150879,0.5725244879722595,0.7143890261650085,
dish_1558381708,11.065184593200684,0.4529843032360077,0.7402160167694092,
dish_1558381860,13.395401954650879,0.6003252267837524,0.643771231174469,
dish_1558459994,17.77804183959961,0.6827991008758545,0.5358418226242065,
dish_1558460061,11.945555686950684,0.5511754155158997,0.7542464137077332,
dish_1558460138,15.500093460083008,0.6557521820068359,0.5595786571502686,
dish_1558460205,16.001548767089844,0.6381869912147522,0.6220865845680237,
dish_1558461431,17.532636642456055,0.687559962272644,0.5281169414520264,
dish_1558461692,16.530601501464844,0.6538400053977966,0.624639093875885,
dish_1558461760,15.5885591506958,0.6438922882080078,0.5624362230300903,
dish_1558461792,13.732637405395508,0.4917347729206085,0.7209986448287964,
dish_1558462106,16.751747131347656,0.6646278500556946,0.5915194749832153,
dish_1558463113,18.100482940673828,0.578926682472229,0.5642313957214355,
dish_1558463690,20.08299446105957,0.6322111487388611,0.5460251569747925,
dish_1558468401,13.089162826538086,0.5325540900230408,0.6796214580535889,
dish_1558468435,15.41861629486084,0.6063868999481201,0.6429874300956726,
dish_1558468547,16.199731826782227,0.7047485113143921,0.5859148502349854,
dish_1558468632,18.406084060668945,0.7202911376953125,0.5512948036193848,
dish_1558544427,15.609719276428223,0.5730188488960266,0.6378185153007507,
dish_1558546434,15.952323913574219,0.5498939156532288,0.5635355114936829,
dish_1558546558,16.62887191772461,0.6717478632926941,0.633804440498352,
dish_1558546918,18.75732421875,0.6652719974517822,0.48644131422042847,
dish_1558547008,13.474333763122559,0.591778039932251,0.6971859931945801,
dish_1558547124,14.814130783081055,0.6498716473579407,0.641167163848877,
dish_1558549086,14.421789169311523,0.5865395069122314,0.6935354471206665,
dish_1558549214,18.494380950927734,0.5443992614746094,0.4613759517669678,
dish_1558550181,16.54257583618164,0.663652241230011,0.5799790620803833,
dish_1558550218,17.41880989074707,0.6325511932373047,0.6061862707138062,
dish_1559585533,14.441524505615234,0.5764684677124023,0.6717203855514526,
dish_1559589873,14.976634979248047,0.7208904027938843,0.569103479385376,
dish_1559589902,12.282999038696289,0.5809119939804077,0.6849474310874939,
dish_1559589942,17.05426788330078,0.5777425169944763,0.5820115208625793,
dish_1559590005,10.29463005065918,0.36929988861083984,0.7267597913742065,
dish_1559590031,10.579217910766602,0.30567535758018494,0.7476087808609009,
dish_1559590099,16.15770149230957,0.7010993957519531,0.5429422855377197,
dish_1559590130,12.885194778442383,0.5307753086090088,0.7227367758750916,
dish_1559590157,13.10744857788086,0.5462679266929626,0.8131170272827148,
dish_1559590202,14.486692428588867,0.5383108854293823,0.711773693561554,
dish_1559593646,11.448246002197266,0.45126986503601074,0.7325778007507324,
dish_1559593722,13.022522926330566,0.4886796176433563,0.6262556314468384,
dish_1559593746,10.093385696411133,0.37733227014541626,0.8117259740829468,
dish_1559593794,12.673028945922852,0.3636837601661682,0.6802890300750732,
dish_1559667948,15.143281936645508,0.6674013733863831,0.6871232390403748,
dish_1559667973,12.19560432434082,0.46394112706184387,0.7674543857574463,
dish_1559667994,11.369444847106934,0.40101438760757446,0.7974401712417603,
dish_1559668016,13.953948974609375,0.5202828049659729,0.7306251525878906,
dish_1559668272,14.516912460327148,0.5509666800498962,0.6161088347434998,
dish_1559668314,11.174524307250977,0.3831269145011902,0.7150252461433411,
dish_1559674074,12.795151710510254,0.506179690361023,0.7577428221702576,
dish_1559674866,12.453495025634766,0.4335300028324127,0.7602485418319702,
dish_1559675101,13.58438777923584,0.6649984121322632,0.6253609657287598,
dish_1559675146,11.220844268798828,0.42101436853408813,0.7987935543060303,
dish_1559675178,10.678342819213867,0.42199331521987915,0.8420398235321045,
dish_1559675234,10.203348159790039,0.36143699288368225,0.8806287050247192,
dish_1559675268,12.709928512573242,0.5061672329902649,0.8433184027671814,
dish_1559678104,10.21596908569336,0.4094584584236145,0.6682239174842834,
dish_1559678127,12.19918155670166,0.4221575856208801,0.6012904047966003,
dish_1559678146,8.83786678314209,0.32110872864723206,0.7991524934768677,
dish_1559678367,9.80075454711914,0.4695799946784973,0.6464281678199768,
dish_1559678457,10.270874977111816,0.414023756980896,0.7707950472831726,
dish_1559678629,12.553812026977539,0.6196181178092957,0.6302563548088074,
dish_1559751710,14.045022964477539,0.5598307847976685,0.7789160013198853,
dish_1559751775,9.517260551452637,0.35316431522369385,0.7892360687255859,
dish_1559838279,14.548423767089844,0.5530603528022766,0.6977232694625854,
dish_1559838402,12.507266998291016,0.4489719569683075,0.6930768489837646,
dish_1559841061,12.552133560180664,0.4926270842552185,0.6588666439056396,
dish_1559841091,10.261916160583496,0.4559437334537506,0.7817960977554321,
dish_1559841127,10.283895492553711,0.44678252935409546,0.7909050583839417,
dish_1559841163,12.759573936462402,0.4231009781360626,0.7550914287567139,
dish_1559841808,11.005696296691895,0.47039175033569336,0.7562203407287598,
dish_1559841979,10.78072738647461,0.49929407238960266,0.635871171951294,
dish_1559842274,15.849842071533203,0.6726818084716797,0.6636394262313843,
dish_1559842326,16.311574935913086,0.6748219132423401,0.6499761939048767,
dish_1559842374,15.304125785827637,0.5908265113830566,0.6878840923309326,
dish_1559842409,15.888400077819824,0.5565950274467468,0.7044037580490112,
dish_1559843492,12.925569534301758,0.5364187359809875,0.6474557518959045,
dish_1559843690,11.61273193359375,0.5241795778274536,0.69831383228302,
dish_1559844323,15.830830574035645,0.5750699639320374,0.6905481219291687,
dish_1559844366,15.18323802947998,0.5328842997550964,0.6648775339126587,
dish_1559844506,11.644840240478516,0.5069443583488464,0.7608757615089417,
dish_1559844657,11.331962585449219,0.45614150166511536,0.7957768440246582,
dish_1559844683,10.56799602508545,0.44668588042259216,0.82041335105896,
dish_1559844928,16.287818908691406,0.6898947358131409,0.5884512662887573,
dish_1559844951,11.358478546142578,0.49968162178993225,0.7044041752815247,
dish_1559845018,12.4080171585083,0.5221233367919922,0.7337365746498108,
dish_1559845046,11.413037300109863,0.4389936625957489,0.7811857461929321,
dish_1559845290,16.350431442260742,0.7168752551078796,0.6084421277046204,
dish_1559845370,17.849830627441406,0.7131555676460266,0.5717288255691528,
dish_1559845513,10.808158874511719,0.4357745051383972,0.7870990633964539,
dish_1559845637,11.746317863464355,0.5431951880455017,0.7038143277168274,
dish_1559845745,16.158740997314453,0.5964391827583313,0.640511155128479,
dish_1559846034,16.513269424438477,0.7153393626213074,0.5760709047317505,
dish_1559846073,11.267068862915039,0.5311259627342224,0.7265820503234863,
dish_1559846334,10.458284378051758,0.5050343871116638,0.6850433349609375,
dish_1559846504,12.13489055633545,0.5262659788131714,0.6993899941444397,
dish_1559846528,12.628804206848145,0.4981158673763275,0.6692559719085693,
dish_1559846688,8.591880798339844,0.3819657564163208,0.750810444355011,
dish_1559846825,13.409019470214844,0.6289194822311401,0.6453525424003601,
dish_1559849053,11.645896911621094,0.4420735239982605,0.6566475629806519,
dish_1559849097,15.187979698181152,0.5422383546829224,0.6940363645553589,
dish_1559849497,14.535024642944336,0.5386320352554321,0.7575998306274414,
dish_1559849537,15.491106986999512,0.5474409461021423,0.7171269059181213,
dish_1559850338,10.885697364807129,0.46282342076301575,0.7282869815826416,
dish_1559925083,13.565836906433105,0.4971916377544403,0.6683911085128784,
dish_1559933818,11.406535148620605,0.37773406505584717,0.7914983034133911,
dish_1559933834,11.51987361907959,0.3567539155483246,0.8020188808441162,
dish_1559934477,12.10185718536377,0.5091497302055359,0.818238377571106,
dish_1559934679,11.101903915405273,0.42090412974357605,0.8147900700569153,
dish_1559934708,12.666829109191895,0.498229056596756,0.7521542310714722,
dish_1560203400,12.913501739501953,0.4500782787799835,0.642555832862854,
dish_1560203424,11.508537292480469,0.1910511553287506,0.8256357312202454,
dish_1560270630,13.820737838745117,0.5252360105514526,0.6953034400939941,
dish_1560356314,12.7401762008667,0.4792541265487671,0.7153616547584534,
dish_1560356337,12.559453964233398,0.4513745903968811,0.7142186164855957,
dish_1560356355,11.812459945678711,0.4298260807991028,0.72454833984375,
dish_1560356523,11.142729759216309,0.5296000242233276,0.7325879335403442,
dish_1560356566,10.771472930908203,0.5049439668655396,0.7179473042488098,
dish_1560356627,11.30477237701416,0.4560464918613434,0.710181474685669,
dish_1560357427,13.938471794128418,0.5795252919197083,0.7295430898666382,
dish_1560357792,13.261432647705078,0.5413327813148499,0.7240011692047119,
dish_1560357832,11.692401885986328,0.4508321285247803,0.7445213794708252,
dish_1560360055,11.356361389160156,0.4635034501552582,0.7295980453491211,
dish_1560360102,11.680305480957031,0.44922542572021484,0.6876980662345886,
dish_1560360112,11.914711952209473,0.4518171548843384,0.7114370465278625,
dish_1560360148,11.510820388793945,0.38773036003112793,0.7421857118606567,
dish_1560366438,14.4688081741333,0.6388680934906006,0.5317638516426086,
dish_1560366460,9.66459846496582,0.45172742009162903,0.7176755666732788,
dish_1560367085,14.937975883483887,0.6363897323608398,0.5985963344573975,
dish_1560367116,11.15793228149414,0.5474191904067993,0.7150924801826477,
dish_1560367193,9.275012016296387,0.47302934527397156,0.8080414533615112,
dish_1560367296,8.592827796936035,0.4270375669002533,0.7048313617706299,
dish_1560367333,8.53291130065918,0.3970389664173126,0.7081807851791382,
dish_1560367676,9.724441528320312,0.5204897522926331,0.7046425938606262,
dish_1560367698,9.823540687561035,0.512202262878418,0.735368013381958,
dish_1560367715,9.629745483398438,0.48526692390441895,0.7976782321929932,
dish_1560367733,10.363801002502441,0.47301504015922546,0.7128806114196777,
dish_1560367904,14.337711334228516,0.6767017245292664,0.5553479194641113,
dish_1560367926,10.841546058654785,0.4826336205005646,0.7070717215538025,
dish_1560367952,10.146255493164062,0.5102664232254028,0.7280313372612,
dish_1560367980,9.715920448303223,0.5602201819419861,0.8045926690101624,
dish_1560368019,8.910812377929688,0.34665852785110474,0.7739414572715759,
dish_1560368138,13.58236312866211,0.6412023305892944,0.6547001004219055,
dish_1560368162,9.882606506347656,0.5888102054595947,0.7130934000015259,
dish_1560368464,12.544927597045898,0.6645930409431458,0.6376674175262451,
dish_1560368506,11.12919807434082,0.5639759302139282,0.7581791877746582,
dish_1560368570,12.081684112548828,0.5312814712524414,0.6703854203224182,
dish_1560368764,9.64115047454834,0.404328852891922,0.6984002590179443,
dish_1560368944,11.888203620910645,0.5227193236351013,0.6383065581321716,
dish_1560368972,13.73036003112793,0.5876713395118713,0.6814221739768982,
dish_1560368990,11.504400253295898,0.47067612409591675,0.6805399060249329,
dish_1560369008,12.164863586425781,0.46512845158576965,0.7103233337402344,
dish_1560369080,13.633487701416016,0.620633065700531,0.6459749937057495,
dish_1560369102,9.580060958862305,0.38182002305984497,0.7432433366775513,
dish_1560369122,13.521411895751953,0.584979236125946,0.6136331558227539,
dish_1560369255,13.044645309448242,0.6055258512496948,0.6648225784301758,
dish_1560369273,11.095603942871094,0.5363468527793884,0.6924347281455994,
dish_1560369294,11.723189353942871,0.497710645198822,0.647712230682373,
dish_1560369313,9.843856811523438,0.45470160245895386,0.7232373952865601,
dish_1560369403,9.091375350952148,0.3938831686973572,0.7973682880401611,
dish_1560369421,9.458284378051758,0.44895678758621216,0.7373160719871521,
dish_1560370804,9.544242858886719,0.46337464451789856,1.0092061758041382,
dish_1560441288,11.843565940856934,0.42629536986351013,0.7540422677993774,
dish_1560441311,13.384190559387207,0.5249921083450317,0.7678999900817871,
dish_1560441339,11.815181732177734,0.4151507019996643,0.7782412171363831,
dish_1560441464,14.772446632385254,0.5844717621803284,0.7256220579147339,
dish_1560442303,11.409494400024414,0.32950666546821594,0.767276406288147,
dish_1560442374,13.651503562927246,0.4800095558166504,0.761958122253418,
dish_1560442450,13.235943794250488,0.5236521363258362,0.7397717833518982,
dish_1560444815,13.615626335144043,0.42854806780815125,0.7305227518081665,
dish_1560444931,13.149633407592773,0.6162794232368469,0.6549388766288757,
dish_1560444948,11.26934814453125,0.5153508186340332,0.7465078830718994,
dish_1560444967,11.26407241821289,0.5278244018554688,0.7521462440490723,
dish_1560444985,14.304220199584961,0.5844908952713013,0.7343350648880005,
dish_1560445004,12.385942459106445,0.550409734249115,0.6812862753868103,
dish_1560445069,15.046083450317383,0.5880255699157715,0.7317982912063599,
dish_1560453132,14.946861267089844,0.5985383987426758,0.6697537899017334,
dish_1560453150,9.070189476013184,0.4062405228614807,0.6819312572479248,
dish_1560453174,8.798460006713867,0.3632458448410034,0.7339321374893188,
dish_1560453275,15.147947311401367,0.7241259217262268,0.5891556739807129,
dish_1560453294,16.17525863647461,0.6838625073432922,0.6570966243743896,
dish_1560453328,10.157734870910645,0.5259767174720764,0.6988677382469177,
dish_1560453356,12.739309310913086,0.5735063552856445,0.6581407785415649,
dish_1560453380,9.891855239868164,0.3715629279613495,0.7348403334617615,
dish_1560453412,9.348616600036621,0.36928868293762207,0.7823731303215027,
dish_1560454488,15.568373680114746,0.6824344396591187,0.6260319948196411,
dish_1560454513,15.1791353225708,0.6713477969169617,0.6216835975646973,
dish_1560454539,14.61266040802002,0.6325145363807678,0.5277470350265503,
dish_1560454562,11.377068519592285,0.48608073592185974,0.7156475186347961,
dish_1560455030,12.007894515991211,0.5618523955345154,0.6948662400245667,
dish_1560455059,10.25887680053711,0.5000422596931458,0.7944706678390503,
dish_1560455090,11.600284576416016,0.561294436454773,0.7150132060050964,
dish_1560455179,13.09963607788086,0.5892886519432068,0.6845699548721313,
dish_1560455203,15.1500883102417,0.6096740961074829,0.6159176230430603,
dish_1560455224,13.408586502075195,0.5689655542373657,0.6478082537651062,
dish_1560455263,9.501760482788086,0.31459328532218933,0.7499750852584839,
dish_1560455343,14.38102912902832,0.6641650199890137,0.60676109790802,
dish_1560455380,11.627755165100098,0.5796626806259155,0.6549601554870605,
dish_1560455399,10.764911651611328,0.5134917497634888,0.8068443536758423,
dish_1560455421,11.086814880371094,0.5241020321846008,0.7950143814086914,
dish_1560455442,11.008745193481445,0.4544399082660675,0.6642064452171326,
dish_1560456305,20.06848907470703,0.8175721168518066,0.45244646072387695,
dish_1560456326,18.643644332885742,0.7564265131950378,0.5208764672279358,
dish_1560456348,16.793807983398438,0.6870508790016174,0.5639678835868835,
dish_1560456370,15.615714073181152,0.6515687108039856,0.6349601149559021,
dish_1560456794,18.216690063476562,0.7517238855361938,0.5339818596839905,
dish_1560456814,14.671984672546387,0.6462927460670471,0.5392892360687256,
dish_1560456833,9.779411315917969,0.3887516260147095,0.7118926048278809,
dish_1560456853,12.187466621398926,0.4503687620162964,0.7298679351806641,
dish_1560526447,8.362282752990723,0.437059223651886,0.7768963575363159,
dish_1560526490,8.941025733947754,0.35588622093200684,0.8405771255493164,
dish_1560527070,12.267816543579102,0.6549140214920044,0.6900507211685181,
dish_1560527105,12.863534927368164,0.592738151550293,0.7143462896347046,
dish_1560539314,11.156515121459961,0.567351758480072,0.7877832651138306,
dish_1560539340,11.946327209472656,0.5277172327041626,0.7807827591896057,
dish_1560541793,11.007854461669922,0.3707509934902191,0.7450648546218872,
dish_1560543505,11.059587478637695,0.5201491713523865,0.70721834897995,
dish_1560543525,8.711843490600586,0.4205467998981476,0.8662875294685364,
dish_1560543557,9.117939949035645,0.37985846400260925,0.8494132161140442,
dish_1560543583,10.752684593200684,0.3926152288913727,0.7232489585876465,
dish_1560543605,11.537725448608398,0.3761918544769287,0.6781719923019409,
dish_1560787696,14.746809959411621,0.6472988128662109,0.666269838809967,
dish_1560798656,13.246119499206543,0.577913761138916,0.762981653213501,
dish_1560798707,13.316675186157227,0.6092868447303772,0.7071739435195923,
dish_1560798928,10.887354850769043,0.3366187810897827,0.7936503291130066,
dish_1560799113,20.196861267089844,0.7111247181892395,0.5379427671432495,
dish_1560799368,11.041604995727539,0.43642738461494446,0.7694974541664124,
dish_1560799558,17.252843856811523,0.6957767605781555,0.5822098851203918,
dish_1560799615,10.927956581115723,0.3510250747203827,0.8318701982498169,
dish_1560800836,12.418477058410645,0.5415771007537842,0.8118722438812256,
dish_1560802562,12.435868263244629,0.5271062850952148,0.759151816368103,
dish_1560802730,9.223359107971191,0.35514506697654724,0.8365795016288757,
dish_1560802764,10.824230194091797,0.40196865797042847,0.841130256652832,
dish_1560802853,12.464731216430664,0.49728596210479736,0.7696382999420166,
dish_1560874751,11.976645469665527,0.4087960422039032,0.761217474937439,
dish_1560887408,14.327181816101074,0.705381453037262,0.6422476172447205,
dish_1560887457,9.32009220123291,0.46522995829582214,0.7476428747177124,
dish_1560888849,11.142738342285156,0.5243858098983765,0.7160801291465759,
dish_1560888893,9.566070556640625,0.44491761922836304,0.7192585468292236,
dish_1560889032,12.353891372680664,0.5311118960380554,0.6292054653167725,
dish_1560889061,8.679763793945312,0.4283289909362793,0.7457122206687927,
dish_1560961012,16.40438461303711,0.7513536810874939,0.6665331125259399,
dish_1560961059,11.784261703491211,0.5763254165649414,0.8183559775352478,
dish_1560961202,10.902812957763672,0.45723238587379456,0.8170124292373657,
dish_1560961261,10.814743041992188,0.4330342411994934,0.8386580944061279,
dish_1560973958,10.763312339782715,0.5572956800460815,0.6355395913124084,
dish_1560973984,9.56014347076416,0.43224549293518066,0.7131850123405457,
dish_1560974009,9.372435569763184,0.34056875109672546,0.728661060333252,
dish_1560974769,12.349486351013184,0.6318690776824951,0.5575206875801086,
dish_1560975491,10.718828201293945,0.5993483066558838,0.6767727732658386,
dish_1560975572,11.017745018005371,0.35413166880607605,0.8375142812728882,
dish_1560975628,10.309582710266113,0.45210230350494385,0.7348557114601135,
dish_1560976044,11.4877290725708,0.6137962341308594,0.6624976396560669,
dish_1561049409,13.092155456542969,0.4362642765045166,0.770717978477478,
dish_1561060448,15.845980644226074,0.7854893207550049,0.4230313003063202,
dish_1561060477,9.874113082885742,0.45904776453971863,0.8320083618164062,
dish_1561060503,15.222375869750977,0.7216958999633789,0.5774729251861572,
dish_1561060613,11.451244354248047,0.5841708183288574,0.7041109204292297,
dish_1561060642,11.59753131866455,0.4635940194129944,0.6897817850112915,
dish_1561060976,9.051042556762695,0.4534977674484253,0.7783154845237732,
dish_1561061123,7.747685432434082,0.34015578031539917,0.7831678986549377,
dish_1561061658,6.37782096862793,0.3975257873535156,0.8512577414512634,
dish_1561061687,9.10579776763916,0.3564079701900482,0.6991295218467712,
dish_1561062237,13.742951393127441,0.62928706407547,0.6035318374633789,
dish_1561062286,12.247649192810059,0.6183739900588989,0.6281253099441528,
dish_1561062586,11.220132827758789,0.6175814867019653,0.6321868896484375,
dish_1561134156,11.36469841003418,0.3929886817932129,0.776193380355835,
dish_1561392386,15.429487228393555,0.6577187180519104,0.638573408126831,
dish_1561392430,8.28797435760498,0.24144358932971954,0.8591824769973755,
dish_1561392459,12.16908073425293,0.43216603994369507,0.723992109298706,
dish_1561392543,11.791271209716797,0.512394905090332,0.7000772356987,
dish_1561392593,10.860347747802734,0.42062273621559143,0.7296271920204163,
dish_1561393550,13.370844841003418,0.5702430605888367,0.6650429368019104,
dish_1561393649,12.890053749084473,0.520588755607605,0.7996074557304382,
dish_1561393764,12.759042739868164,0.5597766637802124,0.633182942867279,
dish_1561404438,9.386224746704102,0.5476617813110352,0.6968004107475281,
dish_1561404458,10.640946388244629,0.51438307762146,0.6464555263519287,
dish_1561404485,10.786040306091309,0.4009239673614502,0.6835808753967285,
dish_1561404505,9.473602294921875,0.334724098443985,0.7459529638290405,
dish_1561404924,17.485937118530273,0.7174915075302124,0.48153483867645264,
dish_1561404956,11.986289978027344,0.4854685068130493,0.6819968223571777,
dish_1561405008,11.589956283569336,0.5160191059112549,0.6508283019065857,
dish_1561405034,12.160440444946289,0.512553870677948,0.6714907288551331,
dish_1561405332,15.406405448913574,0.7118098735809326,0.4893597364425659,
dish_1561405356,12.002501487731934,0.5973625779151917,0.6000866889953613,
dish_1561405389,11.317729949951172,0.5099515914916992,0.6371116638183594,
dish_1561405411,10.454062461853027,0.44938358664512634,0.715964674949646,
dish_1561405836,16.690946578979492,0.7698154449462891,0.4359501600265503,
dish_1561405864,13.61983871459961,0.6771494150161743,0.5716215372085571,
dish_1561405887,14.077493667602539,0.6186434626579285,0.570090651512146,
dish_1561405912,12.07345962524414,0.4177602529525757,0.7062326669692993,
dish_1561405934,9.514296531677246,0.38340747356414795,0.7097101807594299,
dish_1561407208,13.087590217590332,0.5286137461662292,0.6802669167518616,
dish_1561407249,13.948619842529297,0.5556699633598328,0.5568709373474121,
dish_1561407312,12.749475479125977,0.4518184959888458,0.6261457800865173,
dish_1561481577,11.683927536010742,0.47113844752311707,0.6963859796524048,
dish_1561481606,11.639766693115234,0.4225667119026184,0.7346714735031128,
dish_1561481634,11.250913619995117,0.38286176323890686,0.8176426291465759,
dish_1561491121,13.918148040771484,0.6039708852767944,0.6482821106910706,
dish_1561491154,10.845827102661133,0.567478597164154,0.5925085544586182,
dish_1561491180,11.559967041015625,0.519878625869751,0.6048956513404846,
dish_1561491210,9.824625968933105,0.529397189617157,0.7792938947677612,
dish_1561492161,11.966285705566406,0.4974163770675659,0.6751229763031006,
dish_1561492228,11.147700309753418,0.41423338651657104,0.735954999923706,
dish_1561492628,16.549461364746094,0.6448817849159241,0.5879375338554382,
dish_1561492665,17.029150009155273,0.613003134727478,0.6009591221809387,
dish_1561492687,15.476509094238281,0.5818548202514648,0.6280513405799866,
dish_1561492703,11.547496795654297,0.4475535750389099,0.6940903663635254,
dish_1561493975,11.900885581970215,0.5142008066177368,0.6247932314872742,
dish_1561494001,12.435606956481934,0.5389498472213745,0.7046956419944763,
dish_1561494032,9.291549682617188,0.4597069025039673,0.6845118999481201,
dish_1561574215,9.022384643554688,0.3928624391555786,0.7564586400985718,
dish_1561574368,13.380422592163086,0.653346061706543,0.5490551590919495,
dish_1561574394,12.105762481689453,0.46708619594573975,0.644646406173706,
dish_1561574428,10.440071105957031,0.44796568155288696,0.6746986508369446,
dish_1561574456,9.831424713134766,0.42783766984939575,0.7408093214035034,
dish_1561574479,9.404228210449219,0.333066463470459,0.7774316072463989,
dish_1561574600,8.159378051757812,0.39949658513069153,0.7604041695594788,
dish_1561574623,10.406923294067383,0.44864267110824585,0.7255005836486816,
dish_1561574783,12.66428279876709,0.6275672316551208,0.5441408157348633,
dish_1561574815,9.385322570800781,0.46043118834495544,0.6569567322731018,
dish_1561574848,11.03029727935791,0.485921710729599,0.6079067587852478,
dish_1561574974,9.749859809875488,0.5518702864646912,0.550195574760437,
dish_1561575033,7.679587364196777,0.43483805656433105,0.7360717058181763,
dish_1561575068,8.810686111450195,0.31751152873039246,0.7251798510551453,
dish_1561575274,8.012253761291504,0.3941687345504761,0.8139409422874451,
dish_1561575300,10.260165214538574,0.45437780022621155,0.7242048978805542,
dish_1561575327,8.26363754272461,0.31496119499206543,0.783892810344696,
dish_1561575347,7.933382034301758,0.3243173360824585,0.7577507495880127,
dish_1561575445,12.924760818481445,0.6521006226539612,0.6100149154663086,
dish_1561575474,9.948604583740234,0.5256948471069336,0.6578528881072998,
dish_1561575506,10.06308650970459,0.42528456449508667,0.6909518241882324,
dish_1561575613,11.3582763671875,0.5061718225479126,0.5902101397514343,
dish_1561575661,9.665396690368652,0.39035582542419434,0.6762092113494873,
dish_1561575908,11.351944923400879,0.40643206238746643,0.7143189311027527,
dish_1561575951,11.875548362731934,0.44925862550735474,0.6743160486221313,
dish_1561575977,11.117759704589844,0.41480666399002075,0.7454198002815247,
dish_1561575996,9.65062427520752,0.4119715392589569,0.7455230951309204,
dish_1561576026,10.44063949584961,0.38554325699806213,0.7041859030723572,
dish_1561576051,8.964859962463379,0.3478317856788635,0.7550633549690247,
dish_1561576074,9.324212074279785,0.34160980582237244,0.7291532754898071,
dish_1561576212,14.281024932861328,0.6354451775550842,0.5655664801597595,
dish_1561576257,10.951988220214844,0.5058575868606567,0.7096238136291504,
dish_1561576295,8.387784957885742,0.3717711269855499,0.718311071395874,
dish_1561576320,7.484509468078613,0.30457040667533875,0.795061469078064,
dish_1561576449,13.512685775756836,0.6553857922554016,0.6351480484008789,
dish_1561576483,10.738472938537598,0.4891950488090515,0.7582434415817261,
dish_1561576590,11.28703784942627,0.5467151403427124,0.6853318214416504,
dish_1561576618,10.021588325500488,0.47502219676971436,0.6426446437835693,
dish_1561576652,11.730026245117188,0.5494440793991089,0.6081627011299133,
dish_1561576680,10.068988800048828,0.39107048511505127,0.7047358751296997,
dish_1561576707,10.45395278930664,0.3864350914955139,0.7066556811332703,
dish_1561576737,10.218384742736816,0.37085121870040894,0.7266998291015625,
dish_1561576767,8.791677474975586,0.37060418725013733,0.7928521633148193,
dish_1561576794,10.175313949584961,0.3748931884765625,0.7316418886184692,
dish_1561576887,11.390972137451172,0.4213743507862091,0.697923481464386,
dish_1561576916,9.067072868347168,0.4303625822067261,0.7434320449829102,
dish_1561576954,10.286518096923828,0.36098459362983704,0.745058536529541,
dish_1561576978,9.693033218383789,0.3688318133354187,0.7447513341903687,
dish_1561577083,14.261563301086426,0.7131325602531433,0.4989311099052429,
dish_1561577119,14.634590148925781,0.6945587396621704,0.4634951651096344,
dish_1561577146,13.548857688903809,0.6656675338745117,0.5295459032058716,
dish_1561577177,10.269865989685059,0.5027027130126953,0.6287322044372559,
dish_1561577198,8.334320068359375,0.40969938039779663,0.7524465322494507,
dish_1561577219,8.401586532592773,0.39520734548568726,0.756280779838562,
dish_1561577549,11.835064888000488,0.5903086066246033,0.6248604655265808,
dish_1561577573,9.668201446533203,0.4136872887611389,0.673419713973999,
dish_1561577598,8.186747550964355,0.33997562527656555,0.7732288837432861,
dish_1561577678,11.720605850219727,0.6322371959686279,0.5059540271759033,
dish_1561577701,9.426895141601562,0.4797709584236145,0.7729017734527588,
dish_1561577731,9.912321090698242,0.5109555721282959,0.722561240196228,
dish_1561577848,10.623584747314453,0.5679835677146912,0.71230548620224,
dish_1561577947,10.42435073852539,0.3943733870983124,0.6914920806884766,
dish_1561578156,7.214290142059326,0.5579417943954468,0.762255072593689,
dish_1561578188,9.5040864944458,0.48099303245544434,0.6077339053153992,
dish_1561578226,8.185909271240234,0.35569339990615845,0.7517147064208984,
dish_1561578323,15.687888145446777,0.6951593160629272,0.4615827798843384,
dish_1561578373,10.081354141235352,0.42686307430267334,0.6559309959411621,
dish_1561578394,9.345565795898438,0.4287589192390442,0.6946429014205933,
dish_1561578417,9.621393203735352,0.35760894417762756,0.7203302383422852,
dish_1561578441,10.914312362670898,0.3971465826034546,0.6211559176445007,
dish_1561578461,10.233264923095703,0.3747803866863251,0.6664411425590515,
dish_1561578570,13.996683120727539,0.6752457618713379,0.5448318123817444,
dish_1561578603,12.013482093811035,0.6071788668632507,0.6141926646232605,
dish_1561578623,11.024089813232422,0.5823084712028503,0.6565238833427429,
dish_1561578676,8.576481819152832,0.4727766513824463,0.7715902328491211,
dish_1561578775,14.333754539489746,0.596386730670929,0.531224250793457,
dish_1561578800,10.236385345458984,0.48501598834991455,0.6687770485877991,
dish_1561578839,9.605596542358398,0.3261139988899231,0.7818437814712524,
dish_1561578865,11.229856491088867,0.34833627939224243,0.6956900358200073,
dish_1561578898,9.108060836791992,0.279876172542572,0.771288275718689,
dish_1561579576,12.044913291931152,0.5643903613090515,0.610525369644165,
dish_1561579617,9.64160442352295,0.43263930082321167,0.7167220115661621,
dish_1561579673,9.220304489135742,0.3578052520751953,0.7688515186309814,
dish_1561579706,8.54800033569336,0.30574801564216614,0.7991287708282471,
dish_1561579824,14.480549812316895,0.7007544040679932,0.5120089650154114,
dish_1561579845,11.636934280395508,0.5819418430328369,0.6119459271430969,
dish_1561579867,9.124323844909668,0.5128779411315918,0.7233738899230957,
dish_1561579902,9.68419075012207,0.4216584861278534,0.6907471418380737,
dish_1561579933,8.252187728881836,0.3403538465499878,0.7739793062210083,
dish_1561580278,10.17501163482666,0.4318446218967438,0.6946064233779907,
dish_1561580322,10.013985633850098,0.44123291969299316,0.7274764776229858,
dish_1561580370,10.330724716186523,0.4494805335998535,0.6674299240112305,
dish_1561580406,11.869202613830566,0.5250749588012695,0.6063126921653748,
dish_1561580431,8.760672569274902,0.3700529932975769,0.7128952145576477,
dish_1561580659,10.42760181427002,0.38109254837036133,0.7101821303367615,
dish_1561654326,14.16900634765625,0.6038910746574402,0.6606600880622864,
dish_1561654346,12.42346477508545,0.5606716275215149,0.6803938746452332,
dish_1561654707,13.829056739807129,0.5887214541435242,0.7317773699760437,
dish_1561654732,12.904810905456543,0.5477795600891113,0.6688644886016846,
dish_1561654756,12.56396198272705,0.46370112895965576,0.7281124591827393,
dish_1561661324,12.291034698486328,0.6535680294036865,0.6331396102905273,
dish_1561661347,10.198844909667969,0.5080928802490234,0.6832195520401001,
dish_1561661377,15.20191478729248,0.6667535901069641,0.5548281073570251,
dish_1561661479,11.069278717041016,0.48680442571640015,0.6966850757598877,
dish_1561661552,14.15229320526123,0.5537914633750916,0.6659857034683228,
dish_1561661806,13.360549926757812,0.6002695560455322,0.6345623135566711,
dish_1561661850,10.101798057556152,0.5219706892967224,0.698451042175293,
dish_1561661972,15.127387046813965,0.7240115404129028,0.4761098027229309,
dish_1561662022,7.50811243057251,0.3968483805656433,0.7151468992233276,
dish_1561662054,9.549936294555664,0.4251050353050232,0.7321566343307495,
dish_1561662160,12.466246604919434,0.6562836766242981,0.5418494343757629,
dish_1561662190,11.553255081176758,0.5516833662986755,0.612213134765625,
dish_1561662216,10.085541725158691,0.4900713860988617,0.6522408127784729,
dish_1561662458,10.638428688049316,0.5271022915840149,0.7596907615661621,
dish_1561662501,15.559021949768066,0.6643463969230652,0.5705930590629578,
dish_1561662532,13.516533851623535,0.6083047389984131,0.6136211156845093,
dish_1561662814,10.25881290435791,0.5286487340927124,0.6622214913368225,
dish_1561662842,9.344633102416992,0.5378401875495911,0.7157312035560608,
dish_1561662869,9.313742637634277,0.5393523573875427,0.760767936706543,
dish_1561662926,9.569087982177734,0.4840613603591919,0.7167741060256958,
dish_1561662948,10.915641784667969,0.5758482217788696,0.7354508638381958,
dish_1561663068,9.823522567749023,0.4557610750198364,0.7459741830825806,
dish_1561663541,11.811025619506836,0.6540688276290894,0.6632536053657532,
dish_1561663580,14.646916389465332,0.6799182295799255,0.6833024621009827,
dish_1561663606,11.3165283203125,0.5265012979507446,0.7205061912536621,
dish_1561663786,18.773386001586914,0.8439168334007263,0.4466975927352905,
dish_1561663817,14.164624214172363,0.6211931109428406,0.5803635716438293,
dish_1561663855,13.079538345336914,0.6103845834732056,0.5776870846748352,
dish_1561663891,10.450697898864746,0.5213843584060669,0.7031595706939697,
dish_1561663914,10.438213348388672,0.4241127371788025,0.6848244667053223,
dish_1561663990,16.934606552124023,0.7848621606826782,0.5328503847122192,
dish_1561664013,15.774962425231934,0.7553266286849976,0.5456244349479675,
dish_1561664042,15.779969215393066,0.7010673880577087,0.5556567311286926,
dish_1561664061,14.380075454711914,0.6013993620872498,0.6052471399307251,
dish_1561664977,15.441109657287598,0.7117710709571838,0.5581047534942627,
dish_1561665024,11.75482177734375,0.5706230401992798,0.5750076770782471,
dish_1561665065,11.16023063659668,0.49229130148887634,0.6448837518692017,
dish_1561665378,12.323030471801758,0.6142581701278687,0.6691417694091797,
dish_1561665422,8.727429389953613,0.5188774466514587,0.6620212197303772,
dish_1561665452,14.447419166564941,0.5979913473129272,0.5803120732307434,
dish_1561665706,9.566560745239258,0.45364266633987427,0.7378108501434326,
dish_1561665747,9.66687297821045,0.45861393213272095,0.7006329894065857,
dish_1561666794,9.587862014770508,0.5544459819793701,0.7090299725532532,
dish_1561666821,8.42336654663086,0.4154689908027649,0.742919385433197,
dish_1561666849,9.494317054748535,0.4970163106918335,0.6987475156784058,
dish_1561666875,9.435416221618652,0.4970617890357971,0.6898492574691772,
dish_1561666897,8.067030906677246,0.3903939723968506,0.7651160955429077,
dish_1561666923,12.943097114562988,0.4799467921257019,0.6760428547859192,
dish_1561667207,14.8989896774292,0.6862699389457703,0.5331633687019348,
dish_1561667430,10.575250625610352,0.5028122067451477,0.7280713319778442,
dish_1561736736,18.523155212402344,0.7586822509765625,0.2969498932361603,
dish_1561737200,15.299676895141602,0.7094703316688538,0.5556207895278931,
dish_1561737223,10.512226104736328,0.556246817111969,0.6953833103179932,
dish_1561737776,14.588202476501465,0.6659122705459595,0.6226946115493774,
dish_1561739160,15.397153854370117,0.7704775929450989,0.508882999420166,
dish_1561739212,12.310620307922363,0.5742508769035339,0.6521915197372437,
dish_1561739238,11.713775634765625,0.5914522409439087,0.6480478048324585,
dish_1561739265,11.167757034301758,0.5653086304664612,0.5893275141716003,
dish_1561739576,13.877086639404297,0.6009957194328308,0.5997006297111511,
dish_1561739649,12.771449089050293,0.5692042708396912,0.5547218322753906,
dish_1561739719,10.060728073120117,0.4373178780078888,0.6264806389808655,
dish_1561739805,10.258549690246582,0.48708227276802063,0.7892659306526184,
dish_1561739954,10.814236640930176,0.5570641756057739,0.6671196222305298,
dish_1561740321,11.863476753234863,0.5553247332572937,0.66026771068573,
dish_1561740353,12.779111862182617,0.56602543592453,0.5629416704177856,
dish_1561740385,10.648431777954102,0.5015801191329956,0.6828566193580627,
dish_1561746876,13.706989288330078,0.6715788841247559,0.580555260181427,
dish_1561746912,13.574352264404297,0.6574807167053223,0.47551512718200684,
dish_1561746970,8.720014572143555,0.4604199230670929,0.7137757539749146,
dish_1561747075,12.2645263671875,0.5585424900054932,0.6476101875305176,
dish_1561748274,13.308255195617676,0.5295625329017639,0.5782041549682617,
dish_1561748862,21.403018951416016,0.844556987285614,0.27891841530799866,
dish_1561748950,14.151692390441895,0.6538183093070984,0.5536038279533386,
dish_1561749016,10.415730476379395,0.5194704532623291,0.7209864854812622,
dish_1561749061,10.765013694763184,0.4353272020816803,0.621613621711731,
dish_1561749348,12.792587280273438,0.6843421459197998,0.588232159614563,
dish_1561749664,16.96839141845703,0.7495725750923157,0.44444602727890015,
dish_1561749711,11.728927612304688,0.5808749198913574,0.6472935676574707,
dish_1561749750,12.842524528503418,0.534400224685669,0.6534424424171448,
dish_1561749778,10.993281364440918,0.4818711578845978,0.716601550579071,
dish_1561749818,11.935728073120117,0.4939788281917572,0.6551581025123596,
dish_1561749857,8.225744247436523,0.42723676562309265,0.838050127029419,
dish_1561749908,9.162402153015137,0.37550079822540283,0.7766513824462891,
dish_1561751897,12.345664978027344,0.6543411016464233,0.6509521007537842,
dish_1561751958,11.956037521362305,0.5757516622543335,0.7016393542289734,
dish_1561752035,12.601350784301758,0.5612221956253052,0.6074108481407166,
dish_1561752481,16.22627067565918,0.7521976232528687,0.44335246086120605,
dish_1561752509,13.856837272644043,0.6612021923065186,0.579657256603241,
dish_1561752535,13.677849769592285,0.6503387689590454,0.6501054167747498,
dish_1561752563,11.169472694396973,0.49524250626564026,0.6823110580444336,
dish_1561752680,11.971689224243164,0.547827422618866,0.7168173789978027,
dish_1561752970,12.536214828491211,0.687518298625946,0.6375212073326111,
dish_1561752996,12.479503631591797,0.5328176021575928,0.6995604038238525,
dish_1561753021,11.362197875976562,0.48523378372192383,0.7124854326248169,
dish_1561753075,13.279457092285156,0.5286482572555542,0.6222430467605591,
dish_1561753168,15.480180740356445,0.6994073987007141,0.5811813473701477,
dish_1561753203,14.204703330993652,0.7186422944068909,0.5821386575698853,
dish_1561753238,8.928916931152344,0.43220192193984985,0.7575557231903076,
dish_1561753275,10.028459548950195,0.4913528859615326,0.678841769695282,
dish_1561753400,12.411367416381836,0.5800176858901978,0.667641818523407,
dish_1561753477,11.803877830505371,0.46075278520584106,0.6464715003967285,
dish_1561753589,16.6837215423584,0.7429760098457336,0.4603128731250763,
dish_1561753623,17.707223892211914,0.7976014614105225,0.4019795358181,
dish_1561753649,15.666187286376953,0.7170023322105408,0.49136513471603394,
dish_1561999309,13.325435638427734,0.5931938290596008,0.5945587754249573,
dish_1561999332,9.676223754882812,0.5185754895210266,0.6638428568840027,
dish_1561999355,10.550260543823242,0.4583757817745209,0.7116044759750366,
dish_1561999624,16.327590942382812,0.7280364036560059,0.4960079789161682,
dish_1561999706,9.982040405273438,0.44117891788482666,0.7830578088760376,
dish_1562007739,11.978320121765137,0.5651345252990723,0.6287264823913574,
dish_1562007763,11.140569686889648,0.523998498916626,0.7291964292526245,
dish_1562007789,10.5004301071167,0.48863282799720764,0.7113702893257141,
dish_1562007817,9.097021102905273,0.42736345529556274,0.7196919918060303,
dish_1562007842,12.148076057434082,0.4827406704425812,0.6353746056556702,
dish_1562007904,9.946371078491211,0.36952489614486694,0.7139419913291931,
dish_1562008394,13.934098243713379,0.7458668947219849,0.5681101083755493,
dish_1562008429,12.27220344543457,0.6374124884605408,0.6996986865997314,
dish_1562008476,9.997661590576172,0.5515550374984741,0.7456735968589783,
dish_1562008517,9.54925537109375,0.5107662081718445,0.6852467060089111,
dish_1562008549,11.847902297973633,0.5282480120658875,0.6268259882926941,
dish_1562008738,16.224451065063477,0.71622234582901,0.4909185767173767,
dish_1562008780,8.525540351867676,0.4950452446937561,0.7002689838409424,
dish_1562008813,9.205554008483887,0.47130003571510315,0.7694487571716309,
dish_1562008979,8.690193176269531,0.43862682580947876,0.7609821557998657,
dish_1562009006,8.55225944519043,0.38597550988197327,0.7955585718154907,
dish_1562009098,9.7655029296875,0.611910343170166,0.5935785174369812,
dish_1562009120,9.773695945739746,0.5542606115341187,0.6468471884727478,
dish_1562009148,8.846100807189941,0.5361843705177307,0.6357097625732422,
dish_1562009894,13.201700210571289,0.5841768383979797,0.5597817301750183,
dish_1562009934,11.547255516052246,0.5137416124343872,0.7256908416748047,
dish_1562010048,17.595943450927734,0.7533360123634338,0.41234681010246277,
dish_1562010085,17.13347053527832,0.7087163925170898,0.4935794174671173,
dish_1562010130,9.819853782653809,0.41365668177604675,0.6915740966796875,
dish_1562010266,9.889128684997559,0.5626944899559021,0.649849534034729,
dish_1562010293,10.453653335571289,0.42703157663345337,0.716846227645874,
dish_1562010315,9.838372230529785,0.40695685148239136,0.7218430638313293,
dish_1562010369,11.375249862670898,0.6481701731681824,0.671637773513794,
dish_1562010394,11.472467422485352,0.6046119332313538,0.5888513326644897,
dish_1562010418,9.573257446289062,0.4824971556663513,0.6942495107650757,
dish_1562010440,12.83027172088623,0.5676661133766174,0.5906252264976501,
dish_1562010821,9.417457580566406,0.5192998647689819,0.7565910816192627,
dish_1562010865,10.921600341796875,0.527566134929657,0.6463092565536499,
dish_1562011727,10.613534927368164,0.6121703386306763,0.626083254814148,
dish_1562011765,8.000435829162598,0.47322168946266174,0.731636106967926,
dish_1562011794,9.299863815307617,0.46119216084480286,0.755110502243042,
dish_1562012048,15.08505630493164,0.7465011477470398,0.6500633358955383,
dish_1562012076,14.518871307373047,0.7325077056884766,0.6646764278411865,
dish_1562085163,11.760269165039062,0.5585678219795227,0.7209044694900513,
dish_1562085185,13.830411911010742,0.5843841433525085,0.6442809700965881,
dish_1562085672,12.974559783935547,0.6331367492675781,0.6768776774406433,
dish_1562086067,10.985483169555664,0.5316084623336792,0.6511745452880859,
dish_1562086116,10.568982124328613,0.5053683519363403,0.7612020373344421,
dish_1562086501,15.555868148803711,0.7353401184082031,0.633470356464386,
dish_1562086564,13.29266357421875,0.6354595422744751,0.6612449288368225,
dish_1562086595,10.497428894042969,0.4449438154697418,0.7003867626190186,
dish_1562086702,12.138439178466797,0.5611967444419861,0.6051066517829895,
dish_1562086740,13.102300643920898,0.6253947615623474,0.6525170207023621,
dish_1562094621,15.860214233398438,0.7088504433631897,0.5034272074699402,
dish_1562094730,8.998437881469727,0.39020583033561707,0.6535102725028992,
dish_1562094877,14.274832725524902,0.658035159111023,0.6008917689323425,
dish_1562094931,12.063741683959961,0.6102317571640015,0.6822583079338074,
dish_1562095283,11.29697036743164,0.5340732336044312,0.6810502409934998,
dish_1562095340,8.401667594909668,0.38791102170944214,0.7834056615829468,
dish_1562096372,11.461995124816895,0.5500705242156982,0.6970720291137695,
dish_1562096401,13.181411743164062,0.6150840520858765,0.581670343875885,
dish_1562096512,16.663806915283203,0.7397964596748352,0.491635799407959,
dish_1562096542,15.253606796264648,0.6784118413925171,0.5009386539459229,
dish_1562096584,14.280628204345703,0.5973252058029175,0.563265860080719,
dish_1562096608,9.932417869567871,0.49768972396850586,0.7045163512229919,
dish_1562096907,10.484179496765137,0.5406836271286011,0.7310271263122559,
dish_1562096933,6.714522361755371,0.3781602382659912,0.757218599319458,
dish_1562097001,10.459795951843262,0.488041490316391,0.7054755687713623,
dish_1562097624,14.944185256958008,0.7527851462364197,0.5053811073303223,
dish_1562097673,9.090150833129883,0.38859134912490845,0.8328460454940796,
dish_1562099053,13.100809097290039,0.7256089448928833,0.5643711090087891,
dish_1562099076,12.005960464477539,0.64921635389328,0.5787409543991089,
dish_1562099102,14.720099449157715,0.7056195139884949,0.590760350227356,
dish_1562099134,8.762563705444336,0.4767630100250244,0.7559938430786133,
dish_1562099157,8.089105606079102,0.45607441663742065,0.7345645427703857,
dish_1562168427,14.357471466064453,0.6950809359550476,0.6301698684692383,
dish_1562168450,13.564194679260254,0.6242156028747559,0.6477025747299194,
dish_1562168471,9.15518569946289,0.4166238307952881,0.7367129921913147,
dish_1562168648,15.305397987365723,0.7516748905181885,0.5089370012283325,
dish_1562168673,9.401958465576172,0.5236583948135376,0.7163606286048889,
dish_1562168800,8.665159225463867,0.4362030029296875,0.7950702905654907,
dish_1562169762,13.758654594421387,0.6405072212219238,0.6547898054122925,
dish_1562169818,12.465018272399902,0.49187830090522766,0.6649020314216614,
dish_1562169840,12.891036987304688,0.47566646337509155,0.6604443788528442,
dish_1562170207,15.04376220703125,0.6773146390914917,0.556614875793457,
dish_1562170236,13.571340560913086,0.5872169137001038,0.6091287732124329,
dish_1562170331,10.996317863464355,0.4878271818161011,0.7342420816421509,
dish_1562170356,8.163719177246094,0.4084760546684265,0.7687427401542664,
dish_1562172643,11.322172164916992,0.5676383972167969,0.7081876993179321,
dish_1562173200,12.990331649780273,0.6212005019187927,0.6595968008041382,
dish_1562173247,11.878746032714844,0.5613391399383545,0.7409365177154541,
dish_1562173267,13.047874450683594,0.5657328963279724,0.6557484269142151,
dish_1562173411,9.70905876159668,0.4729473292827606,0.7689571380615234,
dish_1562179966,11.77855110168457,0.5641724467277527,0.6414006352424622,
dish_1562180025,7.734438896179199,0.4477726221084595,0.7367080450057983,
dish_1562180089,9.557308197021484,0.4000800848007202,0.7622051239013672,
dish_1562180157,9.150550842285156,0.3768906891345978,0.7415788173675537,
dish_1562181217,12.257270812988281,0.635298490524292,0.6580144166946411,
dish_1562181247,9.47301197052002,0.5307233333587646,0.7207711338996887,
dish_1562181285,8.197172164916992,0.42335283756256104,0.7351870536804199,
dish_1562183065,16.79827117919922,0.8294789791107178,0.5408923625946045,
dish_1562183125,12.890541076660156,0.6257461309432983,0.585583508014679,
dish_1562183151,9.406429290771484,0.4850783348083496,0.6541004180908203,
dish_1562183175,9.69567584991455,0.4708983600139618,0.6440877318382263,
dish_1562183201,10.221513748168945,0.47924935817718506,0.7090421915054321,
dish_1562184604,17.056428909301758,0.8276298642158508,0.4786272644996643,
dish_1562184628,12.428915023803711,0.576610267162323,0.6425600051879883,
dish_1562184663,14.136248588562012,0.5538761019706726,0.5915963649749756,
dish_1562184705,8.616796493530273,0.367477148771286,0.7935430407524109,
dish_1562602657,9.468027114868164,0.4746091663837433,0.677569568157196,
dish_1562602803,12.492475509643555,0.5943511724472046,0.6353956460952759,
dish_1562602832,11.334548950195312,0.5272008776664734,0.6717717051506042,
dish_1562602860,11.06869125366211,0.5261698961257935,0.6793153882026672,
dish_1562602888,13.813596725463867,0.6253381967544556,0.6143145561218262,
dish_1562602918,16.740880966186523,0.6764960885047913,0.5525023937225342,
dish_1562602945,13.236431121826172,0.5850282311439514,0.6260987520217896,
dish_1562603536,12.740152359008789,0.5819835662841797,0.5996981859207153,
dish_1562603569,11.357080459594727,0.575960099697113,0.6683332324028015,
dish_1562603598,12.968287467956543,0.5443140268325806,0.5857318639755249,
dish_1562603626,11.532450675964355,0.5141811370849609,0.6198672652244568,
dish_1562603842,9.282946586608887,0.47636735439300537,0.755792498588562,
dish_1562603867,10.702520370483398,0.4632205665111542,0.7086378335952759,
dish_1562603895,9.31790828704834,0.40986794233322144,0.7454873919487,
dish_1562605315,14.765615463256836,0.7069286108016968,0.6033620834350586,
dish_1562605352,12.078511238098145,0.5350428819656372,0.656531572341919,
dish_1562605384,14.342753410339355,0.6826561093330383,0.61335289478302,
dish_1562605411,10.41118049621582,0.4847078323364258,0.7146162986755371,
dish_1562611522,10.67011833190918,0.6241925358772278,0.609013020992279,
dish_1562611580,10.150840759277344,0.585940957069397,0.6409916281700134,
dish_1562611620,12.471848487854004,0.6023985147476196,0.6470376253128052,
dish_1562611649,12.19746208190918,0.566916823387146,0.6755756139755249,
dish_1562611680,11.174999237060547,0.45539337396621704,0.701249361038208,
dish_1562611853,11.73802661895752,0.4785168170928955,0.6523944735527039,
dish_1562612974,10.882272720336914,0.5211582183837891,0.6943278312683105,
dish_1562613010,12.38298511505127,0.541530191898346,0.5982732176780701,
dish_1562613045,8.881509780883789,0.44033581018447876,0.7994004487991333,
dish_1562613285,8.341526985168457,0.44893985986709595,0.6819654107093811,
dish_1562613340,8.878090858459473,0.44082745909690857,0.6996634602546692,
dish_1562613376,9.29861068725586,0.46688520908355713,0.6718032956123352,
dish_1562613403,9.706222534179688,0.4246959686279297,0.724448561668396,
dish_1562613867,11.611064910888672,0.5221933126449585,0.645442008972168,
dish_1562613898,8.548757553100586,0.4876900017261505,0.6288927793502808,
dish_1562613918,10.268269538879395,0.48013365268707275,0.6406744718551636,
dish_1562613974,12.251748085021973,0.43940770626068115,0.678007960319519,
dish_1562614121,16.716554641723633,0.6791281700134277,0.48478877544403076,
dish_1562614158,9.826802253723145,0.4824143946170807,0.6416542530059814,
dish_1562614895,13.766995429992676,0.6676832437515259,0.5754169225692749,
dish_1562614921,9.414607048034668,0.4446549713611603,0.7629392147064209,
dish_1562614952,8.904692649841309,0.4019346237182617,0.7560012340545654,
dish_1562614980,12.21075439453125,0.4869745373725891,0.5958651304244995,
dish_1562615070,10.054830551147461,0.5046878457069397,0.6863986253738403,
dish_1562615103,11.174026489257812,0.4563441276550293,0.7384905815124512,
dish_1562615128,12.244540214538574,0.5016178488731384,0.6289189457893372,
dish_1562615153,12.614089965820312,0.46209120750427246,0.6328709125518799,
dish_1562615283,13.748085975646973,0.6122022271156311,0.6033422350883484,
dish_1562615324,9.638236045837402,0.5373178124427795,0.6885244250297546,
dish_1562615360,12.185269355773926,0.6615087389945984,0.5287749767303467,
dish_1562615388,12.03993034362793,0.5076134204864502,0.6221111416816711,
dish_1562617370,13.042226791381836,0.6379947662353516,0.5906598567962646,
dish_1562617395,11.677749633789062,0.5370113849639893,0.6603809595108032,
dish_1562617416,9.795995712280273,0.41017770767211914,0.7535557746887207,
dish_1562617446,9.23499870300293,0.4281265139579773,0.7521331310272217,
dish_1562617470,9.534231185913086,0.39864015579223633,0.7379095554351807,
dish_1562617492,9.805328369140625,0.42717427015304565,0.7499890327453613,
dish_1562617939,8.680822372436523,0.42783981561660767,0.7304251194000244,
dish_1562618000,10.714515686035156,0.46600541472435,0.6824875473976135,
dish_1562686492,16.102401733398438,0.7412000298500061,0.5794135928153992,
dish_1562686520,17.682607650756836,0.7892938256263733,0.5254385471343994,
dish_1562686548,16.09563636779785,0.7179762125015259,0.5271971225738525,
dish_1562686577,8.906719207763672,0.4173661768436432,0.7921890020370483,
dish_1562687246,12.983179092407227,0.6799390912055969,0.6337212324142456,
dish_1562687274,14.054704666137695,0.6732013821601868,0.5668972730636597,
dish_1562687299,12.153260231018066,0.5264555215835571,0.7194339632987976,
dish_1562687527,11.82662582397461,0.5268759727478027,0.6800898313522339,
dish_1562687554,10.303024291992188,0.43835246562957764,0.7194313406944275,
dish_1562688426,14.086488723754883,0.6750476360321045,0.6088148951530457,
dish_1562688482,13.26655387878418,0.6341195106506348,0.6683782935142517,
dish_1562688524,10.379046440124512,0.49184879660606384,0.6399331092834473,
dish_1562688552,12.687196731567383,0.6078711748123169,0.692276120185852,
dish_1562689601,13.140774726867676,0.7149505019187927,0.5687271952629089,
dish_1562689620,15.501754760742188,0.7250134944915771,0.5136202573776245,
dish_1562689645,14.709698677062988,0.6747913360595703,0.5845197439193726,
dish_1562690047,11.902383804321289,0.6389506459236145,0.6606267690658569,
dish_1562690074,9.849454879760742,0.5270771980285645,0.7380866408348083,
dish_1562690112,11.941389083862305,0.5154746174812317,0.6773985028266907,
dish_1562690144,10.919927597045898,0.4973468780517578,0.7499191761016846,
dish_1562690886,15.480608940124512,0.757554829120636,0.5238854885101318,
dish_1562690917,10.103067398071289,0.5557999014854431,0.6283025741577148,
dish_1562690950,14.062271118164062,0.6361852288246155,0.5493351817131042,
dish_1562691000,13.658635139465332,0.5878398418426514,0.6468550562858582,
dish_1562691032,12.277149200439453,0.518398106098175,0.6949381828308105,
dish_1562691064,12.840269088745117,0.49770915508270264,0.7029300928115845,
dish_1562691383,11.053242683410645,0.5849305391311646,0.6313648819923401,
dish_1562691441,9.971302032470703,0.4358382523059845,0.7747077941894531,
dish_1562691466,8.283727645874023,0.36687085032463074,0.7809969782829285,
dish_1562691538,13.645014762878418,0.6420963406562805,0.5670444369316101,
dish_1562691566,9.942899703979492,0.48261815309524536,0.7403134703636169,
dish_1562691613,8.64489459991455,0.41080689430236816,0.765686571598053,
dish_1562691645,8.573668479919434,0.43230700492858887,0.761671781539917,
dish_1562691674,11.320890426635742,0.520982027053833,0.666877269744873,
dish_1562691737,10.19374942779541,0.45792436599731445,0.7629721164703369,
dish_1562698100,10.567724227905273,0.5616766214370728,0.6639358997344971,
dish_1562698132,9.09449291229248,0.45195114612579346,0.7056738138198853,
dish_1562698209,14.742145538330078,0.5803363919258118,0.4723760783672333,
dish_1562698239,13.627301216125488,0.5955931544303894,0.5999077558517456,
dish_1562698276,14.969755172729492,0.6488765478134155,0.5957186222076416,
dish_1562699612,16.25967788696289,0.7856977581977844,0.5636069774627686,
dish_1562699652,14.158794403076172,0.6654500961303711,0.5600019693374634,
dish_1562699699,9.118157386779785,0.43610987067222595,0.6651246547698975,
dish_1562700524,14.49476432800293,0.6836786866188049,0.5490110516548157,
dish_1562700568,12.761892318725586,0.5907232761383057,0.6522130966186523,
dish_1562700593,13.777106285095215,0.5825912356376648,0.6628811955451965,
dish_1562700685,10.324291229248047,0.5196255445480347,0.752956748008728,
dish_1562700718,9.50467300415039,0.4871308207511902,0.6721917390823364,
dish_1562700760,12.454686164855957,0.5705317854881287,0.75654137134552,
dish_1562700906,11.476497650146484,0.6212854981422424,0.689466655254364,
dish_1562700931,13.286602973937988,0.5543595552444458,0.6202738285064697,
dish_1562700957,11.950281143188477,0.5226037502288818,0.6302527785301208,
dish_1562702007,12.914501190185547,0.6320182681083679,0.6103797554969788,
dish_1562702044,11.063896179199219,0.566851794719696,0.6947776079177856,
dish_1562702091,12.48092269897461,0.5659188032150269,0.6814460754394531,
dish_1562702132,8.654274940490723,0.42071664333343506,0.7747746706008911,
dish_1562702355,14.702816009521484,0.6492182612419128,0.5233070850372314,
dish_1562702379,13.343255043029785,0.6334137916564941,0.5818262696266174,
dish_1562702412,12.684128761291504,0.5676418542861938,0.6509942412376404,
dish_1562702469,12.573018074035645,0.5611713528633118,0.6640616655349731,
dish_1562702813,16.442392349243164,0.6366729736328125,0.45980972051620483,
dish_1562702853,15.279813766479492,0.6260789632797241,0.548338770866394,
dish_1562703382,11.484039306640625,0.5738654732704163,0.6488385200500488,
dish_1562703408,10.791911125183105,0.4791252613067627,0.709498405456543,
dish_1562704528,10.712193489074707,0.6202690005302429,0.5945096611976624,
dish_1562704564,10.719057083129883,0.5451692342758179,0.7272911071777344,
dish_1562704616,11.129189491271973,0.559091329574585,0.6493228673934937,
dish_1562704640,11.327960968017578,0.49879753589630127,0.6525377035140991,
dish_1562774099,8.77358627319336,0.5747213363647461,0.6673041582107544,
dish_1562774129,8.158815383911133,0.5609617233276367,0.6622380018234253,
dish_1562774159,8.288370132446289,0.5548524260520935,0.6828116178512573,
dish_1562774180,12.057049751281738,0.6405670642852783,0.6189088821411133,
dish_1562774206,10.967445373535156,0.5263180732727051,0.7100734710693359,
dish_1562774346,10.361655235290527,0.54603511095047,0.8022547960281372,
dish_1562774456,18.69343376159668,0.7526215314865112,0.4234272837638855,
dish_1562774475,13.462903022766113,0.7168290019035339,0.5278878211975098,
dish_1562774504,11.393417358398438,0.5507136583328247,0.6723201274871826,
dish_1562774531,8.269186019897461,0.4539043605327606,0.7321685552597046,
dish_1562774980,14.784707069396973,0.743873119354248,0.6422004103660583,
dish_1562775356,11.838767051696777,0.6379413604736328,0.7313632965087891,
dish_1562775373,14.12826156616211,0.6671267747879028,0.6142591238021851,
dish_1562775456,12.374671936035156,0.6814591288566589,0.670326292514801,
dish_1562775488,12.385078430175781,0.6540107727050781,0.698101282119751,
dish_1562775510,10.443047523498535,0.5468331575393677,0.7231206297874451,
dish_1562775549,11.154138565063477,0.5840334892272949,0.7313001751899719,
dish_1562775574,11.146072387695312,0.5468587875366211,0.7484630346298218,
dish_1562776428,10.785612106323242,0.57567298412323,0.6311498284339905,
dish_1562776465,11.730463027954102,0.5891491174697876,0.6651586294174194,
dish_1562776497,9.838095664978027,0.5208937525749207,0.7993776798248291,
dish_1562777000,10.456384658813477,0.5706062912940979,0.7442280054092407,
dish_1562777037,14.683594703674316,0.6756849884986877,0.6017947196960449,
dish_1562777068,10.074272155761719,0.47594892978668213,0.754970133304596,
dish_1562777099,8.312520027160645,0.44739341735839844,0.7441350221633911,
dish_1562777566,11.940998077392578,0.6252983808517456,0.5953258275985718,
dish_1562783691,13.917279243469238,0.6301639080047607,0.6357531547546387,
dish_1562784242,11.551260948181152,0.6203017830848694,0.6828840970993042,
dish_1562784266,13.177864074707031,0.668468713760376,0.6483122706413269,
dish_1562784307,12.042186737060547,0.5504148006439209,0.6935796141624451,
dish_1562784347,11.81010913848877,0.45914560556411743,0.6901880502700806,
dish_1562784388,9.158553123474121,0.388877809047699,0.7694882154464722,
dish_1562785132,12.349560737609863,0.6063860654830933,0.6759771704673767,
dish_1562785159,8.112605094909668,0.40632113814353943,0.7921574711799622,
dish_1562785184,8.776029586791992,0.39180082082748413,0.7423371076583862,
dish_1562785328,10.78366756439209,0.5465965270996094,0.6762853860855103,
dish_1562785369,8.714616775512695,0.409872442483902,0.6793382167816162,
dish_1562787745,17.8089656829834,0.7432410717010498,0.4139472246170044,
dish_1562787783,14.061107635498047,0.6243665218353271,0.6030294895172119,
dish_1562787817,9.663951873779297,0.5019475817680359,0.7436747550964355,
dish_1562787848,10.013961791992188,0.47913217544555664,0.7347692251205444,
dish_1562787956,14.44990062713623,0.6853876113891602,0.5208401679992676,
dish_1562787983,11.65275764465332,0.614677906036377,0.6314212083816528,
dish_1562788010,12.836130142211914,0.6368117332458496,0.5518825054168701,
dish_1562788032,14.43252944946289,0.6524561643600464,0.5408481955528259,
dish_1562788506,17.177690505981445,0.8215375542640686,0.5340136885643005,
dish_1562788536,10.330500602722168,0.5707439184188843,0.7116489410400391,
dish_1562788568,12.140678405761719,0.6047604084014893,0.6241897940635681,
dish_1562788601,15.258901596069336,0.6509895324707031,0.5407359600067139,
dish_1562788732,14.0648193359375,0.7325016260147095,0.5665403604507446,
dish_1562788760,13.22220230102539,0.6643141508102417,0.5772979259490967,
dish_1562788794,11.447395324707031,0.6012204885482788,0.6898120045661926,
dish_1562788816,12.310598373413086,0.6123834848403931,0.696487545967102,
dish_1562788845,9.751580238342285,0.4262426495552063,0.7581455707550049,
dish_1562789207,12.800257682800293,0.6499177813529968,0.619335412979126,
dish_1562789240,17.305566787719727,0.7400805354118347,0.43385323882102966,
dish_1562789268,13.093563079833984,0.6357936263084412,0.6524168848991394,
dish_1562789301,10.783397674560547,0.4993164837360382,0.7112683057785034,
dish_1562789328,9.421408653259277,0.4608912467956543,0.7689822316169739,
dish_1562790170,10.413579940795898,0.5536273121833801,0.6387619376182556,
dish_1562790224,10.182387351989746,0.5258252620697021,0.6752727031707764,
dish_1562790259,9.947362899780273,0.5323606729507446,0.7127927541732788,
dish_1562790295,9.534178733825684,0.4767892360687256,0.6983355283737183,
dish_1562790321,10.837270736694336,0.4889245927333832,0.6596579551696777,
dish_1562790775,10.114466667175293,0.589242696762085,0.6471024751663208,
dish_1562790824,9.050041198730469,0.43637943267822266,0.7118797302246094,
dish_1562790855,10.820834159851074,0.5408702492713928,0.7053270936012268,
dish_1562859116,14.156007766723633,0.6711459159851074,0.6451303958892822,
dish_1562860045,10.421249389648438,0.49734970927238464,0.783229649066925,
dish_1562860073,9.839200973510742,0.4085184335708618,0.7505937814712524,
dish_1562861125,13.41117000579834,0.6724885106086731,0.6386340856552124,
dish_1562862493,10.79420280456543,0.6058555841445923,0.7709832787513733,
dish_1562862529,13.60883903503418,0.5971193909645081,0.6514869332313538,
dish_1562871297,14.329095840454102,0.6714621782302856,0.6820210218429565,
dish_1562871363,15.019783020019531,0.7201954126358032,0.5882750749588013,
dish_1562871408,13.11180305480957,0.6200782656669617,0.661546528339386,
dish_1562871448,12.86685562133789,0.5827626585960388,0.6549920439720154,
dish_1562871488,11.434398651123047,0.5498231649398804,0.7195446491241455,
dish_1562871537,9.653558731079102,0.4247141182422638,0.7777045965194702,
dish_1562872150,17.982784271240234,0.8626261949539185,0.4961308538913727,
dish_1562872182,9.440131187438965,0.5294735431671143,0.7302202582359314,
dish_1562872223,13.70626449584961,0.5966832041740417,0.6439000964164734,
dish_1562872365,14.249833106994629,0.7178677916526794,0.5612457394599915,
dish_1562872396,16.46038055419922,0.7377046346664429,0.4752953052520752,
dish_1562872432,12.690179824829102,0.5966525077819824,0.5832446217536926,
dish_1562872470,10.864696502685547,0.5385012626647949,0.7101812362670898,
dish_1562872498,13.34115982055664,0.5546882152557373,0.5897576808929443,
dish_1562872662,11.29886245727539,0.630132794380188,0.7090415954589844,
dish_1562872746,9.349380493164062,0.5607110261917114,0.7333910465240479,
dish_1562872914,12.863300323486328,0.6728159189224243,0.6857260465621948,
dish_1562872945,10.667157173156738,0.567622184753418,0.7584187984466553,
dish_1562872981,13.6063814163208,0.6452879905700684,0.6023047566413879,
dish_1562873002,9.843992233276367,0.49693626165390015,0.7701295614242554,
dish_1562873028,9.83926773071289,0.4847694933414459,0.7653160691261292,
dish_1562873155,10.135915756225586,0.5615068078041077,0.6199041604995728,
dish_1562873187,8.242839813232422,0.5120464563369751,0.6997606158256531,
dish_1562873224,9.580946922302246,0.48536616563796997,0.786969780921936,
dish_1562873264,9.48586654663086,0.3958684206008911,0.7678179740905762,
dish_1562873416,9.128496170043945,0.5608513951301575,0.7094213962554932,
dish_1562873495,10.730249404907227,0.5776609778404236,0.7032430171966553,
dish_1562873544,9.665935516357422,0.47430896759033203,0.7463298439979553,
dish_1562873790,15.876457214355469,0.6814414262771606,0.5477107167243958,
dish_1562873814,12.619392395019531,0.5181028842926025,0.6317265033721924,
dish_1562874049,14.045920372009277,0.691402792930603,0.6470943689346313,
dish_1562874203,8.555716514587402,0.5709436535835266,0.6598182916641235,
dish_1562874250,12.652499198913574,0.5452250242233276,0.6030661463737488,
dish_1562874282,8.055708885192871,0.4056718349456787,0.7642662525177002,
dish_1562875159,17.416532516479492,0.7120267748832703,0.4685002267360687,
dish_1562875211,15.337581634521484,0.6784372925758362,0.5364409685134888,
dish_1562875241,12.762639999389648,0.6044561862945557,0.6673399209976196,
dish_1562875273,13.993181228637695,0.5539625883102417,0.5988872647285461,
dish_1562875320,12.606897354125977,0.5021140575408936,0.6614472270011902,
dish_1562875833,12.529781341552734,0.588808536529541,0.631130039691925,
dish_1562875870,9.667426109313965,0.5383119583129883,0.7281763553619385,
dish_1562875898,10.763530731201172,0.5740419030189514,0.7023959755897522,
dish_1562875940,9.615663528442383,0.47612464427948,0.7687737345695496,
dish_1562876494,12.071419715881348,0.6331219673156738,0.6581430435180664,
dish_1562876531,11.918975830078125,0.6074423789978027,0.6330026388168335,
dish_1562876618,16.69042205810547,0.8107414245605469,0.43801939487457275,
dish_1562876674,13.157934188842773,0.645505964756012,0.6492198705673218,
dish_1562876709,12.008930206298828,0.5106501579284668,0.7067967653274536,
dish_1562876732,14.649698257446289,0.547565758228302,0.5313820838928223,
dish_1562876756,9.986839294433594,0.4282761812210083,0.7322395443916321,
dish_1562945186,10.732742309570312,0.5162872076034546,0.763898491859436,
dish_1562945332,9.03007698059082,0.47950848937034607,0.804096519947052,
dish_1562945393,8.7363862991333,0.5061523914337158,0.8510140180587769,
dish_1562945445,9.201780319213867,0.5092967748641968,0.7712885141372681,
dish_1562945499,6.916032314300537,0.4784059226512909,0.7807514071464539,
dish_1562945779,9.14388370513916,0.6218401193618774,0.6271979212760925,
dish_1562945823,7.437504291534424,0.5158373713493347,0.7718112468719482,
dish_1562945879,9.770113945007324,0.5078696608543396,0.6477558612823486,
dish_1562945900,7.715488433837891,0.45356714725494385,0.7600355744361877,
dish_1562946006,11.112567901611328,0.5885902643203735,0.722583532333374,
dish_1562946106,10.7461576461792,0.5141780972480774,0.7024509310722351,
dish_1562947020,10.164859771728516,0.5369290709495544,0.7794223427772522,
dish_1562947376,16.67032814025879,0.8401808142662048,0.49738165736198425,
dish_1562947409,14.994342803955078,0.7161860466003418,0.6119648218154907,
dish_1562947436,10.231157302856445,0.5731798410415649,0.6567084789276123,
dish_1562947469,11.535005569458008,0.6103547811508179,0.6338508725166321,
dish_1562947503,9.910181045532227,0.5021912455558777,0.7664925456047058,
dish_1562949162,13.737261772155762,0.7232236862182617,0.6462092399597168,
dish_1562949205,13.861732482910156,0.723544180393219,0.7145082950592041,
dish_1562949242,10.65934944152832,0.5521661639213562,0.7361659407615662,
dish_1562949467,13.945117950439453,0.749924898147583,0.5851209163665771,
dish_1562949515,10.080588340759277,0.5367975234985352,0.6276804208755493,
dish_1562949541,11.246158599853516,0.49664953351020813,0.6212776899337769,
dish_1562950018,16.43128776550293,0.7669110298156738,0.5862159729003906,
dish_1562950057,10.896498680114746,0.6183631420135498,0.7642916440963745,
dish_1562950091,10.56755542755127,0.5903522968292236,0.7419028878211975,
dish_1562950895,11.888511657714844,0.6579445004463196,0.6510129570960999,
dish_1562950934,11.240073204040527,0.606871485710144,0.7933336496353149,
dish_1562956486,11.994102478027344,0.6017655730247498,0.6611289978027344,
dish_1562956510,13.031183242797852,0.5902460813522339,0.6108351945877075,
dish_1562958563,12.66010856628418,0.6288307905197144,0.6240854263305664,
dish_1562958603,11.088289260864258,0.5783374309539795,0.7012217044830322,
dish_1562958629,13.427118301391602,0.6081424951553345,0.6141525506973267,
dish_1562958721,13.59527587890625,0.6940088272094727,0.6341410875320435,
dish_1562958775,9.019859313964844,0.5339937806129456,0.6618706583976746,
dish_1562958809,13.419830322265625,0.6040723919868469,0.5384795665740967,
dish_1562958998,13.517682075500488,0.6783939599990845,0.6542692184448242,
dish_1562959024,12.96097183227539,0.6094303131103516,0.6851105690002441,
dish_1562959059,11.913663864135742,0.5770983695983887,0.6816506385803223,
dish_1562959103,15.313603401184082,0.6398403644561768,0.5874843597412109,
dish_1562959129,11.358863830566406,0.547855794429779,0.7338255643844604,
dish_1562959190,11.028175354003906,0.47793737053871155,0.7385596632957458,
dish_1562959295,16.847444534301758,0.801629364490509,0.5316166281700134,
dish_1562959344,16.578174591064453,0.80494624376297,0.5093748569488525,
dish_1562959379,12.384025573730469,0.6068127751350403,0.6501951217651367,
dish_1562959485,16.08643913269043,0.6872555017471313,0.5264350771903992,
dish_1562959517,11.123125076293945,0.5218342542648315,0.6721529960632324,
dish_1562959547,11.096437454223633,0.5010513663291931,0.6327399015426636,
dish_1562959570,14.384254455566406,0.5998666286468506,0.5319797992706299,
dish_1562959700,10.592639923095703,0.5933243036270142,0.7337073683738708,
dish_1562959732,10.364510536193848,0.563355028629303,0.681631863117218,
dish_1562959766,12.000149726867676,0.5789252519607544,0.6711609363555908,
dish_1562959799,9.481002807617188,0.47039785981178284,0.72430020570755,
dish_1562960437,14.381378173828125,0.7529134750366211,0.5807030200958252,
dish_1562960472,12.695308685302734,0.6089787483215332,0.6393591165542603,
dish_1562960520,12.256784439086914,0.5859056711196899,0.6333396434783936,
dish_1562961588,13.11190128326416,0.7060128450393677,0.5885265469551086,
dish_1562961609,11.789125442504883,0.5953905582427979,0.6933376789093018,
dish_1562961650,12.14284610748291,0.5809206962585449,0.6523195505142212,
dish_1562963006,10.92143440246582,0.6508288383483887,0.7258520722389221,
dish_1562963033,9.873488426208496,0.6226453185081482,0.6914508938789368,
dish_1562963059,9.085611343383789,0.5781970024108887,0.6783889532089233,
dish_1562963084,12.331361770629883,0.6362272500991821,0.6737738251686096,
dish_1562963109,9.518698692321777,0.4925186038017273,0.7614556550979614,
dish_1562963153,8.581557273864746,0.4533805847167969,0.7750169038772583,
dish_1562963246,12.966961860656738,0.6712415218353271,0.6719003915786743,
dish_1562963289,11.837081909179688,0.5781254172325134,0.6903953552246094,
dish_1562963325,9.85844898223877,0.5117678642272949,0.7692846655845642,
dish_1562963484,9.995983123779297,0.572372317314148,0.6649604439735413,
dish_1562963517,12.178117752075195,0.5121062397956848,0.6398652791976929,
dish_1562963583,12.776671409606934,0.7172359824180603,0.5476636290550232,
dish_1562963612,13.159393310546875,0.6417546272277832,0.6106593608856201,
dish_1562963648,12.217235565185547,0.5497329235076904,0.6590379476547241,
dish_1562963676,13.200878143310547,0.5640453100204468,0.626761794090271,
dish_1562963704,9.15359878540039,0.44299542903900146,0.7994610071182251,
dish_1563205877,15.428516387939453,0.8001946806907654,0.5235464572906494,
dish_1563205903,17.400470733642578,0.7913709878921509,0.5357855558395386,
dish_1563205927,12.423791885375977,0.6348872780799866,0.7220555543899536,
dish_1563205953,11.407719612121582,0.5835117697715759,0.7001117467880249,
dish_1563205982,9.618940353393555,0.5234284400939941,0.7915946841239929,
dish_1563206409,13.83350944519043,0.6614686846733093,0.7313591241836548,
dish_1563206601,9.451695442199707,0.5391767024993896,0.6793226599693298,
dish_1563207277,13.507352828979492,0.6382735371589661,0.6399526596069336,
dish_1563207332,10.209609985351562,0.5552811622619629,0.7489558458328247,
dish_1563207364,10.946026802062988,0.49819499254226685,0.716841459274292,
dish_1563207389,11.196521759033203,0.5038320422172546,0.7021190524101257,
dish_1563207406,11.423627853393555,0.6360289454460144,0.7713951468467712,
dish_1563208094,14.0105562210083,0.7011752724647522,0.5540013909339905,
dish_1563208412,11.913865089416504,0.6955902576446533,0.5892496109008789,
dish_1563208439,10.145212173461914,0.6005066633224487,0.6829333305358887,
dish_1563208459,8.768879890441895,0.5037606954574585,0.6909899711608887,
dish_1563216412,9.39282512664795,0.5678092837333679,0.7180318236351013,
dish_1563216440,10.963590621948242,0.5155144929885864,0.7395886182785034,
dish_1563216625,14.647467613220215,0.7838079333305359,0.49867933988571167,
dish_1563216659,12.271474838256836,0.5611218214035034,0.666037917137146,
dish_1563216689,15.438232421875,0.6509969234466553,0.5491068363189697,
dish_1563216717,10.354655265808105,0.5008829236030579,0.718570351600647,
dish_1563216739,8.79016399383545,0.48451530933380127,0.7639124393463135,
dish_1563217774,13.28244686126709,0.6446499824523926,0.6001611948013306,
dish_1563217804,11.495970726013184,0.48725903034210205,0.7179436087608337,
dish_1563217895,13.677441596984863,0.661686897277832,0.5777357816696167,
dish_1563217939,11.148857116699219,0.4904651641845703,0.6967036724090576,
dish_1563217968,11.06374740600586,0.5333677530288696,0.6286681890487671,
dish_1563217993,7.925230979919434,0.4046628475189209,0.7921420335769653,
dish_1563218031,6.739289283752441,0.3866899013519287,0.8319494724273682,
dish_1563218201,9.930419921875,0.5757713913917542,0.7495468854904175,
dish_1563218408,10.984708786010742,0.5610406994819641,0.681456446647644,
dish_1563218959,8.692974090576172,0.48719000816345215,0.7570723295211792,
dish_1563218987,9.487199783325195,0.4994444251060486,0.7747468948364258,
dish_1563219009,9.617680549621582,0.5086484551429749,0.7688009142875671,
dish_1563219035,8.184592247009277,0.42896103858947754,0.7786154747009277,
dish_1563219056,12.815497398376465,0.5710811018943787,0.6272469758987427,
dish_1563220058,15.943584442138672,0.7458851337432861,0.5744772553443909,
dish_1563220087,14.093118667602539,0.6722573041915894,0.60417640209198,
dish_1563220143,9.865911483764648,0.4434739351272583,0.7287979125976562,
dish_1563220171,12.213397979736328,0.5365670919418335,0.644041895866394,
dish_1563220767,13.53779125213623,0.6514168977737427,0.5571006536483765,
dish_1563220802,8.198868751525879,0.4677160978317261,0.731162428855896,
dish_1563220987,10.496030807495117,0.5474851131439209,0.6759924292564392,
dish_1563221025,8.26775074005127,0.437743216753006,0.7359480857849121,
dish_1563221054,13.86069107055664,0.6262564659118652,0.5398333072662354,
dish_1563221086,12.598681449890137,0.5545229911804199,0.602839469909668,
dish_1563221157,8.355510711669922,0.4010559618473053,0.7941167950630188,
dish_1563221443,11.644633293151855,0.6500844955444336,0.7128204107284546,
dish_1563221495,11.117359161376953,0.5889443159103394,0.7521824240684509,
dish_1563221519,8.709877014160156,0.5574063658714294,0.7269628643989563,
dish_1563221562,9.898345947265625,0.5167640447616577,0.7534888386726379,
dish_1563221602,8.484421730041504,0.3993920087814331,0.7257065176963806,
dish_1563221640,8.294573783874512,0.35072964429855347,0.7431564927101135,
dish_1563222745,11.25144100189209,0.6531468629837036,0.6267845034599304,
dish_1563222775,11.20448112487793,0.607816219329834,0.6171135902404785,
dish_1563222800,14.896991729736328,0.736750602722168,0.5683912038803101,
dish_1563222830,9.66980266571045,0.5065793395042419,0.6989114880561829,
dish_1563222850,10.320240020751953,0.49679070711135864,0.6942653656005859,
dish_1563294491,15.576637268066406,0.7420493364334106,0.5262699723243713,
dish_1563294522,10.473785400390625,0.5558421611785889,0.6384458541870117,
dish_1563294547,10.417901992797852,0.4958253502845764,0.7538020610809326,
dish_1563294987,10.156192779541016,0.5205451846122742,0.6588194966316223,
dish_1563295044,10.782402038574219,0.5027907490730286,0.6954219341278076,
dish_1563302345,14.739028930664062,0.6340446472167969,0.5249330401420593,
dish_1563302391,13.258973121643066,0.7085729837417603,0.5616438984870911,
dish_1563302447,8.793434143066406,0.44741809368133545,0.7461205720901489,
dish_1563303298,11.433204650878906,0.625584602355957,0.6533676385879517,
dish_1563303350,9.18956184387207,0.5348430871963501,0.6867431402206421,
dish_1563303386,10.813238143920898,0.5309202671051025,0.6247360110282898,
dish_1563304261,13.9176664352417,0.5589678883552551,0.7190160751342773,
dish_1563304301,13.983454704284668,0.576351523399353,0.5474086999893188,
dish_1563304333,8.570868492126465,0.41323143243789673,0.7432730197906494,
dish_1563304369,12.367563247680664,0.511174201965332,0.6074788570404053,
dish_1563304881,12.313705444335938,0.5210908651351929,0.6666765213012695,
dish_1563304925,9.713129997253418,0.4482265114784241,0.6693695187568665,
dish_1565036788,14.488639831542969,0.7138134837150574,0.5617797374725342,
dish_1565036821,15.351468086242676,0.6653974652290344,0.6654678583145142,
dish_1565036865,14.3680419921875,0.6967470645904541,0.5344703197479248,
dish_1565036890,13.46694564819336,0.6356796026229858,0.5988680720329285,
dish_1565036922,10.83065128326416,0.5424915552139282,0.692753791809082,
dish_1565036953,12.407478332519531,0.5128582715988159,0.7034705281257629,
dish_1565107066,11.66089153289795,0.6782536506652832,0.5816922187805176,
dish_1565107092,16.038280487060547,0.7499393224716187,0.6460734009742737,
dish_1565107143,11.46030044555664,0.5786139369010925,0.6836251020431519,
dish_1565107171,11.389609336853027,0.5415066480636597,0.7068763971328735,
dish_1565109606,12.003389358520508,0.562017023563385,0.6346164345741272,
dish_1565109637,12.764836311340332,0.6085978150367737,0.5889040231704712,
dish_1565109659,11.650524139404297,0.5863155126571655,0.6753042340278625,
dish_1565117429,17.433208465576172,0.7363194227218628,0.4525449872016907,
dish_1565117463,13.032752990722656,0.5750405788421631,0.6472377777099609,
dish_1565117892,11.986557960510254,0.5329080820083618,0.7483687400817871,
dish_1565117934,10.993558883666992,0.49569249153137207,0.7583879232406616,
dish_1565117962,11.236505508422852,0.4815886616706848,0.7841241955757141,
dish_1565117990,10.666773796081543,0.4858977794647217,0.701296329498291,
dish_1565118029,10.669007301330566,0.4248445928096771,0.7076627016067505,
dish_1565118067,11.422639846801758,0.4790646433830261,0.7051278352737427,
dish_1565118096,12.402660369873047,0.5567732453346252,0.6682266592979431,
dish_1565118782,9.238496780395508,0.4172942042350769,0.7105313539505005,
dish_1565118999,15.082779884338379,0.5553275942802429,0.5262554883956909,
dish_1565119418,14.918401718139648,0.677338182926178,0.5823549032211304,
dish_1565119439,12.19087028503418,0.6232995390892029,0.656377911567688,
dish_1565119493,9.772004127502441,0.3989253640174866,0.7442957758903503,
dish_1565119642,11.505758285522461,0.6114549040794373,0.6031040549278259,
dish_1565119669,11.128497123718262,0.5683416724205017,0.662848711013794,
dish_1565119739,10.227840423583984,0.4974026679992676,0.7042703628540039,
dish_1565123783,13.002511024475098,0.7366558909416199,0.5325021147727966,
dish_1565123816,11.842788696289062,0.6794207096099854,0.576236367225647,
dish_1565123845,11.257124900817871,0.6107808351516724,0.6224100589752197,
dish_1565123881,10.527183532714844,0.5172258615493774,0.6782087087631226,
dish_1565194684,11.70615005493164,0.5573365092277527,0.7378323078155518,
dish_1565194781,12.128552436828613,0.5246176719665527,0.6451499462127686,
dish_1565194823,12.718274116516113,0.5558613538742065,0.6083518862724304,
dish_1565194852,12.396239280700684,0.5469741821289062,0.6287379264831543,
dish_1565194906,9.76031494140625,0.47010964155197144,0.7378590106964111,
dish_1565195362,12.354811668395996,0.5803832411766052,0.6033371686935425,
dish_1565195398,11.621925354003906,0.5368980169296265,0.6159446835517883,
dish_1565195436,9.171674728393555,0.4683871865272522,0.7547622919082642,
dish_1565195493,12.120298385620117,0.5770708918571472,0.6275919079780579,
dish_1565203015,9.802352905273438,0.5070112943649292,0.6848792433738708,
dish_1565203094,10.30767822265625,0.5105024576187134,0.7160967588424683,
dish_1565204855,9.724281311035156,0.5263776183128357,0.7211031913757324,
dish_1565204891,11.413161277770996,0.5396065711975098,0.6074555516242981,
dish_1565204931,11.663317680358887,0.47812989354133606,0.6391996145248413,
dish_1565207631,10.995793342590332,0.5787004232406616,0.6488939523696899,
dish_1565207662,10.938543319702148,0.556410014629364,0.6956285238265991,
dish_1565207694,12.097707748413086,0.5360423922538757,0.6958072185516357,
dish_1565207727,11.356805801391602,0.511735737323761,0.6880337595939636,
dish_1565207865,11.771150588989258,0.499481737613678,0.6526569724082947,
dish_1565207896,9.80485725402832,0.38034045696258545,0.7451013326644897,
dish_1565208562,13.41133975982666,0.6563222408294678,0.5583434104919434,
dish_1565208611,14.348912239074707,0.6342637538909912,0.6032867431640625,
dish_1565208637,12.632160186767578,0.5559884309768677,0.6738657355308533,
dish_1565209922,11.69968032836914,0.5947009921073914,0.6624107360839844,
dish_1565209963,11.828169822692871,0.6055732369422913,0.5911798477172852,
dish_1565210009,11.451955795288086,0.4957675039768219,0.6556583046913147,
dish_1565210037,11.038351058959961,0.5469133853912354,0.6823481917381287,
dish_1565210073,11.46121597290039,0.5318820476531982,0.6967360973358154,
dish_1565369938,13.302424430847168,0.6328141689300537,0.6736325025558472,
dish_1565369971,12.713044166564941,0.5051872134208679,0.6199996471405029,
dish_1565370004,8.914421081542969,0.4120837450027466,0.7380706071853638,
dish_1565378680,12.437212944030762,0.6390565633773804,0.5674871802330017,
dish_1565378731,14.356427192687988,0.6347891092300415,0.5132448077201843,
dish_1565378770,12.08174991607666,0.5647256374359131,0.6869655847549438,
dish_1565379251,12.919506072998047,0.6569194793701172,0.626223087310791,
dish_1565379320,12.171680450439453,0.538547933101654,0.6485416889190674,
dish_1565379377,12.017182350158691,0.5439785718917847,0.5946285724639893,
dish_1565379788,13.367467880249023,0.6118221282958984,0.6625902652740479,
dish_1565379868,10.222134590148926,0.500966489315033,0.6942831873893738,
dish_1565382762,13.687779426574707,0.6783195734024048,0.5797310471534729,
dish_1565382803,12.700860023498535,0.6696290373802185,0.557142436504364,
dish_1565382833,14.419267654418945,0.6366089582443237,0.6090236902236938,
dish_1565382856,11.509727478027344,0.5480800271034241,0.7441409230232239,
dish_1565382886,13.223531723022461,0.5190929174423218,0.6463288068771362,
dish_1565382995,10.796700477600098,0.46652865409851074,0.665444552898407,
dish_1565383026,10.95173168182373,0.4450843036174774,0.6798419952392578,
dish_1565383062,9.178901672363281,0.3863554894924164,0.7516413331031799,
dish_1565383097,9.497166633605957,0.34664639830589294,0.744744062423706,
dish_1565383128,9.286696434020996,0.3842945098876953,0.8126945495605469,
dish_1565383159,10.804679870605469,0.3964689373970032,0.6981881856918335,
dish_1565637162,9.813836097717285,0.3327534794807434,0.7589415907859802,
dish_1565637504,15.638215065002441,0.7692571878433228,0.5112656950950623,
dish_1565637548,14.159360885620117,0.6882783770561218,0.6011620759963989,
dish_1565637578,13.267047882080078,0.6482603549957275,0.6152859330177307,
dish_1565637608,14.922231674194336,0.6499570608139038,0.6012015342712402,
dish_1565638287,13.20593547821045,0.591633141040802,0.5519053936004639,
dish_1565638323,9.977278709411621,0.4560750126838684,0.6670665740966797,
dish_1565638365,9.941847801208496,0.454105406999588,0.6843053102493286,
dish_1565638478,12.347146987915039,0.6144351363182068,0.593652606010437,
dish_1565638515,8.28835678100586,0.4919952154159546,0.7094731330871582,
dish_1565638550,10.31887435913086,0.4971001446247101,0.6782385110855103,
dish_1565638599,11.095258712768555,0.47052377462387085,0.6886600852012634,
dish_1565640365,10.751287460327148,0.36941784620285034,0.7498622536659241,
dish_1565640427,12.161016464233398,0.5675616264343262,0.6253921985626221,
dish_1565640576,11.243114471435547,0.4588736295700073,0.6844847798347473,
dish_1565640601,11.177336692810059,0.4999394714832306,0.6589434146881104,
dish_1565640723,7.543832302093506,0.3523634374141693,0.7999289631843567,
dish_1565640772,10.341639518737793,0.4840148389339447,0.6208295226097107,
dish_1565640812,11.562131881713867,0.5023002028465271,0.6450167894363403,
dish_1565640842,10.546833038330078,0.4490576684474945,0.705361545085907,
dish_1565640914,9.552148818969727,0.4316408634185791,0.6853755712509155,
dish_1565641844,13.381572723388672,0.6769055128097534,0.6151050925254822,
dish_1565641885,11.162418365478516,0.5920942425727844,0.6097959280014038,
dish_1565641915,10.548454284667969,0.46019500494003296,0.7326421141624451,
dish_1565641943,12.842766761779785,0.514022707939148,0.6228123903274536,
dish_1565711083,11.185514450073242,0.5374774932861328,0.6949388980865479,
dish_1565711115,14.215584754943848,0.6396996378898621,0.628576934337616,
dish_1565711154,14.17798900604248,0.5766786336898804,0.5128167271614075,
dish_1565711183,11.170814514160156,0.44039979577064514,0.6445192098617554,
dish_1565711326,11.232757568359375,0.5303771495819092,0.7256988286972046,
dish_1565711358,11.670790672302246,0.5213997960090637,0.7651306986808777,
dish_1565711453,14.678628921508789,0.7214126586914062,0.6328741908073425,
dish_1565711498,11.764789581298828,0.5880191326141357,0.6889395713806152,
dish_1565711527,9.87463665008545,0.4689284861087799,0.7256428599357605,
dish_1565711570,9.882664680480957,0.45491647720336914,0.8413074016571045,
dish_1565721800,12.101958274841309,0.6591988801956177,0.5754205584526062,
dish_1565721828,15.358736038208008,0.6714568734169006,0.5464915037155151,
dish_1565721855,9.83387279510498,0.49062877893447876,0.7749836444854736,
dish_1565724050,13.319363594055176,0.5983662605285645,0.595694899559021,
dish_1565724087,11.969014167785645,0.5553922653198242,0.5942904353141785,
dish_1565724196,10.735980033874512,0.6287918090820312,0.6607202887535095,
dish_1565724235,11.577258110046387,0.616378664970398,0.6704738140106201,
dish_1565724269,12.022783279418945,0.5146400928497314,0.6928466558456421,
dish_1565724509,11.5806884765625,0.5882125496864319,0.7295562028884888,
dish_1565724588,6.506684303283691,0.4380437135696411,0.7849725484848022,
dish_1565724620,9.59212589263916,0.4430716335773468,0.7619127035140991,
dish_1565725156,9.76408576965332,0.5155571699142456,0.7639463543891907,
dish_1565725188,8.658512115478516,0.4835319519042969,0.7795858383178711,
dish_1565725244,9.783356666564941,0.48911619186401367,0.7696051597595215,
dish_1565726812,12.551136016845703,0.6224805116653442,0.615632176399231,
dish_1565726848,9.726329803466797,0.4561399519443512,0.6781567335128784,
dish_1565726887,11.12339973449707,0.45830971002578735,0.665894627571106,
dish_1565726915,11.115269660949707,0.4648847281932831,0.6734494566917419,
dish_1565726949,9.8404541015625,0.44075244665145874,0.742580771446228,
dish_1565727765,9.42880630493164,0.43411684036254883,0.705747127532959,
dish_1565727821,8.385583877563477,0.40907055139541626,0.7335699200630188,
dish_1565727851,8.542824745178223,0.42349472641944885,0.7264225482940674,
dish_1565727875,8.157500267028809,0.44133487343788147,0.734841525554657,
dish_1565727921,8.126232147216797,0.42804229259490967,0.7614138722419739,
dish_1565728388,14.122328758239746,0.7328211665153503,0.545048713684082,
dish_1565728415,13.520605087280273,0.709652841091156,0.5684256553649902,
dish_1565728453,12.904122352600098,0.7160772681236267,0.5650011301040649,
dish_1565728494,14.079736709594727,0.6588540077209473,0.6045576333999634,
dish_1565728562,12.859713554382324,0.6247568130493164,0.6358556747436523,
dish_1565728591,11.433674812316895,0.5168665647506714,0.7135308384895325,
dish_1565728634,9.863232612609863,0.4889894425868988,0.7434042096138,
dish_1565728684,11.7439603805542,0.5125331282615662,0.6345857977867126,
dish_1565797671,13.764688491821289,0.6590380072593689,0.647934079170227,
dish_1565797699,10.395522117614746,0.4725261628627777,0.7838025093078613,
dish_1565797723,11.078158378601074,0.5041446685791016,0.6974685192108154,
dish_1565798531,11.660338401794434,0.5556129217147827,0.6376371383666992,
dish_1565798591,10.993021965026855,0.520083487033844,0.6902748942375183,
dish_1565799507,11.046965599060059,0.5751697421073914,0.7481192350387573,
dish_1565799565,9.567350387573242,0.5264727473258972,0.784603476524353,
dish_1565799597,9.880780220031738,0.5034043788909912,0.8232758641242981,
dish_1565799663,11.985279083251953,0.5387232303619385,0.671600341796875,
dish_1565808975,9.638115882873535,0.5292171239852905,0.7040596008300781,
dish_1565809033,11.776742935180664,0.5689625144004822,0.7259114980697632,
dish_1565809080,9.19990348815918,0.4163863956928253,0.7940599322319031,
dish_1565809120,11.199776649475098,0.4747048616409302,0.7185527682304382,
dish_1565810146,10.966639518737793,0.5158231854438782,0.7408931255340576,
dish_1565810237,7.4484076499938965,0.4023502469062805,0.8325602412223816,
dish_1565810969,11.87993049621582,0.5364511013031006,0.7077611088752747,
dish_1565811000,8.571343421936035,0.4491584300994873,0.7021244168281555,
dish_1565811025,7.822509765625,0.38973766565322876,0.7714847326278687,
dish_1565811061,8.980493545532227,0.45227253437042236,0.7561784982681274,
dish_1565811091,18.96921730041504,0.7017976641654968,0.3122563660144806,
dish_1565811287,9.324787139892578,0.5115485191345215,0.7023617029190063,
dish_1565811335,8.620508193969727,0.49722495675086975,0.7355648279190063,
dish_1565811390,13.765634536743164,0.6215885281562805,0.5614434480667114,
dish_1565884692,18.432580947875977,0.8101133108139038,0.460419625043869,
dish_1565884766,12.84065055847168,0.6896725296974182,0.7422490119934082,
dish_1565884833,10.745844841003418,0.5052745342254639,0.7508274912834167,
dish_1565894858,13.910809516906738,0.7070037722587585,0.5721142888069153,
dish_1565894910,11.806889533996582,0.5640511512756348,0.6419205665588379,
dish_1565895808,8.464168548583984,0.4802629053592682,0.7498250007629395,
dish_1565895879,11.570590019226074,0.5249621272087097,0.6608403921127319,
dish_1565895966,9.297605514526367,0.46720191836357117,0.6249035596847534,
dish_1565896662,9.864473342895508,0.5524536967277527,0.6700602173805237,
dish_1565896701,9.308449745178223,0.5277130603790283,0.6666843295097351,
dish_1565896745,11.558464050292969,0.5027111172676086,0.6501370668411255,
dish_1565897569,10.51864242553711,0.5560660362243652,0.6827532649040222,
dish_1565897617,8.989745140075684,0.5346704721450806,0.725470781326294,
dish_1565897680,7.40242862701416,0.4364982843399048,0.7040814161300659,
dish_1565898128,15.87472915649414,0.7417317628860474,0.5277777910232544,
dish_1565898158,12.271299362182617,0.6379187703132629,0.6317098736763,
dish_1565898230,9.080398559570312,0.46543455123901367,0.7222006916999817,
dish_1565898331,11.144999504089355,0.5852914452552795,0.647727370262146,
dish_1565898361,9.68226432800293,0.4383203387260437,0.735325813293457,
dish_1565898544,11.760820388793945,0.5659516453742981,0.6525077223777771,
dish_1565898590,13.443733215332031,0.5746845006942749,0.6236612200737,
dish_1565898659,9.981266975402832,0.42154091596603394,0.7463839054107666,
dish_1565898723,12.259363174438477,0.4753861129283905,0.6530585289001465,
dish_1565898758,8.541041374206543,0.3870696723461151,0.8105379939079285,
dish_1565972429,11.78774642944336,0.539367139339447,0.7626692056655884,
dish_1565972591,11.85533332824707,0.6443834900856018,0.7331504225730896,
dish_1565972628,11.025562286376953,0.5711694955825806,0.7851790189743042,
dish_1565972674,9.046943664550781,0.43012338876724243,0.8629441261291504,
dish_1565972715,8.668206214904785,0.37419870495796204,0.7789778113365173,
dish_1565974409,8.427748680114746,0.47280362248420715,0.8006081581115723,
dish_1565981802,10.600835800170898,0.5419250130653381,0.7104889750480652,
dish_1565981848,11.29371452331543,0.5335320830345154,0.7161483764648438,
dish_1565981898,8.374780654907227,0.3980822265148163,0.7622359991073608,
dish_1565984299,13.196828842163086,0.6807634234428406,0.6431695818901062,
dish_1565986702,11.251537322998047,0.6217119693756104,0.7166393399238586,
dish_1565986733,9.865678787231445,0.5934463143348694,0.6638813018798828,
dish_1565986761,10.369994163513184,0.5254356265068054,0.766106128692627,
dish_1565987054,11.646960258483887,0.545161783695221,0.6832655072212219,
dish_1565987081,12.774073600769043,0.5654852390289307,0.5933138728141785,
dish_1565987116,7.418964862823486,0.4511830806732178,0.7782242298126221,
dish_1565987142,10.514693260192871,0.4780183434486389,0.6693214774131775,
dish_1565987269,11.08208179473877,0.6741997599601746,0.6526485681533813,
dish_1565987298,14.30111312866211,0.6965906620025635,0.6008813381195068,
dish_1566230222,12.791509628295898,0.7327764630317688,0.7362959980964661,
dish_1566230258,11.1949462890625,0.5954921841621399,0.8140804171562195,
dish_1566230300,9.785113334655762,0.5126526355743408,0.7295917272567749,
dish_1566230377,7.994847297668457,0.41077667474746704,0.8043245077133179,
dish_1566242164,8.902756690979004,0.5474543571472168,0.7067291736602783,
dish_1566242195,8.055832862854004,0.4864802658557892,0.8143858909606934,
dish_1566242234,9.820171356201172,0.48549872636795044,0.7827305793762207,
dish_1566242273,8.744799613952637,0.517583429813385,0.7566789388656616,
dish_1566242298,10.050433158874512,0.5769334435462952,0.7705212235450745,
dish_1566244815,10.842449188232422,0.6384516954421997,0.6084316372871399,
dish_1566244863,9.592918395996094,0.5820205807685852,0.6865137219429016,
dish_1566244904,10.334186553955078,0.5520609617233276,0.6839781403541565,
dish_1566244964,8.557929992675781,0.45183154940605164,0.7405457496643066,
dish_1566245365,14.649394989013672,0.7078913450241089,0.47021904587745667,
dish_1566245437,10.106367111206055,0.43890005350112915,0.6898345947265625,
dish_1566246415,8.156119346618652,0.4503938853740692,0.757383406162262,
dish_1566246478,12.703353881835938,0.5476396083831787,0.6331889629364014,
dish_1566246541,11.28885555267334,0.4929577708244324,0.6720666885375977,
dish_1566246573,8.16353988647461,0.3946288228034973,0.7636542916297913,
dish_1566246626,8.819601058959961,0.4230691194534302,0.7949516773223877,
dish_1566246902,15.857660293579102,0.7197836637496948,0.5991005897521973,
dish_1566246946,15.278886795043945,0.6752551794052124,0.6089075803756714,
dish_1566246972,9.8790922164917,0.5312238931655884,0.7758625745773315,
dish_1566247003,10.377415657043457,0.4892934560775757,0.7783003449440002,
dish_1566316496,13.001863479614258,0.5892434120178223,0.5971171855926514,
dish_1566316525,10.233957290649414,0.5033197402954102,0.7408156991004944,
dish_1566316558,9.727413177490234,0.44347086548805237,0.775155782699585,
dish_1566316612,9.723220825195312,0.42721909284591675,0.7148251533508301,
dish_1566316681,12.124639511108398,0.6037998795509338,0.7320186495780945,
dish_1566316757,8.85738468170166,0.5021082162857056,0.770724892616272,
dish_1566317801,12.87580680847168,0.6075648069381714,0.6691415309906006,
dish_1566328724,15.333475112915039,0.6946861743927002,0.5466727614402771,
dish_1566328745,13.243321418762207,0.60713130235672,0.6447077989578247,
dish_1566328776,12.382989883422852,0.5257554054260254,0.6794159412384033,
dish_1566328805,14.034576416015625,0.5866619348526001,0.634689450263977,
dish_1566328831,9.690293312072754,0.44694098830223083,0.8019530773162842,
dish_1566328894,13.042874336242676,0.6683518290519714,0.7248839735984802,
dish_1566328929,12.521780014038086,0.6406811475753784,0.6911413669586182,
dish_1566328961,11.26087760925293,0.5679672360420227,0.75673508644104,
dish_1566328988,8.768585205078125,0.4488529562950134,0.855448842048645,
dish_1566329021,10.195878982543945,0.45170217752456665,0.7579115629196167,
dish_1566329049,8.013263702392578,0.3877950608730316,0.7940092086791992,
dish_1566329234,11.30999755859375,0.5738276243209839,0.7259576320648193,
dish_1566330399,12.028021812438965,0.6345449686050415,0.656421959400177,
dish_1566330428,9.434677124023438,0.5892126560211182,0.7688181400299072,
dish_1566330466,9.311805725097656,0.4919714629650116,0.7440609335899353,
dish_1566331801,9.729242324829102,0.5867102146148682,0.7968331575393677,
dish_1566331828,9.94880199432373,0.5261204242706299,0.7779480218887329,
dish_1566331868,9.86281967163086,0.5125174522399902,0.7263201475143433,
dish_1566331914,7.244028091430664,0.3898124694824219,0.8126295804977417,
dish_1566332040,8.503363609313965,0.4251938462257385,0.7847211360931396,
dish_1566332085,9.172508239746094,0.4633001685142517,0.7106845378875732,
dish_1566332116,8.959931373596191,0.48796480894088745,0.7255101203918457,
dish_1566332154,7.587109565734863,0.41321638226509094,0.7963491678237915,
dish_1566332193,8.109020233154297,0.471043199300766,0.7708967924118042,
dish_1566332268,9.942575454711914,0.4677433371543884,0.7358648180961609,
dish_1566333118,11.289238929748535,0.6318925023078918,0.668812096118927,
dish_1566333167,11.059659004211426,0.577477753162384,0.64530348777771,
dish_1566333194,10.045235633850098,0.5661411881446838,0.7033880352973938,
dish_1566333228,13.04062557220459,0.5471338629722595,0.6548916101455688,
dish_1566333255,10.394506454467773,0.490666925907135,0.7825314998626709,
dish_1566333291,9.550132751464844,0.4458228051662445,0.7751210927963257,
dish_1566333324,9.716642379760742,0.4012320041656494,0.8101438879966736,
dish_1566413321,9.084770202636719,0.4186542332172394,0.7672173976898193,
dish_1566413356,13.332907676696777,0.5385043621063232,0.6170706748962402,
dish_1566413388,13.492793083190918,0.5561530590057373,0.592963457107544,
dish_1566413445,10.56310749053955,0.4579542875289917,0.6969403624534607,
dish_1566413469,12.102301597595215,0.5060228705406189,0.6361010074615479,
dish_1566413510,9.324358940124512,0.37936484813690186,0.7826095819473267,
dish_1566414291,15.641051292419434,0.6366469860076904,0.5325503945350647,
dish_1566414342,11.986258506774902,0.47358518838882446,0.6730393171310425,
dish_1566414412,8.548175811767578,0.3214404284954071,0.7753692269325256,
dish_1566414611,11.525988578796387,0.5272017121315002,0.7088176608085632,
dish_1566414642,13.567317962646484,0.6031124591827393,0.5908874273300171,
dish_1566414686,13.973403930664062,0.5575859546661377,0.5358821749687195,
dish_1566414723,9.196893692016602,0.4223480224609375,0.7549054622650146,
dish_1566414754,11.450142860412598,0.42132431268692017,0.6923367977142334,
dish_1566414780,12.132613182067871,0.4819411337375641,0.6322519183158875,
dish_1566414862,13.89333724975586,0.7163388133049011,0.5611299872398376,
dish_1566414891,14.663185119628906,0.6308955550193787,0.5041190385818481,
dish_1566414924,9.867025375366211,0.4118793308734894,0.6880847215652466,
dish_1566415520,10.774066925048828,0.490266352891922,0.6416510939598083,
dish_1566415558,9.297256469726562,0.34834024310112,0.7190586924552917,
dish_1566415591,9.510757446289062,0.362446665763855,0.7721670866012573,
dish_1566416299,10.50195026397705,0.5325572490692139,0.6396856904029846,
dish_1566416339,15.99737548828125,0.6104250550270081,0.484596312046051,
dish_1566416388,10.4452486038208,0.4509068727493286,0.7384977340698242,
dish_1566416421,12.394948959350586,0.49543893337249756,0.6734911203384399,
dish_1566416455,13.236737251281738,0.5115239024162292,0.5966980457305908,
dish_1566417442,10.006914138793945,0.44240254163742065,0.6771879196166992,
dish_1566417475,8.30698013305664,0.32144051790237427,0.7983800172805786,
dish_1566417516,9.429883003234863,0.38204866647720337,0.773483157157898,
dish_1566419510,13.495501518249512,0.6880193948745728,0.5902974605560303,
dish_1566419546,12.584362030029297,0.6179646253585815,0.6196621656417847,
dish_1566419577,10.826583862304688,0.5235229730606079,0.7082550525665283,
dish_1566419635,15.421671867370605,0.5607010126113892,0.5039443969726562,
dish_1566499633,13.10883903503418,0.5409262180328369,0.5645416975021362,
dish_1566499686,11.834271430969238,0.4483838975429535,0.6674364805221558,
dish_1566500963,7.4481425285339355,0.4119212031364441,0.7464263439178467,
dish_1566500988,12.424476623535156,0.44664549827575684,0.6813480854034424,
dish_1566501041,12.914752960205078,0.4885500371456146,0.5963649749755859,
dish_1566501067,12.092996597290039,0.5245535373687744,0.6438493728637695,
dish_1566501126,8.712566375732422,0.40959450602531433,0.7343838810920715,
dish_1566501153,10.820524215698242,0.44648224115371704,0.7346799969673157,
dish_1566501258,13.130781173706055,0.5692769885063171,0.6312265396118164,
dish_1566501382,10.008761405944824,0.4706038236618042,0.7679756879806519,
dish_1566501447,10.223475456237793,0.4885777533054352,0.713361382484436,
dish_1566501473,11.508308410644531,0.4823320806026459,0.698782742023468,
dish_1566501575,11.256881713867188,0.5979595184326172,0.6040288209915161,
dish_1566501594,8.430739402770996,0.46331650018692017,0.766601026058197,
dish_1566502000,10.728443145751953,0.49456050992012024,0.6401652693748474,
dish_1566502033,15.063095092773438,0.5945242643356323,0.5308369398117065,
dish_1566502061,13.634571075439453,0.5057803392410278,0.6357944011688232,
dish_1566502211,10.013731956481934,0.5133869647979736,0.6505591869354248,
dish_1566502271,9.399534225463867,0.4486786127090454,0.7628868818283081,
dish_1566502315,9.782074928283691,0.3622913956642151,0.765609622001648,
dish_1566502437,10.857565879821777,0.4881094992160797,0.7258614301681519,
dish_1566502505,8.595935821533203,0.3813170790672302,0.7717247009277344,
dish_1566502537,9.982889175415039,0.399164080619812,0.7545280456542969,
dish_1566502573,10.49708080291748,0.36502036452293396,0.8966574668884277,
dish_1566587143,11.998123168945312,0.5520846843719482,0.6650834083557129,
dish_1566587689,11.285866737365723,0.4312025308609009,0.7543319463729858,
dish_1566587714,12.135465621948242,0.42966964840888977,0.7469083070755005,
dish_1566587958,12.834711074829102,0.6181201338768005,0.645092248916626,
dish_1566588016,13.304019927978516,0.4774549901485443,0.6630102396011353,
dish_1566588066,10.564373970031738,0.49865102767944336,0.7111033797264099,
dish_1566589933,11.919197082519531,0.6296476125717163,0.6636642813682556,
dish_1566589967,10.8268404006958,0.43416115641593933,0.7059689164161682,
dish_1566590007,11.779573440551758,0.4794558882713318,0.7114955186843872,
dish_1566590056,9.58023738861084,0.39336323738098145,0.7879778146743774,
dish_1566590566,13.916462898254395,0.6355076432228088,0.6052902936935425,
dish_1566590946,10.161617279052734,0.5154929757118225,0.7462079524993896,
dish_1566590987,8.829044342041016,0.44974857568740845,0.7955889105796814,
dish_1566591022,9.790578842163086,0.4693201780319214,0.7682942152023315,
dish_1566591048,9.626829147338867,0.46645963191986084,0.7542811036109924,
dish_1566591080,9.340816497802734,0.4762195646762848,0.7554595470428467,
dish_1566592456,11.818399429321289,0.5809611678123474,0.6837539076805115,
dish_1566835603,14.061619758605957,0.6735998392105103,0.7072345614433289,
dish_1566835641,12.984869956970215,0.5878486633300781,0.7810651063919067,
dish_1566835701,9.67545223236084,0.44934412837028503,0.8221297264099121,
dish_1566838378,8.76453685760498,0.4764846861362457,0.7998590469360352,
dish_1566838407,12.84642505645752,0.5909007787704468,0.5862036347389221,
dish_1566844766,10.04127025604248,0.47134870290756226,0.7778768539428711,
dish_1566844803,9.957523345947266,0.45093101263046265,0.716636061668396,
dish_1566844850,8.158411026000977,0.3870755732059479,0.8140184283256531,
dish_1566846997,11.44884204864502,0.6225292086601257,0.7144443988800049,
dish_1566847043,9.349414825439453,0.4699847996234894,0.7591934204101562,
dish_1566847454,10.372852325439453,0.5812353491783142,0.6803840398788452,
dish_1566847483,11.049943923950195,0.5409646034240723,0.6486212015151978,
dish_1566849208,11.125676155090332,0.5477097034454346,0.6373386383056641,
dish_1566849233,8.823704719543457,0.43752652406692505,0.7483559846878052,
dish_1566849269,10.014602661132812,0.4802775979042053,0.7582141160964966,
dish_1566849295,7.205881118774414,0.44818544387817383,0.7657403945922852,
dish_1566849923,7.709869861602783,0.43645861744880676,0.8319454193115234,
dish_1566849955,8.26120662689209,0.44416627287864685,0.8148995637893677,
dish_1566849987,12.63892650604248,0.5845677256584167,0.6781672239303589,
dish_1566850031,10.958354949951172,0.5183117985725403,0.7813543081283569,
dish_1566850099,11.614856719970703,0.5777599215507507,0.6363837718963623,
dish_1566850142,8.343548774719238,0.4614231586456299,0.759334921836853,
dish_1566851115,10.083641052246094,0.565457284450531,0.6894783973693848,
dish_1566851155,10.913015365600586,0.5294106006622314,0.6883048415184021,
dish_1566851198,11.40503215789795,0.4804530441761017,0.6941513419151306,
dish_1566851222,9.149677276611328,0.40480729937553406,0.7451328039169312,
dish_1566851549,13.602642059326172,0.7329279184341431,0.5322055816650391,
dish_1566851584,13.135923385620117,0.6341807246208191,0.5989165902137756,
dish_1566851616,10.487385749816895,0.5529359579086304,0.7141667604446411,
dish_1566851677,14.295866012573242,0.5709645748138428,0.6226056814193726,
dish_1566851704,10.00813102722168,0.44303008913993835,0.7278209328651428,
dish_1566920304,14.280138969421387,0.7197620868682861,0.572346568107605,
dish_1566920365,11.286816596984863,0.47668203711509705,0.7545895576477051,
dish_1566922978,15.801492691040039,0.7088038325309753,0.58596271276474,
dish_1566923004,17.17116355895996,0.745610237121582,0.5051276683807373,
dish_1566923030,14.883776664733887,0.6354289054870605,0.5904065370559692,
dish_1566931116,15.038383483886719,0.7201657295227051,0.5624687671661377,
dish_1566931140,12.169780731201172,0.6227975487709045,0.6946069598197937,
dish_1566931179,11.945047378540039,0.5462177991867065,0.656134843826294,
dish_1566931217,13.332598686218262,0.5644427537918091,0.5574313998222351,
dish_1566931482,9.774116516113281,0.4697541296482086,0.6541522741317749,
dish_1566931519,11.547674179077148,0.5564815998077393,0.6388952732086182,
dish_1566931548,7.643503665924072,0.45804664492607117,0.7423105239868164,
dish_1566931586,10.211444854736328,0.48501068353652954,0.732467532157898,
dish_1566931620,9.719282150268555,0.4522973299026489,0.7361987233161926,
dish_1566931650,13.51213264465332,0.6119909286499023,0.5799015760421753,
dish_1566931674,8.993851661682129,0.47597265243530273,0.7082301378250122,
dish_1566933180,12.70386028289795,0.669823408126831,0.6522446870803833,
dish_1566933226,10.914726257324219,0.5719597339630127,0.7542340755462646,
dish_1566933401,13.367145538330078,0.6767541170120239,0.6182262897491455,
dish_1566933454,8.311321258544922,0.43465206027030945,0.7405210137367249,
dish_1566933498,10.827615737915039,0.4984562397003174,0.6965084075927734,
dish_1566934057,11.844261169433594,0.6068202257156372,0.6709141731262207,
dish_1566934085,11.615582466125488,0.6003422737121582,0.6765235662460327,
dish_1566934120,10.071868896484375,0.4926879405975342,0.7479013800621033,
dish_1566934152,10.258398056030273,0.4941035509109497,0.752739667892456,
dish_1566934366,12.474040031433105,0.7025116682052612,0.616007924079895,
dish_1566934401,13.987730026245117,0.6632630825042725,0.5474003553390503,
dish_1566934430,10.695806503295898,0.5325509309768677,0.7261214256286621,
dish_1566934455,11.124792098999023,0.5436409115791321,0.7010979652404785,
dish_1566934487,11.852899551391602,0.5616499781608582,0.6544846296310425,
dish_1566936266,13.922529220581055,0.7194094657897949,0.5837651491165161,
dish_1566936297,11.622843742370605,0.6396006345748901,0.659806489944458,
dish_1566936323,11.248165130615234,0.5708346366882324,0.7339089512825012,
dish_1566936352,11.858335494995117,0.5615039467811584,0.7101327776908875,
dish_1566937992,14.109122276306152,0.7082637548446655,0.597374439239502,
dish_1566938026,12.03227424621582,0.6123334765434265,0.6974375247955322,
dish_1566938059,12.022340774536133,0.5635700821876526,0.6187645196914673,
dish_1566938088,11.49956226348877,0.5213449001312256,0.7488361597061157,
dish_1567007814,13.19822883605957,0.6374736428260803,0.5587993860244751,
dish_1567019993,15.773686408996582,0.6515194773674011,0.5017731189727783,
dish_1567020054,11.448115348815918,0.5643454790115356,0.6672850251197815,
dish_1567020091,12.79095458984375,0.5251615643501282,0.5657529830932617,
dish_1567020340,9.794867515563965,0.5828118324279785,0.6283665895462036,
dish_1567020366,11.173681259155273,0.5140567421913147,0.6611191034317017,
dish_1567020417,13.54075813293457,0.533372163772583,0.5206835269927979,
dish_1567021831,9.81524658203125,0.5236412882804871,0.6523895263671875,
dish_1567022180,9.921948432922363,0.4624687433242798,0.7580854892730713,
dish_1567022212,9.793767929077148,0.5497279167175293,0.7195303440093994,
dish_1567022296,9.231093406677246,0.5209396481513977,0.7979534864425659,
dish_1567022383,9.364808082580566,0.4840356111526489,0.7724690437316895,
dish_1567023132,13.236617088317871,0.6671282649040222,0.6161074042320251,
dish_1567023262,14.216187477111816,0.6517996788024902,0.5548568964004517,
dish_1567024112,13.733344078063965,0.7249627709388733,0.5460415482521057,
dish_1567024187,11.253652572631836,0.5865052938461304,0.6337087750434875,
dish_1567024224,11.971277236938477,0.5763347148895264,0.6743166446685791,
dish_1567106646,10.088043212890625,0.5578832030296326,0.7412607669830322,
dish_1567106794,12.669655799865723,0.5411041975021362,0.6537320017814636,
dish_1567106825,8.582615852355957,0.46839937567710876,0.7847387790679932,
dish_1567106870,9.62972354888916,0.457628071308136,0.8007910251617432,
dish_1567107049,13.040082931518555,0.5647656917572021,0.6556684970855713,
dish_1567110756,13.430809020996094,0.7066433429718018,0.5239418148994446,
dish_1567110811,9.760963439941406,0.5123792886734009,0.6899825930595398,
dish_1567525681,6.737163543701172,0.35224777460098267,0.8529057502746582,
dish_1567525712,9.024422645568848,0.4064139723777771,0.8054306507110596,
dish_1567526738,18.185222625732422,0.7257972955703735,0.46901699900627136,
dish_1567537280,11.622724533081055,0.49550533294677734,0.6699120998382568,
dish_1567537352,13.030294418334961,0.6355754733085632,0.50161212682724,
dish_1567537422,8.655027389526367,0.4730120599269867,0.6876909136772156,
dish_1567537457,10.253116607666016,0.42013993859291077,0.696092963218689,
dish_1567542876,16.545745849609375,0.6483311057090759,0.42646872997283936,
dish_1567542953,11.254825592041016,0.49548086524009705,0.7111896276473999,
dish_1567542986,9.609535217285156,0.4119728207588196,0.7801074981689453,
dish_1567612954,14.706089973449707,0.6562899351119995,0.6697952747344971,
dish_1567613019,14.671197891235352,0.622536301612854,0.6554729342460632,
dish_1567625294,15.181328773498535,0.7676721811294556,0.5039322972297668,
dish_1567625392,7.778702735900879,0.4469654858112335,0.7316195964813232,
dish_1567625434,9.210461616516113,0.44405949115753174,0.7293973565101624,
dish_1567628157,9.924212455749512,0.43791264295578003,0.6969430446624756,
dish_1567628193,13.144828796386719,0.49032288789749146,0.609209418296814,
dish_1567629081,14.021129608154297,0.7262204885482788,0.5620365142822266,
dish_1567629106,12.36925983428955,0.5874714851379395,0.675424337387085,
dish_1567711402,10.370317459106445,0.4540253281593323,0.6902369260787964,
dish_1567714780,11.373991966247559,0.5165632963180542,0.6383079290390015,
dish_1567714813,9.92578125,0.4679359495639801,0.764948844909668,
dish_1567714839,11.876728057861328,0.5438713431358337,0.6582208275794983,
dish_1567714875,9.562067031860352,0.4216272830963135,0.7439692616462708,
dish_1567714934,13.374346733093262,0.5347322225570679,0.5499334931373596,
dish_1567789154,11.300527572631836,0.6218984723091125,0.6000905632972717,
dish_1567789190,13.895431518554688,0.5858280062675476,0.6200493574142456,
dish_1567789230,15.952570915222168,0.6312042474746704,0.49346214532852173,
dish_1567789256,10.489705085754395,0.4940764307975769,0.6651535630226135,
dish_1567801791,17.732954025268555,0.7102277278900146,0.43690234422683716,
dish_1567801830,11.022055625915527,0.5420775413513184,0.7460720539093018,
dish_1568044496,10.989785194396973,0.5088693499565125,0.7499966621398926,
dish_1568044528,10.2402982711792,0.49218475818634033,0.7264281511306763,
dish_1568044634,13.002744674682617,0.5371342301368713,0.6709210276603699,
dish_1568047932,8.568849563598633,0.5242146849632263,0.6805114150047302,
dish_1568047973,15.152058601379395,0.6228080987930298,0.5927730798721313,
dish_1568048018,10.907402992248535,0.4617408514022827,0.6497898101806641,
dish_1568056019,12.243992805480957,0.6101827025413513,0.7208211421966553,
dish_1568060501,14.080297470092773,0.5650590658187866,0.5912826061248779,
dish_1568060542,9.315864562988281,0.402665376663208,0.7282271385192871,
dish_1568060646,8.865840911865234,0.47268348932266235,0.7539126873016357,
dish_1568060697,12.96806526184082,0.5766534209251404,0.5938950777053833,
dish_1568061174,14.793000221252441,0.6595589518547058,0.5112983584403992,
dish_1568061202,13.264845848083496,0.609641432762146,0.6323292255401611,
dish_1568061234,12.599458694458008,0.5596621632575989,0.6956043243408203,
dish_1568061272,10.099081993103027,0.5018684267997742,0.688280463218689,
dish_1568061320,10.93431282043457,0.4670124053955078,0.7245784997940063,
dish_1568132521,16.284894943237305,0.7186386585235596,0.44656863808631897,
dish_1568132561,10.029097557067871,0.4916209280490875,0.6371991038322449,
dish_1568132601,11.076229095458984,0.5114626288414001,0.7054668664932251,
dish_1568141871,14.873516082763672,0.7045363783836365,0.5862361192703247,
dish_1568141915,12.520442962646484,0.5664660334587097,0.7089437246322632,
dish_1568141951,12.995138168334961,0.5563986897468567,0.5437911748886108,
dish_1568143252,10.85096549987793,0.5189788937568665,0.6588693261146545,
dish_1568143572,12.017890930175781,0.5019466280937195,0.670147716999054,
dish_1568144688,10.701443672180176,0.3898477554321289,0.6810570955276489,
dish_1568144855,12.397332191467285,0.6269129514694214,0.6931132674217224,
dish_1568144954,9.336292266845703,0.43875259160995483,0.8028948307037354,
dish_1568145027,12.070748329162598,0.6611894369125366,0.6499974727630615,
dish_1568145136,13.443979263305664,0.6221157312393188,0.5731055736541748,
dish_1568145177,11.18934154510498,0.5104915499687195,0.6484697461128235,
dish_1568147009,9.07351016998291,0.44693440198898315,0.7760077714920044,
dish_1568147044,9.323326110839844,0.4578399062156677,0.738384485244751,
dish_1568217267,9.68950080871582,0.5475224256515503,0.7439436912536621,
dish_1568217372,10.494789123535156,0.49408578872680664,0.7553790211677551,
dish_1568217417,9.996212005615234,0.4709131419658661,0.7698116302490234,
dish_1568229399,10.782285690307617,0.5486645698547363,0.6724849939346313,
dish_1568229442,9.692352294921875,0.43070390820503235,0.755919337272644,
dish_1568233444,7.606750011444092,0.43921220302581787,0.7193838357925415,
dish_1568233478,8.512224197387695,0.3854714632034302,0.7740342020988464,
dish_1568233509,9.000260353088379,0.40056660771369934,0.7699613571166992,
dish_1568305198,12.711737632751465,0.5843774676322937,0.6398496031761169,
dish_1568305257,9.576210021972656,0.38715797662734985,0.780540406703949,
dish_1568313527,10.74370002746582,0.4368910789489746,0.7261524200439453,
dish_1568314823,15.181614875793457,0.7684987187385559,0.5489206910133362,
dish_1568314907,13.812468528747559,0.6378173232078552,0.6204897165298462,
dish_1568314951,13.835199356079102,0.6712152361869812,0.5590932965278625,
dish_1568315040,13.626524925231934,0.6109742522239685,0.5921453833580017,
dish_1568315988,14.114548683166504,0.7086567878723145,0.5977210402488708,
dish_1568316041,12.625033378601074,0.5105687379837036,0.6068398952484131,
dish_1568318480,11.000852584838867,0.4958269000053406,0.6708815097808838,
dish_1568319725,9.297332763671875,0.5008255243301392,0.6880944967269897,
dish_1568319838,11.94923210144043,0.5205777287483215,0.6318955421447754,
dish_1568320296,11.354090690612793,0.540848433971405,0.7357284426689148,
dish_1568320338,12.060636520385742,0.6448172926902771,0.5894412994384766,
dish_1568320383,13.947341918945312,0.5935298204421997,0.5735702514648438,
dish_1568320427,10.635725975036621,0.40807390213012695,0.7315247058868408,
dish_1568320470,10.227100372314453,0.4635675549507141,0.6687508821487427,
dish_1568400935,9.294207572937012,0.43225613236427307,0.7463033199310303,
dish_1568400967,7.104431629180908,0.40993934869766235,0.817793607711792,
dish_1568401018,6.732044219970703,0.4490611255168915,0.8126357793807983,
dish_1568401064,8.574993133544922,0.46104922890663147,0.7953357696533203,
dish_1568401090,7.267407417297363,0.4503660202026367,0.8460983037948608,
dish_1568401167,13.144048690795898,0.6252861022949219,0.6643332242965698,
dish_1568401199,10.052610397338867,0.592716634273529,0.6893632411956787,
dish_1568401261,10.909442901611328,0.5023978352546692,0.6491490602493286,
dish_1568401302,9.389249801635742,0.4171009957790375,0.758944034576416,
dish_1568405183,9.713716506958008,0.5866642594337463,0.678840696811676,
dish_1568405214,8.532720565795898,0.46065467596054077,0.7414227724075317,
dish_1568405273,12.391629219055176,0.5141662359237671,0.597689151763916,
dish_1568405306,9.965118408203125,0.4057955741882324,0.6956055164337158,
dish_1568405430,9.823394775390625,0.5260177850723267,0.7409127950668335,
dish_1568405499,13.182498931884766,0.5599660873413086,0.623957633972168,
dish_1568660810,15.409162521362305,0.7140867114067078,0.5652129650115967,
dish_1568664972,14.912312507629395,0.6188636422157288,0.4433353543281555,
dish_1568665052,11.075722694396973,0.5048162937164307,0.6823282241821289,
dish_1568665935,16.18404769897461,0.6947121620178223,0.5346318483352661,
dish_1568665970,11.536635398864746,0.49734994769096375,0.7187620997428894,
dish_1568666184,11.427706718444824,0.4491623342037201,0.6756229400634766,
dish_1568666230,11.106952667236328,0.46786195039749146,0.7184423804283142,
dish_1568666303,8.401049613952637,0.43260079622268677,0.7719752192497253,
dish_1568666357,9.17650318145752,0.4369249939918518,0.754922091960907,
dish_1571931678,12.20194149017334,0.32557764649391174,0.801789402961731,
dish_1571944487,9.895574569702148,0.43623074889183044,0.7140421867370605,
dish_1571944507,11.517329216003418,0.4678333103656769,0.6546050906181335,
dish_1571944648,8.93472957611084,0.43558046221733093,0.6702560186386108,
dish_1572029300,10.451226234436035,0.4079097509384155,0.756327748298645,
dish_1572031254,10.959293365478516,0.3621540665626526,0.7976926565170288,
dish_1572035359,11.210695266723633,0.3532816469669342,0.7834930419921875,
dish_1572376778,11.692575454711914,0.42648452520370483,0.7324274182319641,
dish_1572376802,11.178023338317871,0.3934899866580963,0.7665278911590576,
dish_1572464354,9.864081382751465,0.37897321581840515,0.7808976769447327,
dish_1572464738,11.839120864868164,0.39296507835388184,0.7928823828697205,
dish_1572625898,11.943574905395508,0.3983946144580841,0.7444114685058594,
dish_1572984755,12.731891632080078,0.43465477228164673,0.706627607345581,
dish_1572988741,11.969566345214844,0.43412110209465027,0.699164867401123,
dish_1572988785,10.630959510803223,0.3205904960632324,0.7801482081413269,
dish_1573072410,9.056979179382324,0.3561426103115082,0.7745468020439148,
dish_1573159511,9.7005033493042,0.28825831413269043,0.8177748918533325,
dish_1573234760,13.025227546691895,0.4761836528778076,0.6593173742294312,
dish_1573491352,13.38883113861084,0.4364210367202759,0.7101186513900757,
dish_1573579470,11.727641105651855,0.357739120721817,0.7523468732833862,
dish_1573579635,10.186073303222656,0.409158855676651,0.7517588138580322,
dish_1573665025,9.929719924926758,0.38738322257995605,0.7483129501342773,
dish_1573679123,9.72494125366211,0.3297770023345947,0.7552058696746826,
dish_1574193218,10.601492881774902,0.35732245445251465,0.7863314747810364,
dish_1574197731,11.612800598144531,0.37512683868408203,0.7521494626998901,
dish_1574280343,11.632060050964355,0.4115044176578522,0.7161412835121155,
dish_1574280383,12.029172897338867,0.3666687607765198,0.7505281567573547,
dish_1574359160,13.493127822875977,0.43499505519866943,0.6846420168876648,
dish_1574455517,11.898971557617188,0.35707777738571167,0.7455347180366516,
dish_1574711517,12.599713325500488,0.3158600330352783,0.737384557723999,
dish_1575997268,10.821396827697754,0.31874948740005493,0.7637525200843811,
dish_1575999037,14.868654251098633,0.4598793685436249,0.6762895584106445,
